CREATEDAT,LOADER_CASE,DEVICE_INFO,APP_VERSION,DURATION_RANGE,RECORD_COUNT
2026-04-22,ISSUED_DOCUMENT_DETAILS,ANDROID,6.6.2,10000+ ms,7793
2026-04-22,ISSUED_DOCUMENT_DETAILS,ANDROID,6.5.1,10000+ ms,181
2026-04-22,ISSUED_DOCUMENT_DETAILS,ANDROID,6.6.0,10000+ ms,3330
2026-04-22,ISSUED_DOCUMENT_EVIDENCE,ANDROID,6.6.2,10000+ ms,7474
2026-04-22,ISSUED_DOCUMENT_EVIDENCE,ANDROID,6.6.0,10000+ ms,3467
2026-04-22,ISSUED_DOCUMENT_EVIDENCE,ANDROID,6.6.1,10000+ ms,375
2026-04-22,ISSUED_DOCUMENT_DETAILS,ANDROID,6.6.1,10000+ ms,371
2026-04-22,DOCUMENTS_LIST,ANDROID,6.5.1,10000+ ms,85
2026-04-22,DOCUMENTS_LIST,ANDROID,6.6.1,10000+ ms,237
2026-04-22,ISSUED_DOCUMENT_EVIDENCE,ANDROID,6.5.1,10000+ ms,163
2026-04-22,DOCUMENTS_LIST,ANDROID,6.5.0,10000+ ms,31
2026-04-22,DOCUMENTS_LIST,ANDROID,6.6.0,10000+ ms,1912
2026-04-22,DOCUMENTS_LIST,ANDROID,6.6.2,10000+ ms,3822
2026-04-22,ISSUED_DOCUMENT_EVIDENCE,ANDROID,6.5.0,10000+ ms,75
2026-04-22,ISSUED_DOCUMENT_DETAILS,ANDROID,6.5.0,10000+ ms,59
2026-04-22,DOCUMENTS_LIST,ANDROID,6.6.0,1001-5000 ms,34104
2026-04-22,DOCUMENTS_LIST,ANDROID,6.6.2,1001-5000 ms,79074
2026-04-22,ISSUED_DOCUMENT_DETAILS,ANDROID,6.5.0,1001-5000 ms,99
2026-04-22,DOCUMENTS_LIST,ANDROID,6.5.1,1001-5000 ms,1328
2026-04-22,DOCUMENTS_LIST,ANDROID,6.6.1,1001-5000 ms,3791
2026-04-22,ISSUED_DOCUMENT_DETAILS,ANDROID,6.5.1,1001-5000 ms,185
2026-04-22,ISSUED_DOCUMENT_EVIDENCE,ANDROID,6.6.2,1001-5000 ms,7989
2026-04-22,ISSUED_DOCUMENT_EVIDENCE,ANDROID,6.6.0,1001-5000 ms,3312
2026-04-22,ISSUED_DOCUMENT_DETAILS,ANDROID,6.6.0,1001-5000 ms,4377
2026-04-22,ISSUED_DOCUMENT_DETAILS,ANDROID,6.6.1,1001-5000 ms,459
2026-04-22,ISSUED_DOCUMENT_EVIDENCE,ANDROID,6.5.1,1001-5000 ms,141
2026-04-22,DOCUMENTS_LIST,ANDROID,6.5.0,1001-5000 ms,580
2026-04-22,ISSUED_DOCUMENT_EVIDENCE,ANDROID,6.6.1,1001-5000 ms,405
2026-04-22,ISSUED_DOCUMENT_DETAILS,ANDROID,6.6.2,1001-5000 ms,9101
2026-04-22,ISSUED_DOCUMENT_EVIDENCE,ANDROID,6.5.0,1001-5000 ms,63
2026-04-22,DOCUMENTS_LIST,ANDROID,6.6.1,101-500 ms,1
2026-04-22,ISSUED_DOCUMENT_EVIDENCE,ANDROID,6.6.1,101-500 ms,6
2026-04-22,ISSUED_DOCUMENT_EVIDENCE,ANDROID,6.6.2,101-500 ms,46
2026-04-22,ISSUED_DOCUMENT_DETAILS,ANDROID,6.5.0,101-500 ms,10
2026-04-22,ISSUED_DOCUMENT_DETAILS,ANDROID,6.6.2,101-500 ms,1008
2026-04-22,ISSUED_DOCUMENT_DETAILS,ANDROID,6.6.0,101-500 ms,411
2026-04-22,ISSUED_DOCUMENT_DETAILS,ANDROID,6.6.1,101-500 ms,51
2026-04-22,DOCUMENTS_LIST,ANDROID,6.6.2,101-500 ms,18
2026-04-22,ISSUED_DOCUMENT_EVIDENCE,ANDROID,6.6.0,101-500 ms,18
2026-04-22,ISSUED_DOCUMENT_DETAILS,ANDROID,6.5.1,101-500 ms,12
2026-04-22,DOCUMENTS_LIST,ANDROID,6.6.0,101-500 ms,4
2026-04-22,ISSUED_DOCUMENT_EVIDENCE,ANDROID,6.6.0,5001-10000 ms,1923
2026-04-22,ISSUED_DOCUMENT_DETAILS,ANDROID,6.5.0,5001-10000 ms,9
2026-04-22,ISSUED_DOCUMENT_EVIDENCE,ANDROID,6.5.0,5001-10000 ms,41
2026-04-22,DOCUMENTS_LIST,ANDROID,6.6.2,5001-10000 ms,5600
2026-04-22,DOCUMENTS_LIST,ANDROID,6.6.1,5001-10000 ms,288
2026-04-22,DOCUMENTS_LIST,ANDROID,6.6.0,5001-10000 ms,3171
2026-04-22,ISSUED_DOCUMENT_EVIDENCE,ANDROID,6.5.1,5001-10000 ms,81
2026-04-22,ISSUED_DOCUMENT_DETAILS,ANDROID,6.6.1,5001-10000 ms,65
2026-04-22,ISSUED_DOCUMENT_EVIDENCE,ANDROID,6.6.1,5001-10000 ms,207
2026-04-22,ISSUED_DOCUMENT_DETAILS,ANDROID,6.6.2,5001-10000 ms,1067
2026-04-22,ISSUED_DOCUMENT_DETAILS,ANDROID,6.5.1,5001-10000 ms,23
2026-04-22,ISSUED_DOCUMENT_DETAILS,ANDROID,6.6.0,5001-10000 ms,443
2026-04-22,ISSUED_DOCUMENT_EVIDENCE,ANDROID,6.6.2,5001-10000 ms,4083
2026-04-22,DOCUMENTS_LIST,ANDROID,6.5.0,5001-10000 ms,55
2026-04-22,DOCUMENTS_LIST,ANDROID,6.5.1,5001-10000 ms,148
2026-04-22,ISSUED_DOCUMENT_EVIDENCE,ANDROID,6.6.0,501-1000 ms,158
2026-04-22,ISSUED_DOCUMENT_DETAILS,ANDROID,6.5.0,501-1000 ms,53
2026-04-22,ISSUED_DOCUMENT_DETAILS,ANDROID,6.5.1,501-1000 ms,134
2026-04-22,ISSUED_DOCUMENT_EVIDENCE,ANDROID,6.6.1,501-1000 ms,21
2026-04-22,ISSUED_DOCUMENT_EVIDENCE,ANDROID,6.5.1,501-1000 ms,9
2026-04-22,DOCUMENTS_LIST,ANDROID,6.6.2,501-1000 ms,2
2026-04-22,ISSUED_DOCUMENT_DETAILS,ANDROID,6.6.2,501-1000 ms,7162
2026-04-22,ISSUED_DOCUMENT_DETAILS,ANDROID,6.6.1,501-1000 ms,348
2026-04-22,ISSUED_DOCUMENT_EVIDENCE,ANDROID,6.5.0,501-1000 ms,5
2026-04-22,ISSUED_DOCUMENT_DETAILS,ANDROID,6.6.0,501-1000 ms,3024
2026-04-22,ISSUED_DOCUMENT_EVIDENCE,ANDROID,6.6.2,501-1000 ms,461
2026-04-22,ISSUED_DOCUMENT_DETAILS,ANDROID,6.6.2,51-100 ms,1
2026-04-22,ISSUED_DOCUMENT_DETAILS,ANDROID,6.6.0,51-100 ms,2
2026-04-22,DOCUMENTS_LIST,ANDROID,6.6.1,< 0 ms,3
2026-04-22,ISSUED_DOCUMENT_EVIDENCE,ANDROID,6.6.0,< 0 ms,4
2026-04-22,ISSUED_DOCUMENT_DETAILS,ANDROID,6.6.2,< 0 ms,2
2026-04-22,DOCUMENTS_LIST,ANDROID,6.5.0,< 0 ms,1
2026-04-22,DOCUMENTS_LIST,ANDROID,6.6.0,< 0 ms,35
2026-04-22,DOCUMENTS_LIST,ANDROID,6.6.2,< 0 ms,58
2026-04-22,ISSUED_DOCUMENT_EVIDENCE,ANDROID,6.6.2,< 0 ms,3
2026-04-22,DOCUMENTS_LIST,ANDROID,6.5.1,< 0 ms,1
2026-04-22,ISSUED_DOCUMENT_DETAILS,ANDROID,6.6.0,= 0 ms,2345
2026-04-22,ISSUED_DOCUMENT_DETAILS,ANDROID,6.6.1,= 0 ms,237
2026-04-22,ISSUED_DOCUMENT_EVIDENCE,ANDROID,6.6.0,= 0 ms,2088
2026-04-22,ISSUED_DOCUMENT_DETAILS,ANDROID,6.6.2,= 0 ms,5267
2026-04-22,DOCUMENTS_LIST,ANDROID,6.5.1,= 0 ms,100
2026-04-22,ISSUED_DOCUMENT_EVIDENCE,ANDROID,6.5.0,= 0 ms,38
2026-04-22,ISSUED_DOCUMENT_EVIDENCE,ANDROID,6.6.1,= 0 ms,199
2026-04-22,ISSUED_DOCUMENT_DETAILS,ANDROID,6.5.1,= 0 ms,95
2026-04-22,DOCUMENTS_LIST,ANDROID,6.6.2,= 0 ms,5983
2026-04-22,DOCUMENTS_LIST,ANDROID,6.6.0,= 0 ms,2734
2026-04-22,ISSUED_DOCUMENT_EVIDENCE,ANDROID,6.6.2,= 0 ms,4439
2026-04-22,ISSUED_DOCUMENT_EVIDENCE,ANDROID,6.5.1,= 0 ms,93
2026-04-22,DOCUMENTS_LIST,ANDROID,6.6.1,= 0 ms,321
2026-04-22,DOCUMENTS_LIST,ANDROID,6.5.0,= 0 ms,42
2026-04-22,ISSUED_DOCUMENT_DETAILS,ANDROID,6.5.0,= 0 ms,34
2026-04-23,DOCUMENTS_LIST,ANDROID,6.6.0,10000+ ms,1532
2026-04-23,DOCUMENTS_LIST,ANDROID,6.5.0,10000+ ms,50
2026-04-23,ISSUED_DOCUMENT_DETAILS,ANDROID,6.6.1,10000+ ms,220
2026-04-23,ISSUED_DOCUMENT_DETAILS,ANDROID,6.6.0,10000+ ms,2818
2026-04-23,DOCUMENTS_LIST,ANDROID,6.6.1,10000+ ms,108
2026-04-23,ISSUED_DOCUMENT_EVIDENCE,ANDROID,6.6.2,10000+ ms,8114
2026-04-23,ISSUED_DOCUMENT_EVIDENCE,ANDROID,6.5.0,10000+ ms,88
2026-04-23,ISSUED_DOCUMENT_EVIDENCE,ANDROID,6.5.1,10000+ ms,153
2026-04-23,DOCUMENTS_LIST,ANDROID,6.6.2,10000+ ms,4113
2026-04-23,ISSUED_DOCUMENT_DETAILS,ANDROID,6.5.1,10000+ ms,173
2026-04-23,DOCUMENTS_LIST,ANDROID,6.5.1,10000+ ms,84
2026-04-23,ISSUED_DOCUMENT_EVIDENCE,ANDROID,6.6.1,10000+ ms,227
2026-04-23,ISSUED_DOCUMENT_EVIDENCE,ANDROID,6.6.0,10000+ ms,2730
2026-04-23,ISSUED_DOCUMENT_DETAILS,ANDROID,6.6.2,10000+ ms,8564
2026-04-23,ISSUED_DOCUMENT_DETAILS,ANDROID,6.5.0,10000+ ms,83
2026-04-23,DOCUMENTS_LIST,ANDROID,6.5.0,1001-5000 ms,616
2026-04-23,ISSUED_DOCUMENT_EVIDENCE,ANDROID,6.6.2,1001-5000 ms,8116
2026-04-23,ISSUED_DOCUMENT_EVIDENCE,ANDROID,6.5.1,1001-5000 ms,131
2026-04-23,ISSUED_DOCUMENT_DETAILS,ANDROID,6.6.2,1001-5000 ms,10846
2026-04-23,ISSUED_DOCUMENT_DETAILS,ANDROID,6.6.1,1001-5000 ms,334
2026-04-23,ISSUED_DOCUMENT_EVIDENCE,ANDROID,6.6.1,1001-5000 ms,202
2026-04-23,DOCUMENTS_LIST,ANDROID,6.5.1,1001-5000 ms,1428
2026-04-23,DOCUMENTS_LIST,ANDROID,6.6.2,1001-5000 ms,87718
2026-04-23,ISSUED_DOCUMENT_EVIDENCE,ANDROID,6.5.0,1001-5000 ms,58
2026-04-23,ISSUED_DOCUMENT_DETAILS,ANDROID,6.5.1,1001-5000 ms,218
2026-04-23,DOCUMENTS_LIST,ANDROID,6.6.0,1001-5000 ms,27085
2026-04-23,DOCUMENTS_LIST,ANDROID,6.6.1,1001-5000 ms,2323
2026-04-23,ISSUED_DOCUMENT_EVIDENCE,ANDROID,6.6.0,1001-5000 ms,2556
2026-04-23,ISSUED_DOCUMENT_DETAILS,ANDROID,6.6.0,1001-5000 ms,3768
2026-04-23,ISSUED_DOCUMENT_DETAILS,ANDROID,6.5.0,1001-5000 ms,111
2026-04-23,ISSUED_DOCUMENT_DETAILS,ANDROID,6.5.1,101-500 ms,9
2026-04-23,ISSUED_DOCUMENT_EVIDENCE,ANDROID,6.6.1,101-500 ms,3
2026-04-23,DOCUMENTS_LIST,ANDROID,6.6.2,101-500 ms,7
2026-04-23,ISSUED_DOCUMENT_EVIDENCE,ANDROID,6.5.1,101-500 ms,7
2026-04-23,ISSUED_DOCUMENT_EVIDENCE,ANDROID,6.5.0,101-500 ms,5
2026-04-23,ISSUED_DOCUMENT_EVIDENCE,ANDROID,6.6.0,101-500 ms,68
2026-04-23,ISSUED_DOCUMENT_DETAILS,ANDROID,6.6.1,101-500 ms,22
2026-04-23,ISSUED_DOCUMENT_DETAILS,ANDROID,6.6.0,101-500 ms,241
2026-04-23,ISSUED_DOCUMENT_DETAILS,ANDROID,6.6.2,101-500 ms,1057
2026-04-23,ISSUED_DOCUMENT_EVIDENCE,ANDROID,6.6.2,101-500 ms,247
2026-04-23,DOCUMENTS_LIST,ANDROID,6.6.0,101-500 ms,1
2026-04-23,ISSUED_DOCUMENT_DETAILS,ANDROID,6.5.0,101-500 ms,12
2026-04-23,ISSUED_DOCUMENT_EVIDENCE,ANDROID,6.6.1,5001-10000 ms,149
2026-04-23,ISSUED_DOCUMENT_DETAILS,ANDROID,6.6.0,5001-10000 ms,391
2026-04-23,DOCUMENTS_LIST,ANDROID,6.5.0,5001-10000 ms,63
2026-04-23,ISSUED_DOCUMENT_DETAILS,ANDROID,6.5.1,5001-10000 ms,31
2026-04-23,ISSUED_DOCUMENT_EVIDENCE,ANDROID,6.5.1,5001-10000 ms,107
2026-04-23,ISSUED_DOCUMENT_EVIDENCE,ANDROID,6.6.0,5001-10000 ms,1606
2026-04-23,ISSUED_DOCUMENT_DETAILS,ANDROID,6.6.2,5001-10000 ms,1183
2026-04-23,DOCUMENTS_LIST,ANDROID,6.6.0,5001-10000 ms,2742
2026-04-23,DOCUMENTS_LIST,ANDROID,6.6.2,5001-10000 ms,6762
2026-04-23,ISSUED_DOCUMENT_EVIDENCE,ANDROID,6.6.2,5001-10000 ms,4721
2026-04-23,DOCUMENTS_LIST,ANDROID,6.5.1,5001-10000 ms,141
2026-04-23,ISSUED_DOCUMENT_EVIDENCE,ANDROID,6.5.0,5001-10000 ms,54
2026-04-23,ISSUED_DOCUMENT_DETAILS,ANDROID,6.6.1,5001-10000 ms,25
2026-04-23,ISSUED_DOCUMENT_DETAILS,ANDROID,6.5.0,5001-10000 ms,6
2026-04-23,DOCUMENTS_LIST,ANDROID,6.6.1,5001-10000 ms,210
2026-04-23,ISSUED_DOCUMENT_EVIDENCE,ANDROID,6.6.0,501-1000 ms,148
2026-04-23,ISSUED_DOCUMENT_DETAILS,ANDROID,6.5.0,501-1000 ms,50
2026-04-23,ISSUED_DOCUMENT_EVIDENCE,ANDROID,6.6.2,501-1000 ms,563
2026-04-23,ISSUED_DOCUMENT_EVIDENCE,ANDROID,6.5.1,501-1000 ms,6
2026-04-23,ISSUED_DOCUMENT_EVIDENCE,ANDROID,6.5.0,501-1000 ms,5
2026-04-23,DOCUMENTS_LIST,ANDROID,6.6.2,501-1000 ms,1
2026-04-23,ISSUED_DOCUMENT_EVIDENCE,ANDROID,6.6.1,501-1000 ms,11
2026-04-23,ISSUED_DOCUMENT_DETAILS,ANDROID,6.6.0,501-1000 ms,2154
2026-04-23,ISSUED_DOCUMENT_DETAILS,ANDROID,6.6.2,501-1000 ms,7207
2026-04-23,ISSUED_DOCUMENT_DETAILS,ANDROID,6.5.1,501-1000 ms,119
2026-04-23,ISSUED_DOCUMENT_DETAILS,ANDROID,6.6.1,501-1000 ms,162
2026-04-23,ISSUED_DOCUMENT_EVIDENCE,ANDROID,6.6.2,51-100 ms,1
2026-04-23,DOCUMENTS_LIST,ANDROID,6.5.0,< 0 ms,2
2026-04-23,ISSUED_DOCUMENT_EVIDENCE,ANDROID,6.6.2,< 0 ms,4
2026-04-23,ISSUED_DOCUMENT_DETAILS,ANDROID,6.6.2,< 0 ms,2
2026-04-23,DOCUMENTS_LIST,ANDROID,6.6.2,< 0 ms,58
2026-04-23,ISSUED_DOCUMENT_EVIDENCE,ANDROID,6.6.0,< 0 ms,3
2026-04-23,DOCUMENTS_LIST,ANDROID,6.6.0,< 0 ms,26
2026-04-23,ISSUED_DOCUMENT_DETAILS,ANDROID,6.5.1,= 0 ms,117
2026-04-23,DOCUMENTS_LIST,ANDROID,6.6.0,= 0 ms,2168
2026-04-23,ISSUED_DOCUMENT_EVIDENCE,ANDROID,6.5.1,= 0 ms,95
2026-04-23,ISSUED_DOCUMENT_EVIDENCE,ANDROID,6.6.1,= 0 ms,141
2026-04-23,ISSUED_DOCUMENT_DETAILS,ANDROID,6.5.0,= 0 ms,60
2026-04-23,DOCUMENTS_LIST,ANDROID,6.5.0,= 0 ms,38
2026-04-23,ISSUED_DOCUMENT_DETAILS,ANDROID,6.6.0,= 0 ms,1944
2026-04-23,DOCUMENTS_LIST,ANDROID,6.6.1,= 0 ms,180
2026-04-23,ISSUED_DOCUMENT_EVIDENCE,ANDROID,6.6.2,= 0 ms,5286
2026-04-23,ISSUED_DOCUMENT_DETAILS,ANDROID,6.6.2,= 0 ms,6243
2026-04-23,ISSUED_DOCUMENT_EVIDENCE,ANDROID,6.5.0,= 0 ms,51
2026-04-23,DOCUMENTS_LIST,ANDROID,6.6.2,= 0 ms,6697
2026-04-23,ISSUED_DOCUMENT_DETAILS,ANDROID,6.6.1,= 0 ms,145
2026-04-23,DOCUMENTS_LIST,ANDROID,6.5.1,= 0 ms,126
2026-04-23,ISSUED_DOCUMENT_EVIDENCE,ANDROID,6.6.0,= 0 ms,1707
2026-04-24,ISSUED_DOCUMENT_DETAILS,ANDROID,6.5.0,10000+ ms,65
2026-04-24,ISSUED_DOCUMENT_DETAILS,ANDROID,6.6.1,10000+ ms,129
2026-04-24,ISSUED_DOCUMENT_DETAILS,ANDROID,6.5.1,10000+ ms,162
2026-04-24,DOCUMENTS_LIST,ANDROID,6.6.1,10000+ ms,66
2026-04-24,ISSUED_DOCUMENT_EVIDENCE,ANDROID,6.5.1,10000+ ms,151
2026-04-24,ISSUED_DOCUMENT_EVIDENCE,ANDROID,6.5.0,10000+ ms,67
2026-04-24,DOCUMENTS_LIST,ANDROID,6.6.0,10000+ ms,1135
2026-04-24,ISSUED_DOCUMENT_EVIDENCE,ANDROID,6.6.0,10000+ ms,2047
2026-04-24,ISSUED_DOCUMENT_EVIDENCE,ANDROID,6.6.2,10000+ ms,8152
2026-04-24,ISSUED_DOCUMENT_EVIDENCE,ANDROID,6.6.1,10000+ ms,147
2026-04-24,DOCUMENTS_LIST,ANDROID,6.5.1,10000+ ms,79
2026-04-24,ISSUED_DOCUMENT_DETAILS,ANDROID,6.6.2,10000+ ms,8395
2026-04-24,ISSUED_DOCUMENT_DETAILS,ANDROID,6.6.0,10000+ ms,2055
2026-04-24,DOCUMENTS_LIST,ANDROID,6.5.0,10000+ ms,30
2026-04-24,DOCUMENTS_LIST,ANDROID,6.6.2,10000+ ms,4046
2026-04-24,DOCUMENTS_LIST,ANDROID,6.6.2,1001-5000 ms,85300
2026-04-24,ISSUED_DOCUMENT_EVIDENCE,ANDROID,6.5.1,1001-5000 ms,113
2026-04-24,ISSUED_DOCUMENT_DETAILS,ANDROID,6.6.0,1001-5000 ms,2438
2026-04-24,ISSUED_DOCUMENT_DETAILS,ANDROID,6.6.1,1001-5000 ms,192
2026-04-24,DOCUMENTS_LIST,ANDROID,6.6.1,1001-5000 ms,1315
2026-04-24,ISSUED_DOCUMENT_EVIDENCE,ANDROID,6.6.2,1001-5000 ms,8955
2026-04-24,ISSUED_DOCUMENT_DETAILS,ANDROID,6.5.0,1001-5000 ms,67
2026-04-24,ISSUED_DOCUMENT_DETAILS,ANDROID,6.6.2,1001-5000 ms,9396
2026-04-24,ISSUED_DOCUMENT_EVIDENCE,ANDROID,6.5.0,1001-5000 ms,61
2026-04-24,ISSUED_DOCUMENT_EVIDENCE,ANDROID,6.6.1,1001-5000 ms,136
2026-04-24,DOCUMENTS_LIST,ANDROID,6.5.0,1001-5000 ms,534
2026-04-24,ISSUED_DOCUMENT_DETAILS,ANDROID,6.5.1,1001-5000 ms,164
2026-04-24,ISSUED_DOCUMENT_EVIDENCE,ANDROID,6.6.0,1001-5000 ms,1915
2026-04-24,DOCUMENTS_LIST,ANDROID,6.6.0,1001-5000 ms,19351
2026-04-24,DOCUMENTS_LIST,ANDROID,6.5.1,1001-5000 ms,1215
2026-04-24,ISSUED_DOCUMENT_EVIDENCE,ANDROID,6.6.0,101-500 ms,10
2026-04-24,ISSUED_DOCUMENT_EVIDENCE,ANDROID,6.6.2,101-500 ms,43
2026-04-24,ISSUED_DOCUMENT_DETAILS,ANDROID,6.6.2,101-500 ms,1184
2026-04-24,ISSUED_DOCUMENT_DETAILS,ANDROID,6.5.0,101-500 ms,6
2026-04-24,DOCUMENTS_LIST,ANDROID,6.6.2,101-500 ms,14
2026-04-24,ISSUED_DOCUMENT_DETAILS,ANDROID,6.5.1,101-500 ms,8
2026-04-24,ISSUED_DOCUMENT_DETAILS,ANDROID,6.6.1,101-500 ms,17
2026-04-24,DOCUMENTS_LIST,ANDROID,6.6.0,101-500 ms,3
2026-04-24,ISSUED_DOCUMENT_DETAILS,ANDROID,6.6.0,101-500 ms,209
2026-04-24,DOCUMENTS_LIST,ANDROID,6.6.0,5001-10000 ms,1942
2026-04-24,ISSUED_DOCUMENT_EVIDENCE,ANDROID,6.5.1,5001-10000 ms,65
2026-04-24,ISSUED_DOCUMENT_DETAILS,ANDROID,6.5.0,5001-10000 ms,8
2026-04-24,DOCUMENTS_LIST,ANDROID,6.6.2,5001-10000 ms,6512
2026-04-24,ISSUED_DOCUMENT_EVIDENCE,ANDROID,6.5.0,5001-10000 ms,39
2026-04-24,ISSUED_DOCUMENT_DETAILS,ANDROID,6.5.1,5001-10000 ms,23
2026-04-24,ISSUED_DOCUMENT_EVIDENCE,ANDROID,6.6.0,5001-10000 ms,1032
2026-04-24,DOCUMENTS_LIST,ANDROID,6.5.1,5001-10000 ms,125
2026-04-24,DOCUMENTS_LIST,ANDROID,6.6.1,5001-10000 ms,128
2026-04-24,ISSUED_DOCUMENT_EVIDENCE,ANDROID,6.6.1,5001-10000 ms,65
2026-04-24,ISSUED_DOCUMENT_DETAILS,ANDROID,6.6.2,5001-10000 ms,1157
2026-04-24,DOCUMENTS_LIST,ANDROID,6.5.0,5001-10000 ms,53
2026-04-24,ISSUED_DOCUMENT_EVIDENCE,ANDROID,6.6.2,5001-10000 ms,4183
2026-04-24,ISSUED_DOCUMENT_DETAILS,ANDROID,6.6.1,5001-10000 ms,13
2026-04-24,ISSUED_DOCUMENT_DETAILS,ANDROID,6.6.0,5001-10000 ms,273
2026-04-24,ISSUED_DOCUMENT_DETAILS,ANDROID,6.6.0,501-1000 ms,1772
2026-04-24,ISSUED_DOCUMENT_DETAILS,ANDROID,6.6.2,501-1000 ms,8333
2026-04-24,ISSUED_DOCUMENT_EVIDENCE,ANDROID,6.6.0,501-1000 ms,88
2026-04-24,ISSUED_DOCUMENT_EVIDENCE,ANDROID,6.6.2,501-1000 ms,607
2026-04-24,ISSUED_DOCUMENT_DETAILS,ANDROID,6.5.1,501-1000 ms,110
2026-04-24,ISSUED_DOCUMENT_DETAILS,ANDROID,6.5.0,501-1000 ms,55
2026-04-24,ISSUED_DOCUMENT_DETAILS,ANDROID,6.6.1,501-1000 ms,109
2026-04-24,ISSUED_DOCUMENT_EVIDENCE,ANDROID,6.6.1,501-1000 ms,9
2026-04-24,ISSUED_DOCUMENT_EVIDENCE,ANDROID,6.5.0,501-1000 ms,3
2026-04-24,ISSUED_DOCUMENT_EVIDENCE,ANDROID,6.5.1,501-1000 ms,2
2026-04-24,DOCUMENTS_LIST,ANDROID,6.6.2,501-1000 ms,4
2026-04-24,ISSUED_DOCUMENT_EVIDENCE,ANDROID,6.6.2,< 0 ms,3
2026-04-24,ISSUED_DOCUMENT_DETAILS,ANDROID,6.6.2,< 0 ms,2
2026-04-24,DOCUMENTS_LIST,ANDROID,6.6.0,< 0 ms,20
2026-04-24,DOCUMENTS_LIST,ANDROID,6.6.2,< 0 ms,45
2026-04-24,ISSUED_DOCUMENT_DETAILS,ANDROID,6.6.0,< 0 ms,2
2026-04-24,DOCUMENTS_LIST,ANDROID,6.5.1,< 0 ms,2
2026-04-24,DOCUMENTS_LIST,ANDROID,6.6.1,< 0 ms,1
2026-04-24,DOCUMENTS_LIST,ANDROID,6.5.1,= 0 ms,94
2026-04-24,DOCUMENTS_LIST,ANDROID,6.5.0,= 0 ms,42
2026-04-24,ISSUED_DOCUMENT_DETAILS,ANDROID,6.5.1,= 0 ms,97
2026-04-24,ISSUED_DOCUMENT_DETAILS,ANDROID,6.6.1,= 0 ms,67
2026-04-24,ISSUED_DOCUMENT_DETAILS,ANDROID,6.6.0,= 0 ms,1306
2026-04-24,ISSUED_DOCUMENT_EVIDENCE,ANDROID,6.6.0,= 0 ms,1177
2026-04-24,ISSUED_DOCUMENT_DETAILS,ANDROID,6.5.0,= 0 ms,39
2026-04-24,ISSUED_DOCUMENT_EVIDENCE,ANDROID,6.6.1,= 0 ms,68
2026-04-24,ISSUED_DOCUMENT_DETAILS,ANDROID,6.6.2,= 0 ms,6148
2026-04-24,DOCUMENTS_LIST,ANDROID,6.6.2,= 0 ms,6318
2026-04-24,ISSUED_DOCUMENT_EVIDENCE,ANDROID,6.5.1,= 0 ms,90
2026-04-24,ISSUED_DOCUMENT_EVIDENCE,ANDROID,6.5.0,= 0 ms,30
2026-04-24,DOCUMENTS_LIST,ANDROID,6.6.1,= 0 ms,91
2026-04-24,DOCUMENTS_LIST,ANDROID,6.6.0,= 0 ms,1454
2026-04-24,ISSUED_DOCUMENT_EVIDENCE,ANDROID,6.6.2,= 0 ms,5225
2026-04-25,DOCUMENTS_LIST,ANDROID,6.5.1,10000+ ms,66
2026-04-25,DOCUMENTS_LIST,ANDROID,6.6.2,10000+ ms,3767
2026-04-25,ISSUED_DOCUMENT_DETAILS,ANDROID,6.6.2,10000+ ms,7221
2026-04-25,ISSUED_DOCUMENT_DETAILS,ANDROID,6.5.0,10000+ ms,54
2026-04-25,ISSUED_DOCUMENT_DETAILS,ANDROID,6.5.1,10000+ ms,168
2026-04-25,ISSUED_DOCUMENT_DETAILS,ANDROID,6.6.0,10000+ ms,1419
2026-04-25,DOCUMENTS_LIST,ANDROID,6.5.0,10000+ ms,16
2026-04-25,DOCUMENTS_LIST,ANDROID,6.6.1,10000+ ms,44
2026-04-25,ISSUED_DOCUMENT_EVIDENCE,ANDROID,6.6.2,10000+ ms,6889
2026-04-25,ISSUED_DOCUMENT_EVIDENCE,ANDROID,6.6.0,10000+ ms,1445
2026-04-25,DOCUMENTS_LIST,ANDROID,6.6.0,10000+ ms,884
2026-04-25,ISSUED_DOCUMENT_EVIDENCE,ANDROID,6.5.0,10000+ ms,48
2026-04-25,ISSUED_DOCUMENT_EVIDENCE,ANDROID,6.6.1,10000+ ms,80
2026-04-25,ISSUED_DOCUMENT_EVIDENCE,ANDROID,6.5.1,10000+ ms,148
2026-04-25,ISSUED_DOCUMENT_DETAILS,ANDROID,6.6.1,10000+ ms,59
2026-04-25,ISSUED_DOCUMENT_DETAILS,ANDROID,6.5.1,1001-5000 ms,121
2026-04-25,DOCUMENTS_LIST,ANDROID,6.6.2,1001-5000 ms,75966
2026-04-25,ISSUED_DOCUMENT_DETAILS,ANDROID,6.6.1,1001-5000 ms,92
2026-04-25,DOCUMENTS_LIST,ANDROID,6.5.0,1001-5000 ms,381
2026-04-25,ISSUED_DOCUMENT_EVIDENCE,ANDROID,6.6.0,1001-5000 ms,1418
2026-04-25,ISSUED_DOCUMENT_DETAILS,ANDROID,6.6.2,1001-5000 ms,7281
2026-04-25,DOCUMENTS_LIST,ANDROID,6.5.1,1001-5000 ms,1096
2026-04-25,DOCUMENTS_LIST,ANDROID,6.6.1,1001-5000 ms,817
2026-04-25,ISSUED_DOCUMENT_EVIDENCE,ANDROID,6.6.2,1001-5000 ms,7865
2026-04-25,ISSUED_DOCUMENT_EVIDENCE,ANDROID,6.5.1,1001-5000 ms,106
2026-04-25,ISSUED_DOCUMENT_DETAILS,ANDROID,6.6.0,1001-5000 ms,1718
2026-04-25,ISSUED_DOCUMENT_EVIDENCE,ANDROID,6.6.1,1001-5000 ms,101
2026-04-25,DOCUMENTS_LIST,ANDROID,6.6.0,1001-5000 ms,14720
2026-04-25,ISSUED_DOCUMENT_DETAILS,ANDROID,6.5.0,1001-5000 ms,37
2026-04-25,ISSUED_DOCUMENT_EVIDENCE,ANDROID,6.5.0,1001-5000 ms,54
2026-04-25,DOCUMENTS_LIST,ANDROID,6.6.2,101-500 ms,10
2026-04-25,ISSUED_DOCUMENT_DETAILS,ANDROID,6.5.1,101-500 ms,9
2026-04-25,DOCUMENTS_LIST,ANDROID,6.6.0,101-500 ms,1
2026-04-25,ISSUED_DOCUMENT_EVIDENCE,ANDROID,6.6.2,101-500 ms,37
2026-04-25,ISSUED_DOCUMENT_DETAILS,ANDROID,6.6.1,101-500 ms,12
2026-04-25,ISSUED_DOCUMENT_EVIDENCE,ANDROID,6.6.0,101-500 ms,4
2026-04-25,ISSUED_DOCUMENT_DETAILS,ANDROID,6.6.0,101-500 ms,177
2026-04-25,ISSUED_DOCUMENT_DETAILS,ANDROID,6.6.2,101-500 ms,1133
2026-04-25,ISSUED_DOCUMENT_DETAILS,ANDROID,6.5.0,101-500 ms,7
2026-04-25,DOCUMENTS_LIST,ANDROID,6.6.0,5001-10000 ms,1331
2026-04-25,ISSUED_DOCUMENT_DETAILS,ANDROID,6.6.1,5001-10000 ms,11
2026-04-25,DOCUMENTS_LIST,ANDROID,6.5.1,5001-10000 ms,108
2026-04-25,ISSUED_DOCUMENT_EVIDENCE,ANDROID,6.6.0,5001-10000 ms,759
2026-04-25,DOCUMENTS_LIST,ANDROID,6.6.2,5001-10000 ms,4781
2026-04-25,ISSUED_DOCUMENT_DETAILS,ANDROID,6.5.0,5001-10000 ms,3
2026-04-25,ISSUED_DOCUMENT_EVIDENCE,ANDROID,6.6.2,5001-10000 ms,3498
2026-04-25,DOCUMENTS_LIST,ANDROID,6.6.1,5001-10000 ms,65
2026-04-25,DOCUMENTS_LIST,ANDROID,6.5.0,5001-10000 ms,28
2026-04-25,ISSUED_DOCUMENT_EVIDENCE,ANDROID,6.5.1,5001-10000 ms,60
2026-04-25,ISSUED_DOCUMENT_DETAILS,ANDROID,6.6.2,5001-10000 ms,961
2026-04-25,ISSUED_DOCUMENT_EVIDENCE,ANDROID,6.5.0,5001-10000 ms,20
2026-04-25,ISSUED_DOCUMENT_DETAILS,ANDROID,6.5.1,5001-10000 ms,19
2026-04-25,ISSUED_DOCUMENT_EVIDENCE,ANDROID,6.6.1,5001-10000 ms,33
2026-04-25,ISSUED_DOCUMENT_DETAILS,ANDROID,6.6.0,5001-10000 ms,177
2026-04-25,ISSUED_DOCUMENT_DETAILS,ANDROID,6.5.0,501-1000 ms,50
2026-04-25,ISSUED_DOCUMENT_DETAILS,ANDROID,6.6.0,501-1000 ms,1461
2026-04-25,ISSUED_DOCUMENT_EVIDENCE,ANDROID,6.6.1,501-1000 ms,8
2026-04-25,ISSUED_DOCUMENT_EVIDENCE,ANDROID,6.6.0,501-1000 ms,88
2026-04-25,ISSUED_DOCUMENT_EVIDENCE,ANDROID,6.6.2,501-1000 ms,647
2026-04-25,ISSUED_DOCUMENT_EVIDENCE,ANDROID,6.5.1,501-1000 ms,5
2026-04-25,ISSUED_DOCUMENT_DETAILS,ANDROID,6.6.1,501-1000 ms,90
2026-04-25,ISSUED_DOCUMENT_EVIDENCE,ANDROID,6.5.0,501-1000 ms,2
2026-04-25,ISSUED_DOCUMENT_DETAILS,ANDROID,6.5.1,501-1000 ms,123
2026-04-25,ISSUED_DOCUMENT_DETAILS,ANDROID,6.6.2,501-1000 ms,8219
2026-04-25,ISSUED_DOCUMENT_DETAILS,ANDROID,6.6.2,< 0 ms,2
2026-04-25,ISSUED_DOCUMENT_EVIDENCE,ANDROID,6.6.2,< 0 ms,1
2026-04-25,DOCUMENTS_LIST,ANDROID,6.6.0,< 0 ms,13
2026-04-25,ISSUED_DOCUMENT_DETAILS,ANDROID,6.6.1,< 0 ms,1
2026-04-25,DOCUMENTS_LIST,ANDROID,6.5.0,< 0 ms,1
2026-04-25,DOCUMENTS_LIST,ANDROID,6.6.2,< 0 ms,58
2026-04-25,DOCUMENTS_LIST,ANDROID,6.6.1,= 0 ms,59
2026-04-25,DOCUMENTS_LIST,ANDROID,6.6.0,= 0 ms,1071
2026-04-25,DOCUMENTS_LIST,ANDROID,6.5.0,= 0 ms,32
2026-04-25,ISSUED_DOCUMENT_DETAILS,ANDROID,6.6.1,= 0 ms,62
2026-04-25,DOCUMENTS_LIST,ANDROID,6.5.1,= 0 ms,76
2026-04-25,ISSUED_DOCUMENT_DETAILS,ANDROID,6.6.2,= 0 ms,5216
2026-04-25,ISSUED_DOCUMENT_EVIDENCE,ANDROID,6.6.0,= 0 ms,916
2026-04-25,DOCUMENTS_LIST,ANDROID,6.6.2,= 0 ms,5539
2026-04-25,ISSUED_DOCUMENT_DETAILS,ANDROID,6.5.0,= 0 ms,32
2026-04-25,ISSUED_DOCUMENT_EVIDENCE,ANDROID,6.5.1,= 0 ms,70
2026-04-25,ISSUED_DOCUMENT_DETAILS,ANDROID,6.5.1,= 0 ms,76
2026-04-25,ISSUED_DOCUMENT_EVIDENCE,ANDROID,6.6.2,= 0 ms,4271
2026-04-25,ISSUED_DOCUMENT_DETAILS,ANDROID,6.6.0,= 0 ms,1031
2026-04-25,ISSUED_DOCUMENT_EVIDENCE,ANDROID,6.5.0,= 0 ms,24
2026-04-25,ISSUED_DOCUMENT_EVIDENCE,ANDROID,6.6.1,= 0 ms,49
2026-04-26,ISSUED_DOCUMENT_EVIDENCE,ANDROID,6.6.1,10000+ ms,85
2026-04-26,DOCUMENTS_LIST,ANDROID,6.6.0,10000+ ms,760
2026-04-26,DOCUMENTS_LIST,ANDROID,6.6.2,10000+ ms,3527
2026-04-26,DOCUMENTS_LIST,ANDROID,6.5.0,10000+ ms,25
2026-04-26,DOCUMENTS_LIST,ANDROID,6.5.1,10000+ ms,57
2026-04-26,ISSUED_DOCUMENT_DETAILS,ANDROID,6.5.1,10000+ ms,128
2026-04-26,DOCUMENTS_LIST,ANDROID,6.6.1,10000+ ms,45
2026-04-26,ISSUED_DOCUMENT_EVIDENCE,ANDROID,6.6.2,10000+ ms,6692
2026-04-26,ISSUED_DOCUMENT_DETAILS,ANDROID,6.6.2,10000+ ms,7073
2026-04-26,ISSUED_DOCUMENT_DETAILS,ANDROID,6.5.0,10000+ ms,56
2026-04-26,ISSUED_DOCUMENT_EVIDENCE,ANDROID,6.5.0,10000+ ms,69
2026-04-26,ISSUED_DOCUMENT_DETAILS,ANDROID,6.6.0,10000+ ms,1278
2026-04-26,ISSUED_DOCUMENT_EVIDENCE,ANDROID,6.5.1,10000+ ms,116
2026-04-26,ISSUED_DOCUMENT_DETAILS,ANDROID,6.6.1,10000+ ms,68
2026-04-26,ISSUED_DOCUMENT_EVIDENCE,ANDROID,6.6.0,10000+ ms,1338
2026-04-26,ISSUED_DOCUMENT_DETAILS,ANDROID,6.5.0,1001-5000 ms,70
2026-04-26,ISSUED_DOCUMENT_EVIDENCE,ANDROID,6.6.0,1001-5000 ms,1200
2026-04-26,ISSUED_DOCUMENT_EVIDENCE,ANDROID,6.5.0,1001-5000 ms,45
2026-04-26,ISSUED_DOCUMENT_DETAILS,ANDROID,6.6.2,1001-5000 ms,7316
2026-04-26,DOCUMENTS_LIST,ANDROID,6.6.1,1001-5000 ms,701
2026-04-26,ISSUED_DOCUMENT_DETAILS,ANDROID,6.5.1,1001-5000 ms,150
2026-04-26,DOCUMENTS_LIST,ANDROID,6.5.1,1001-5000 ms,999
2026-04-26,DOCUMENTS_LIST,ANDROID,6.5.0,1001-5000 ms,414
2026-04-26,ISSUED_DOCUMENT_EVIDENCE,ANDROID,6.6.2,1001-5000 ms,7531
2026-04-26,ISSUED_DOCUMENT_EVIDENCE,ANDROID,6.6.1,1001-5000 ms,60
2026-04-26,DOCUMENTS_LIST,ANDROID,6.6.2,1001-5000 ms,71107
2026-04-26,ISSUED_DOCUMENT_EVIDENCE,ANDROID,6.5.1,1001-5000 ms,112
2026-04-26,ISSUED_DOCUMENT_DETAILS,ANDROID,6.6.1,1001-5000 ms,94
2026-04-26,ISSUED_DOCUMENT_DETAILS,ANDROID,6.6.0,1001-5000 ms,1574
2026-04-26,DOCUMENTS_LIST,ANDROID,6.6.0,1001-5000 ms,12320
2026-04-26,ISSUED_DOCUMENT_DETAILS,ANDROID,6.5.1,101-500 ms,14
2026-04-26,ISSUED_DOCUMENT_DETAILS,ANDROID,6.6.2,101-500 ms,1058
2026-04-26,ISSUED_DOCUMENT_DETAILS,ANDROID,6.5.0,101-500 ms,10
2026-04-26,ISSUED_DOCUMENT_EVIDENCE,ANDROID,6.6.0,101-500 ms,9
2026-04-26,ISSUED_DOCUMENT_DETAILS,ANDROID,6.6.1,101-500 ms,10
2026-04-26,ISSUED_DOCUMENT_EVIDENCE,ANDROID,6.6.2,101-500 ms,56
2026-04-26,ISSUED_DOCUMENT_DETAILS,ANDROID,6.6.0,101-500 ms,130
2026-04-26,DOCUMENTS_LIST,ANDROID,6.6.2,101-500 ms,6
2026-04-26,ISSUED_DOCUMENT_DETAILS,ANDROID,6.5.1,5001-10000 ms,15
2026-04-26,ISSUED_DOCUMENT_DETAILS,ANDROID,6.5.0,5001-10000 ms,8
2026-04-26,ISSUED_DOCUMENT_DETAILS,ANDROID,6.6.0,5001-10000 ms,162
2026-04-26,ISSUED_DOCUMENT_DETAILS,ANDROID,6.6.2,5001-10000 ms,857
2026-04-26,ISSUED_DOCUMENT_EVIDENCE,ANDROID,6.6.2,5001-10000 ms,3397
2026-04-26,ISSUED_DOCUMENT_EVIDENCE,ANDROID,6.5.1,5001-10000 ms,54
2026-04-26,ISSUED_DOCUMENT_EVIDENCE,ANDROID,6.6.1,5001-10000 ms,35
2026-04-26,DOCUMENTS_LIST,ANDROID,6.6.0,5001-10000 ms,1214
2026-04-26,ISSUED_DOCUMENT_EVIDENCE,ANDROID,6.6.0,5001-10000 ms,640
2026-04-26,ISSUED_DOCUMENT_DETAILS,ANDROID,6.6.1,5001-10000 ms,9
2026-04-26,ISSUED_DOCUMENT_EVIDENCE,ANDROID,6.5.0,5001-10000 ms,21
2026-04-26,DOCUMENTS_LIST,ANDROID,6.6.2,5001-10000 ms,4678
2026-04-26,DOCUMENTS_LIST,ANDROID,6.5.1,5001-10000 ms,87
2026-04-26,DOCUMENTS_LIST,ANDROID,6.5.0,5001-10000 ms,45
2026-04-26,DOCUMENTS_LIST,ANDROID,6.6.1,5001-10000 ms,68
2026-04-26,ISSUED_DOCUMENT_EVIDENCE,ANDROID,6.5.0,501-1000 ms,3
2026-04-26,DOCUMENTS_LIST,ANDROID,6.6.2,501-1000 ms,4
2026-04-26,ISSUED_DOCUMENT_EVIDENCE,ANDROID,6.6.1,501-1000 ms,2
2026-04-26,ISSUED_DOCUMENT_EVIDENCE,ANDROID,6.6.0,501-1000 ms,60
2026-04-26,ISSUED_DOCUMENT_DETAILS,ANDROID,6.5.1,501-1000 ms,110
2026-04-26,ISSUED_DOCUMENT_EVIDENCE,ANDROID,6.6.2,501-1000 ms,485
2026-04-26,ISSUED_DOCUMENT_DETAILS,ANDROID,6.6.1,501-1000 ms,68
2026-04-26,ISSUED_DOCUMENT_DETAILS,ANDROID,6.5.0,501-1000 ms,52
2026-04-26,ISSUED_DOCUMENT_DETAILS,ANDROID,6.6.0,501-1000 ms,1206
2026-04-26,ISSUED_DOCUMENT_DETAILS,ANDROID,6.6.2,501-1000 ms,7517
2026-04-26,ISSUED_DOCUMENT_EVIDENCE,ANDROID,6.5.1,501-1000 ms,7
2026-04-26,ISSUED_DOCUMENT_DETAILS,ANDROID,6.6.2,51-100 ms,1
2026-04-26,DOCUMENTS_LIST,ANDROID,6.6.0,< 0 ms,14
2026-04-26,DOCUMENTS_LIST,ANDROID,6.6.2,< 0 ms,53
2026-04-26,ISSUED_DOCUMENT_DETAILS,ANDROID,6.6.2,< 0 ms,5
2026-04-26,ISSUED_DOCUMENT_EVIDENCE,ANDROID,6.6.2,< 0 ms,1
2026-04-26,ISSUED_DOCUMENT_DETAILS,ANDROID,6.6.0,< 0 ms,1
2026-04-26,DOCUMENTS_LIST,ANDROID,6.6.1,< 0 ms,1
2026-04-26,DOCUMENTS_LIST,ANDROID,6.6.1,= 0 ms,47
2026-04-26,ISSUED_DOCUMENT_EVIDENCE,ANDROID,6.5.0,= 0 ms,27
2026-04-26,DOCUMENTS_LIST,ANDROID,6.5.1,= 0 ms,76
2026-04-26,ISSUED_DOCUMENT_EVIDENCE,ANDROID,6.6.2,= 0 ms,4390
2026-04-26,DOCUMENTS_LIST,ANDROID,6.6.2,= 0 ms,5006
2026-04-26,ISSUED_DOCUMENT_DETAILS,ANDROID,6.5.0,= 0 ms,32
2026-04-26,ISSUED_DOCUMENT_DETAILS,ANDROID,6.5.1,= 0 ms,84
2026-04-26,ISSUED_DOCUMENT_DETAILS,ANDROID,6.6.1,= 0 ms,66
2026-04-26,DOCUMENTS_LIST,ANDROID,6.6.0,= 0 ms,969
2026-04-26,DOCUMENTS_LIST,ANDROID,6.5.0,= 0 ms,26
2026-04-26,ISSUED_DOCUMENT_EVIDENCE,ANDROID,6.5.1,= 0 ms,76
2026-04-26,ISSUED_DOCUMENT_EVIDENCE,ANDROID,6.6.1,= 0 ms,55
2026-04-26,ISSUED_DOCUMENT_DETAILS,ANDROID,6.6.2,= 0 ms,5148
2026-04-26,ISSUED_DOCUMENT_DETAILS,ANDROID,6.6.0,= 0 ms,857
2026-04-26,ISSUED_DOCUMENT_EVIDENCE,ANDROID,6.6.0,= 0 ms,747
2026-04-27,DOCUMENTS_LIST,ANDROID,6.6.1,10000+ ms,79
2026-04-27,ISSUED_DOCUMENT_DETAILS,ANDROID,6.5.1,10000+ ms,172
2026-04-27,ISSUED_DOCUMENT_DETAILS,ANDROID,6.6.2,10000+ ms,8996
2026-04-27,DOCUMENTS_LIST,ANDROID,6.5.1,10000+ ms,137
2026-04-27,ISSUED_DOCUMENT_EVIDENCE,ANDROID,6.5.0,10000+ ms,76
2026-04-27,DOCUMENTS_LIST,ANDROID,6.5.0,10000+ ms,48
2026-04-27,ISSUED_DOCUMENT_DETAILS,ANDROID,6.6.0,10000+ ms,1557
2026-04-27,DOCUMENTS_LIST,ANDROID,6.6.0,10000+ ms,1615
2026-04-27,ISSUED_DOCUMENT_DETAILS,ANDROID,6.6.1,10000+ ms,85
2026-04-27,ISSUED_DOCUMENT_DETAILS,ANDROID,6.5.0,10000+ ms,56
2026-04-27,ISSUED_DOCUMENT_EVIDENCE,ANDROID,6.6.1,10000+ ms,84
2026-04-27,ISSUED_DOCUMENT_EVIDENCE,ANDROID,6.6.2,10000+ ms,9823
2026-04-27,ISSUED_DOCUMENT_EVIDENCE,ANDROID,6.5.1,10000+ ms,196
2026-04-27,DOCUMENTS_LIST,ANDROID,6.6.2,10000+ ms,8724
2026-04-27,ISSUED_DOCUMENT_EVIDENCE,ANDROID,6.6.0,10000+ ms,1718
2026-04-27,ISSUED_DOCUMENT_DETAILS,ANDROID,6.6.2,1001-5000 ms,14007
2026-04-27,DOCUMENTS_LIST,ANDROID,6.6.0,1001-5000 ms,13772
2026-04-27,ISSUED_DOCUMENT_DETAILS,ANDROID,6.6.0,1001-5000 ms,2431
2026-04-27,ISSUED_DOCUMENT_DETAILS,ANDROID,6.6.1,1001-5000 ms,123
2026-04-27,DOCUMENTS_LIST,ANDROID,6.7.0,1001-5000 ms,1
2026-04-27,ISSUED_DOCUMENT_DETAILS,ANDROID,6.5.1,1001-5000 ms,266
2026-04-27,ISSUED_DOCUMENT_EVIDENCE,ANDROID,6.5.1,1001-5000 ms,121
2026-04-27,DOCUMENTS_LIST,ANDROID,6.5.1,1001-5000 ms,1200
2026-04-27,ISSUED_DOCUMENT_DETAILS,ANDROID,6.5.0,1001-5000 ms,103
2026-04-27,ISSUED_DOCUMENT_EVIDENCE,ANDROID,6.5.0,1001-5000 ms,36
2026-04-27,DOCUMENTS_LIST,ANDROID,6.6.1,1001-5000 ms,729
2026-04-27,DOCUMENTS_LIST,ANDROID,6.6.2,1001-5000 ms,87616
2026-04-27,ISSUED_DOCUMENT_EVIDENCE,ANDROID,6.6.0,1001-5000 ms,1189
2026-04-27,ISSUED_DOCUMENT_EVIDENCE,ANDROID,6.6.2,1001-5000 ms,8175
2026-04-27,DOCUMENTS_LIST,ANDROID,6.5.0,1001-5000 ms,498
2026-04-27,ISSUED_DOCUMENT_EVIDENCE,ANDROID,6.6.1,1001-5000 ms,72
2026-04-27,ISSUED_DOCUMENT_DETAILS,ANDROID,6.6.1,101-500 ms,3
2026-04-27,NOTIFICATIONS_LIST,ANDROID,6.7.0,101-500 ms,1
2026-04-27,ISSUED_DOCUMENT_EVIDENCE,ANDROID,6.6.0,101-500 ms,8
2026-04-27,DOCUMENTS_LIST,ANDROID,6.6.0,101-500 ms,3
2026-04-27,ISSUED_DOCUMENT_EVIDENCE,ANDROID,6.6.2,101-500 ms,58
2026-04-27,ISSUED_DOCUMENT_DETAILS,ANDROID,6.5.1,101-500 ms,9
2026-04-27,DOCUMENTS_LIST,ANDROID,6.6.2,101-500 ms,17
2026-04-27,ISSUED_DOCUMENT_DETAILS,ANDROID,6.6.0,101-500 ms,93
2026-04-27,ISSUED_DOCUMENT_DETAILS,ANDROID,6.5.0,101-500 ms,1
2026-04-27,ISSUED_DOCUMENT_DETAILS,ANDROID,6.6.2,101-500 ms,732
2026-04-27,ISSUED_DOCUMENT_DETAILS,ANDROID,6.5.0,5001-10000 ms,6
2026-04-27,DOCUMENTS_LIST,ANDROID,6.5.1,5001-10000 ms,182
2026-04-27,ISSUED_DOCUMENT_EVIDENCE,ANDROID,6.5.1,5001-10000 ms,102
2026-04-27,DOCUMENTS_LIST,ANDROID,6.6.1,5001-10000 ms,113
2026-04-27,ISSUED_DOCUMENT_DETAILS,ANDROID,6.6.1,5001-10000 ms,15
2026-04-27,ISSUED_DOCUMENT_DETAILS,ANDROID,6.5.1,5001-10000 ms,24
2026-04-27,ISSUED_DOCUMENT_EVIDENCE,ANDROID,6.6.0,5001-10000 ms,958
2026-04-27,ISSUED_DOCUMENT_DETAILS,ANDROID,6.6.0,5001-10000 ms,245
2026-04-27,ISSUED_DOCUMENT_EVIDENCE,ANDROID,6.5.0,5001-10000 ms,37
2026-04-27,DOCUMENTS_LIST,ANDROID,6.6.0,5001-10000 ms,2247
2026-04-27,ISSUED_DOCUMENT_EVIDENCE,ANDROID,6.6.2,5001-10000 ms,6104
2026-04-27,ISSUED_DOCUMENT_EVIDENCE,ANDROID,6.6.1,5001-10000 ms,49
2026-04-27,ISSUED_DOCUMENT_DETAILS,ANDROID,6.6.2,5001-10000 ms,1288
2026-04-27,DOCUMENTS_LIST,ANDROID,6.5.0,5001-10000 ms,92
2026-04-27,DOCUMENTS_LIST,ANDROID,6.6.2,5001-10000 ms,11845
2026-04-27,ISSUED_DOCUMENT_EVIDENCE,ANDROID,6.5.0,501-1000 ms,3
2026-04-27,ISSUED_DOCUMENT_DETAILS,ANDROID,6.6.2,501-1000 ms,6376
2026-04-27,DOCUMENTS_LIST,ANDROID,6.6.2,501-1000 ms,3
2026-04-27,ISSUED_DOCUMENT_EVIDENCE,ANDROID,6.6.1,501-1000 ms,5
2026-04-27,ISSUED_DOCUMENT_EVIDENCE,ANDROID,6.6.0,501-1000 ms,24
2026-04-27,ISSUED_DOCUMENT_EVIDENCE,ANDROID,6.5.1,501-1000 ms,1
2026-04-27,ISSUED_DOCUMENT_EVIDENCE,ANDROID,6.6.2,501-1000 ms,293
2026-04-27,ISSUED_DOCUMENT_DETAILS,ANDROID,6.5.0,501-1000 ms,30
2026-04-27,ISSUED_DOCUMENT_DETAILS,ANDROID,6.6.1,501-1000 ms,60
2026-04-27,ISSUED_DOCUMENT_DETAILS,ANDROID,6.6.0,501-1000 ms,950
2026-04-27,ISSUED_DOCUMENT_DETAILS,ANDROID,6.5.1,501-1000 ms,92
2026-04-27,DOCUMENTS_LIST,ANDROID,6.6.2,51-100 ms,2
2026-04-27,DOCUMENTS_LIST,ANDROID,6.5.1,< 0 ms,1
2026-04-27,ISSUED_DOCUMENT_EVIDENCE,ANDROID,6.6.0,< 0 ms,1
2026-04-27,DOCUMENTS_LIST,ANDROID,6.6.0,< 0 ms,13
2026-04-27,DOCUMENTS_LIST,ANDROID,6.6.2,< 0 ms,76
2026-04-27,ISSUED_DOCUMENT_EVIDENCE,ANDROID,6.6.2,< 0 ms,2
2026-04-27,ISSUED_DOCUMENT_DETAILS,ANDROID,6.6.2,< 0 ms,1
2026-04-27,ISSUED_DOCUMENT_DETAILS,ANDROID,6.6.2,= 0 ms,6499
2026-04-27,DOCUMENTS_LIST,ANDROID,6.5.0,= 0 ms,45
2026-04-27,DOCUMENTS_LIST,ANDROID,6.6.0,= 0 ms,1268
2026-04-27,DOCUMENTS_LIST,ANDROID,6.6.1,= 0 ms,77
2026-04-27,ISSUED_DOCUMENT_DETAILS,ANDROID,6.5.0,= 0 ms,44
2026-04-27,ISSUED_DOCUMENT_EVIDENCE,ANDROID,6.5.0,= 0 ms,41
2026-04-27,ISSUED_DOCUMENT_DETAILS,ANDROID,6.5.1,= 0 ms,106
2026-04-27,ISSUED_DOCUMENT_EVIDENCE,ANDROID,6.6.2,= 0 ms,5685
2026-04-27,DOCUMENTS_LIST,ANDROID,6.5.1,= 0 ms,92
2026-04-27,DOCUMENTS_LIST,ANDROID,NA,= 0 ms,1
2026-04-27,DOCUMENTS_LIST,ANDROID,6.6.2,= 0 ms,7952
2026-04-27,ISSUED_DOCUMENT_DETAILS,ANDROID,6.6.0,= 0 ms,996
2026-04-27,ISSUED_DOCUMENT_EVIDENCE,ANDROID,6.6.0,= 0 ms,870
2026-04-27,ISSUED_DOCUMENT_EVIDENCE,ANDROID,6.5.1,= 0 ms,94
2026-04-27,ISSUED_DOCUMENT_DETAILS,ANDROID,6.6.1,= 0 ms,59
2026-04-27,ISSUED_DOCUMENT_EVIDENCE,ANDROID,6.6.1,= 0 ms,47
2026-04-28,ISSUED_DOCUMENT_EVIDENCE,ANDROID,6.5.1,10000+ ms,146
2026-04-28,DOCUMENTS_LIST,ANDROID,6.5.0,10000+ ms,26
2026-04-28,ISSUED_DOCUMENT_DETAILS,ANDROID,6.6.2,10000+ ms,9051
2026-04-28,DOCUMENTS_LIST,ANDROID,6.6.0,10000+ ms,907
2026-04-28,ISSUED_DOCUMENT_EVIDENCE,ANDROID,6.5.0,10000+ ms,80
2026-04-28,DOCUMENTS_LIST,ANDROID,6.6.2,10000+ ms,5287
2026-04-28,ISSUED_DOCUMENT_DETAILS,ANDROID,6.5.1,10000+ ms,159
2026-04-28,ISSUED_DOCUMENT_EVIDENCE,ANDROID,6.6.2,10000+ ms,9286
2026-04-28,ISSUED_DOCUMENT_EVIDENCE,ANDROID,6.6.0,10000+ ms,1434
2026-04-28,DOCUMENTS_LIST,ANDROID,6.6.1,10000+ ms,36
2026-04-28,ISSUED_DOCUMENT_EVIDENCE,ANDROID,6.6.1,10000+ ms,64
2026-04-28,ISSUED_DOCUMENT_DETAILS,ANDROID,6.6.1,10000+ ms,61
2026-04-28,ISSUED_DOCUMENT_DETAILS,ANDROID,6.6.0,10000+ ms,1354
2026-04-28,ISSUED_DOCUMENT_DETAILS,ANDROID,6.5.0,10000+ ms,74
2026-04-28,DOCUMENTS_LIST,ANDROID,6.5.1,10000+ ms,104
2026-04-28,ISSUED_DOCUMENT_DETAILS,ANDROID,6.6.0,1001-5000 ms,2228
2026-04-28,ISSUED_DOCUMENT_DETAILS,ANDROID,6.6.1,1001-5000 ms,110
2026-04-28,ISSUED_DOCUMENT_EVIDENCE,ANDROID,6.5.0,1001-5000 ms,47
2026-04-28,ISSUED_DOCUMENT_EVIDENCE,ANDROID,6.5.1,1001-5000 ms,116
2026-04-28,ISSUED_DOCUMENT_DETAILS,ANDROID,6.6.2,1001-5000 ms,12430
2026-04-28,DOCUMENTS_LIST,ANDROID,6.5.1,1001-5000 ms,1192
2026-04-28,DOCUMENTS_LIST,ANDROID,6.5.0,1001-5000 ms,487
2026-04-28,DOCUMENTS_LIST,ANDROID,6.6.2,1001-5000 ms,92791
2026-04-28,DOCUMENTS_LIST,ANDROID,6.6.1,1001-5000 ms,653
2026-04-28,ISSUED_DOCUMENT_EVIDENCE,ANDROID,6.6.0,1001-5000 ms,1299
2026-04-28,ISSUED_DOCUMENT_DETAILS,ANDROID,6.5.0,1001-5000 ms,71
2026-04-28,ISSUED_DOCUMENT_EVIDENCE,ANDROID,6.6.2,1001-5000 ms,9135
2026-04-28,ISSUED_DOCUMENT_DETAILS,ANDROID,6.5.1,1001-5000 ms,223
2026-04-28,DOCUMENTS_LIST,ANDROID,6.6.0,1001-5000 ms,13467
2026-04-28,ISSUED_DOCUMENT_EVIDENCE,ANDROID,6.6.1,1001-5000 ms,63
2026-04-28,ISSUED_DOCUMENT_DETAILS,ANDROID,6.5.1,101-500 ms,10
2026-04-28,ISSUED_DOCUMENT_EVIDENCE,ANDROID,6.6.2,101-500 ms,80
2026-04-28,ISSUED_DOCUMENT_EVIDENCE,ANDROID,6.5.0,101-500 ms,1
2026-04-28,ISSUED_DOCUMENT_EVIDENCE,ANDROID,6.6.0,101-500 ms,8
2026-04-28,ISSUED_DOCUMENT_DETAILS,ANDROID,6.5.0,101-500 ms,3
2026-04-28,DOCUMENTS_LIST,ANDROID,6.6.2,101-500 ms,16
2026-04-28,ISSUED_DOCUMENT_DETAILS,ANDROID,6.6.0,101-500 ms,92
2026-04-28,ISSUED_DOCUMENT_DETAILS,ANDROID,6.6.1,101-500 ms,4
2026-04-28,ISSUED_DOCUMENT_DETAILS,ANDROID,6.6.2,101-500 ms,854
2026-04-28,DOCUMENTS_LIST,ANDROID,6.6.0,101-500 ms,1
2026-04-28,ISSUED_DOCUMENT_DETAILS,ANDROID,6.6.2,5001-10000 ms,1078
2026-04-28,DOCUMENTS_LIST,ANDROID,6.5.0,5001-10000 ms,50
2026-04-28,DOCUMENTS_LIST,ANDROID,6.6.1,5001-10000 ms,80
2026-04-28,DOCUMENTS_LIST,ANDROID,6.6.2,5001-10000 ms,8639
2026-04-28,ISSUED_DOCUMENT_EVIDENCE,ANDROID,6.6.1,5001-10000 ms,49
2026-04-28,DOCUMENTS_LIST,ANDROID,6.5.1,5001-10000 ms,159
2026-04-28,ISSUED_DOCUMENT_DETAILS,ANDROID,6.5.0,5001-10000 ms,8
2026-04-28,ISSUED_DOCUMENT_DETAILS,ANDROID,6.5.1,5001-10000 ms,18
2026-04-28,ISSUED_DOCUMENT_EVIDENCE,ANDROID,6.5.1,5001-10000 ms,83
2026-04-28,ISSUED_DOCUMENT_EVIDENCE,ANDROID,6.5.0,5001-10000 ms,31
2026-04-28,DOCUMENTS_LIST,ANDROID,6.6.0,5001-10000 ms,1635
2026-04-28,ISSUED_DOCUMENT_EVIDENCE,ANDROID,6.6.2,5001-10000 ms,5557
2026-04-28,ISSUED_DOCUMENT_EVIDENCE,ANDROID,6.6.0,5001-10000 ms,895
2026-04-28,ISSUED_DOCUMENT_DETAILS,ANDROID,6.6.1,5001-10000 ms,10
2026-04-28,ISSUED_DOCUMENT_DETAILS,ANDROID,6.6.0,5001-10000 ms,220
2026-04-28,ISSUED_DOCUMENT_DETAILS,ANDROID,6.5.0,501-1000 ms,40
2026-04-28,ISSUED_DOCUMENT_DETAILS,ANDROID,6.5.1,501-1000 ms,91
2026-04-28,ISSUED_DOCUMENT_EVIDENCE,ANDROID,6.6.2,501-1000 ms,439
2026-04-28,ISSUED_DOCUMENT_EVIDENCE,ANDROID,6.5.0,501-1000 ms,2
2026-04-28,ISSUED_DOCUMENT_EVIDENCE,ANDROID,6.5.1,501-1000 ms,4
2026-04-28,ISSUED_DOCUMENT_DETAILS,ANDROID,6.6.1,501-1000 ms,53
2026-04-28,ISSUED_DOCUMENT_DETAILS,ANDROID,6.6.2,501-1000 ms,7496
2026-04-28,ISSUED_DOCUMENT_EVIDENCE,ANDROID,6.6.1,501-1000 ms,6
2026-04-28,ISSUED_DOCUMENT_DETAILS,ANDROID,6.6.0,501-1000 ms,1028
2026-04-28,ISSUED_DOCUMENT_EVIDENCE,ANDROID,6.6.0,501-1000 ms,46
2026-04-28,DOCUMENTS_LIST,ANDROID,6.6.2,501-1000 ms,4
2026-04-28,DOCUMENTS_LIST,ANDROID,6.6.2,51-100 ms,1
2026-04-28,ISSUED_DOCUMENT_DETAILS,ANDROID,6.6.2,< 0 ms,4
2026-04-28,DOCUMENTS_LIST,ANDROID,6.5.1,< 0 ms,2
2026-04-28,ISSUED_DOCUMENT_EVIDENCE,ANDROID,6.6.0,< 0 ms,2
2026-04-28,DOCUMENTS_LIST,ANDROID,6.6.2,< 0 ms,59
2026-04-28,ISSUED_DOCUMENT_EVIDENCE,ANDROID,6.6.2,< 0 ms,4
2026-04-28,DOCUMENTS_LIST,ANDROID,6.6.0,< 0 ms,13
2026-04-28,DOCUMENTS_LIST,ANDROID,6.6.0,= 0 ms,1187
2026-04-28,ISSUED_DOCUMENT_EVIDENCE,ANDROID,6.6.2,= 0 ms,5991
2026-04-28,ISSUED_DOCUMENT_DETAILS,ANDROID,6.6.2,= 0 ms,6995
2026-04-28,DOCUMENTS_LIST,ANDROID,6.5.1,= 0 ms,92
2026-04-28,DOCUMENTS_LIST,ANDROID,6.6.1,= 0 ms,49
2026-04-28,ISSUED_DOCUMENT_EVIDENCE,ANDROID,6.6.1,= 0 ms,38
2026-04-28,DOCUMENTS_LIST,ANDROID,6.6.2,= 0 ms,7162
2026-04-28,ISSUED_DOCUMENT_DETAILS,ANDROID,6.5.1,= 0 ms,108
2026-04-28,ISSUED_DOCUMENT_DETAILS,ANDROID,6.6.0,= 0 ms,974
2026-04-28,ISSUED_DOCUMENT_EVIDENCE,ANDROID,6.5.1,= 0 ms,87
2026-04-28,ISSUED_DOCUMENT_DETAILS,ANDROID,6.5.0,= 0 ms,28
2026-04-28,DOCUMENTS_LIST,ANDROID,6.5.0,= 0 ms,42
2026-04-28,ISSUED_DOCUMENT_DETAILS,ANDROID,6.6.1,= 0 ms,39
2026-04-28,ISSUED_DOCUMENT_EVIDENCE,ANDROID,6.5.0,= 0 ms,32
2026-04-28,ISSUED_DOCUMENT_EVIDENCE,ANDROID,6.6.0,= 0 ms,878
2026-04-29,ISSUED_DOCUMENT_EVIDENCE,ANDROID,6.6.1,10000+ ms,65
2026-04-29,ISSUED_DOCUMENT_DETAILS,ANDROID,6.6.2,10000+ ms,8996
2026-04-29,ISSUED_DOCUMENT_DETAILS,ANDROID,6.6.1,10000+ ms,69
2026-04-29,DOCUMENTS_LIST,ANDROID,6.5.0,10000+ ms,36
2026-04-29,ISSUED_DOCUMENT_DETAILS,ANDROID,6.6.0,10000+ ms,1359
2026-04-29,DOCUMENTS_LIST,ANDROID,6.6.2,10000+ ms,5868
2026-04-29,ISSUED_DOCUMENT_EVIDENCE,ANDROID,6.6.0,10000+ ms,1396
2026-04-29,ISSUED_DOCUMENT_DETAILS,ANDROID,6.5.0,10000+ ms,68
2026-04-29,ISSUED_DOCUMENT_DETAILS,ANDROID,6.5.1,10000+ ms,154
2026-04-29,ISSUED_DOCUMENT_EVIDENCE,ANDROID,6.6.2,10000+ ms,9137
2026-04-29,DOCUMENTS_LIST,ANDROID,6.5.1,10000+ ms,96
2026-04-29,ISSUED_DOCUMENT_EVIDENCE,ANDROID,6.5.1,10000+ ms,147
2026-04-29,DOCUMENTS_LIST,ANDROID,6.7.0,10000+ ms,1
2026-04-29,DOCUMENTS_LIST,ANDROID,6.6.0,10000+ ms,979
2026-04-29,DOCUMENTS_LIST,ANDROID,6.6.1,10000+ ms,56
2026-04-29,ISSUED_DOCUMENT_EVIDENCE,ANDROID,6.5.0,10000+ ms,61
2026-04-29,DOCUMENTS_LIST,ANDROID,6.6.0,1001-5000 ms,12430
2026-04-29,ISSUED_DOCUMENT_EVIDENCE,ANDROID,6.6.2,1001-5000 ms,9191
2026-04-29,ISSUED_DOCUMENT_EVIDENCE,ANDROID,6.5.0,1001-5000 ms,43
2026-04-29,ISSUED_DOCUMENT_DETAILS,ANDROID,6.6.0,1001-5000 ms,2011
2026-04-29,ISSUED_DOCUMENT_DETAILS,ANDROID,6.5.0,1001-5000 ms,75
2026-04-29,ISSUED_DOCUMENT_DETAILS,ANDROID,6.6.2,1001-5000 ms,12655
2026-04-29,ACTIONABLE_NOTIFICATION_DETAILS,ANDROID,6.7.0,1001-5000 ms,5
2026-04-29,ISSUED_DOCUMENT_EVIDENCE,ANDROID,6.6.1,1001-5000 ms,51
2026-04-29,ISSUED_DOCUMENT_DETAILS,ANDROID,6.5.1,1001-5000 ms,224
2026-04-29,ISSUED_DOCUMENT_EVIDENCE,ANDROID,6.6.0,1001-5000 ms,1192
2026-04-29,ISSUED_DOCUMENT_DETAILS,ANDROID,6.6.1,1001-5000 ms,105
2026-04-29,DOCUMENTS_LIST,ANDROID,6.5.0,1001-5000 ms,473
2026-04-29,DOCUMENTS_LIST,ANDROID,6.6.2,1001-5000 ms,92177
2026-04-29,DOCUMENTS_LIST,ANDROID,6.5.1,1001-5000 ms,1209
2026-04-29,DOCUMENTS_LIST,ANDROID,6.7.0,1001-5000 ms,2
2026-04-29,DOCUMENTS_LIST,ANDROID,6.6.1,1001-5000 ms,543
2026-04-29,ISSUED_DOCUMENT_EVIDENCE,ANDROID,6.5.1,1001-5000 ms,109
2026-04-29,ISSUED_DOCUMENT_EVIDENCE,ANDROID,6.7.0,1001-5000 ms,2
2026-04-29,ISSUERS_LIST,ANDROID,6.7.0,1001-5000 ms,2
2026-04-29,UPLOADED_DOCUMENT_EVIDENCE,ANDROID,6.7.0,101-500 ms,1
2026-04-29,ISSUED_DOCUMENT_EVIDENCE,ANDROID,6.6.2,101-500 ms,46
2026-04-29,ISSUED_DOCUMENT_DETAILS,ANDROID,6.6.0,101-500 ms,71
2026-04-29,ISSUED_DOCUMENT_DETAILS,ANDROID,6.5.0,101-500 ms,7
2026-04-29,DOCUMENTS_LIST,ANDROID,6.6.0,101-500 ms,1
2026-04-29,DOWNLOAD_SELF_SIGN_DOCUMENT,ANDROID,6.7.0,101-500 ms,1
2026-04-29,DOCUMENTS_LIST,ANDROID,6.6.2,101-500 ms,19
2026-04-29,DOCUMENTS_LIST,ANDROID,6.5.1,101-500 ms,1
2026-04-29,ISSUED_DOCUMENT_DETAILS,ANDROID,6.6.1,101-500 ms,3
2026-04-29,ISSUED_DOCUMENT_DETAILS,ANDROID,6.5.1,101-500 ms,4
2026-04-29,NOTIFICATIONS_LIST,ANDROID,6.7.0,101-500 ms,4
2026-04-29,ISSUED_DOCUMENT_EVIDENCE,ANDROID,6.6.1,101-500 ms,1
2026-04-29,ISSUED_DOCUMENT_EVIDENCE,ANDROID,6.6.0,101-500 ms,2
2026-04-29,ISSUED_DOCUMENT_DETAILS,ANDROID,6.6.2,101-500 ms,907
2026-04-29,NON_ACTIONABLE_NOTIFICATION_DETAILS,ANDROID,6.7.0,101-500 ms,1
2026-04-29,ISSUED_DOCUMENT_EVIDENCE,ANDROID,6.5.0,5001-10000 ms,34
2026-04-29,ISSUED_DOCUMENT_EVIDENCE,ANDROID,6.6.1,5001-10000 ms,51
2026-04-29,ISSUED_DOCUMENT_DETAILS,ANDROID,6.5.0,5001-10000 ms,2
2026-04-29,ISSUED_DOCUMENT_EVIDENCE,ANDROID,6.6.0,5001-10000 ms,801
2026-04-29,DOCUMENTS_LIST,ANDROID,6.6.1,5001-10000 ms,79
2026-04-29,DOCUMENTS_LIST,ANDROID,6.5.1,5001-10000 ms,132
2026-04-29,ISSUED_DOCUMENT_DETAILS,ANDROID,6.6.2,5001-10000 ms,1165
2026-04-29,DOCUMENTS_LIST,ANDROID,6.6.2,5001-10000 ms,9332
2026-04-29,ISSUED_DOCUMENT_DETAILS,ANDROID,6.5.1,5001-10000 ms,18
2026-04-29,ISSUED_DOCUMENT_EVIDENCE,ANDROID,6.5.1,5001-10000 ms,89
2026-04-29,ISSUED_DOCUMENT_DETAILS,ANDROID,6.6.1,5001-10000 ms,9
2026-04-29,ISSUED_DOCUMENT_DETAILS,ANDROID,6.6.0,5001-10000 ms,177
2026-04-29,DOCUMENTS_LIST,ANDROID,6.6.0,5001-10000 ms,1626
2026-04-29,ISSUED_DOCUMENT_EVIDENCE,ANDROID,6.6.2,5001-10000 ms,5625
2026-04-29,DOCUMENTS_LIST,ANDROID,6.5.0,5001-10000 ms,71
2026-04-29,ISSUED_DOCUMENT_EVIDENCE,ANDROID,6.5.1,501-1000 ms,3
2026-04-29,ISSUED_DOCUMENT_EVIDENCE,ANDROID,6.6.0,501-1000 ms,39
2026-04-29,ISSUED_DOCUMENT_EVIDENCE,ANDROID,6.5.0,501-1000 ms,3
2026-04-29,DOCUMENTS_LIST,ANDROID,6.6.2,501-1000 ms,3
2026-04-29,DOCUMENTS_LIST,ANDROID,6.6.0,501-1000 ms,1
2026-04-29,ISSUED_DOCUMENT_DETAILS,ANDROID,6.5.1,501-1000 ms,100
2026-04-29,ISSUED_DOCUMENT_DETAILS,ANDROID,6.6.1,501-1000 ms,51
2026-04-29,ISSUED_DOCUMENT_DETAILS,ANDROID,6.6.2,501-1000 ms,7482
2026-04-29,ISSUED_DOCUMENT_DETAILS,ANDROID,6.7.0,501-1000 ms,2
2026-04-29,ISSUED_DOCUMENT_DETAILS,ANDROID,6.5.0,501-1000 ms,31
2026-04-29,ISSUED_DOCUMENT_DETAILS,ANDROID,6.6.0,501-1000 ms,941
2026-04-29,QR_VERIFICATION,ANDROID,6.7.0,501-1000 ms,1
2026-04-29,ISSUED_DOCUMENT_EVIDENCE,ANDROID,6.6.2,501-1000 ms,391
2026-04-29,ISSUED_DOCUMENT_DETAILS,ANDROID,6.6.2,51-100 ms,1
2026-04-29,DOCUMENTS_LIST,ANDROID,6.5.0,< 0 ms,1
2026-04-29,ISSUED_DOCUMENT_EVIDENCE,ANDROID,6.6.2,< 0 ms,4
2026-04-29,DOCUMENTS_LIST,ANDROID,6.6.0,< 0 ms,17
2026-04-29,DOCUMENTS_LIST,ANDROID,6.5.1,< 0 ms,1
2026-04-29,DOCUMENTS_LIST,ANDROID,6.6.2,< 0 ms,78
2026-04-29,ISSUED_DOCUMENT_DETAILS,ANDROID,6.6.2,< 0 ms,3
2026-04-29,DOCUMENTS_LIST,ANDROID,6.5.0,= 0 ms,41
2026-04-29,ISSUED_DOCUMENT_EVIDENCE,ANDROID,6.5.1,= 0 ms,87
2026-04-29,DOCUMENTS_LIST,ANDROID,6.6.0,= 0 ms,1124
2026-04-29,ISSUED_DOCUMENT_EVIDENCE,ANDROID,6.6.0,= 0 ms,803
2026-04-29,ISSUED_DOCUMENT_DETAILS,ANDROID,6.5.0,= 0 ms,46
2026-04-29,ISSUED_DOCUMENT_DETAILS,ANDROID,6.5.1,= 0 ms,96
2026-04-29,DOCUMENTS_LIST,ANDROID,6.5.1,= 0 ms,107
2026-04-29,DOCUMENTS_LIST,ANDROID,6.6.1,= 0 ms,52
2026-04-29,ISSUED_DOCUMENT_EVIDENCE,ANDROID,6.6.2,= 0 ms,5860
2026-04-29,ISSUED_DOCUMENT_DETAILS,ANDROID,6.6.2,= 0 ms,7049
2026-04-29,ISSUED_DOCUMENT_EVIDENCE,ANDROID,6.6.1,= 0 ms,43
2026-04-29,ISSUED_DOCUMENT_EVIDENCE,ANDROID,6.5.0,= 0 ms,35
2026-04-29,DOCUMENTS_LIST,ANDROID,6.6.2,= 0 ms,7465
2026-04-29,ISSUED_DOCUMENT_DETAILS,ANDROID,6.6.1,= 0 ms,51
2026-04-29,ISSUED_DOCUMENT_DETAILS,ANDROID,6.6.0,= 0 ms,905
2026-04-30,ISSUERS_LIST,ANDROID,6.7.0,10000+ ms,38
2026-04-30,ISSUED_DOCUMENT_DETAILS,ANDROID,6.6.1,10000+ ms,49
2026-04-30,ISSUED_DOCUMENT_EVIDENCE,ANDROID,6.5.1,10000+ ms,150
2026-04-30,ISSUED_DOCUMENT_EVIDENCE,ANDROID,6.6.1,10000+ ms,52
2026-04-30,DOCUMENTS_LIST,ANDROID,6.6.2,10000+ ms,5473
2026-04-30,ISSUED_DOCUMENT_EVIDENCE,ANDROID,6.6.2,10000+ ms,8953
2026-04-30,ISSUED_DOCUMENT_EVIDENCE,ANDROID,6.7.0,10000+ ms,42
2026-04-30,ISSUED_DOCUMENT_DETAILS,ANDROID,6.6.0,10000+ ms,1259
2026-04-30,ISSUED_DOCUMENT_DETAILS,ANDROID,6.5.1,10000+ ms,136
2026-04-30,DOCUMENTS_LIST,ANDROID,6.6.1,10000+ ms,38
2026-04-30,DOCUMENTS_LIST,ANDROID,6.5.1,10000+ ms,85
2026-04-30,ISSUED_DOCUMENT_DETAILS,ANDROID,6.7.0,10000+ ms,25
2026-04-30,QR_VERIFICATION,ANDROID,6.7.0,10000+ ms,4
2026-04-30,NOTIFICATIONS_LIST,ANDROID,6.7.0,10000+ ms,6
2026-04-30,DOWNLOAD_SELF_SIGN_DOCUMENT,ANDROID,6.7.0,10000+ ms,1
2026-04-30,ISSUED_DOCUMENT_DETAILS,ANDROID,6.6.2,10000+ ms,8807
2026-04-30,ISSUED_DOCUMENT_EVIDENCE,ANDROID,6.5.0,10000+ ms,76
2026-04-30,ACTIONABLE_NOTIFICATION_DETAILS,ANDROID,6.7.0,10000+ ms,31
2026-04-30,DOCUMENTS_LIST,ANDROID,6.7.0,10000+ ms,13
2026-04-30,NON_ACTIONABLE_NOTIFICATION_DETAILS,ANDROID,6.7.0,10000+ ms,2
2026-04-30,DOCUMENTS_LIST,ANDROID,6.5.0,10000+ ms,23
2026-04-30,ISSUED_DOCUMENT_DETAILS,ANDROID,6.5.0,10000+ ms,61
2026-04-30,ISSUED_DOCUMENT_EVIDENCE,ANDROID,6.6.0,10000+ ms,1316
2026-04-30,DOCUMENTS_LIST,ANDROID,6.6.0,10000+ ms,861
2026-04-30,DOWNLOAD_DOCUMENT,ANDROID,6.7.0,1001-5000 ms,2
2026-04-30,DOCUMENTS_LIST,ANDROID,6.6.1,1001-5000 ms,502
2026-04-30,ISSUERS_LIST,ANDROID,6.7.0,1001-5000 ms,197
2026-04-30,ISSUED_DOCUMENT_EVIDENCE,ANDROID,6.5.0,1001-5000 ms,60
2026-04-30,ISSUED_DOCUMENT_DETAILS,ANDROID,6.6.2,1001-5000 ms,11948
2026-04-30,DOCUMENTS_LIST,ANDROID,6.5.0,1001-5000 ms,505
2026-04-30,ISSUED_DOCUMENT_DETAILS,ANDROID,6.5.0,1001-5000 ms,80
2026-04-30,ISSUED_DOCUMENT_EVIDENCE,ANDROID,6.6.0,1001-5000 ms,1158
2026-04-30,ISSUED_DOCUMENT_EVIDENCE,ANDROID,6.6.1,1001-5000 ms,43
2026-04-30,ISSUED_DOCUMENT_DETAILS,ANDROID,6.7.0,1001-5000 ms,107
2026-04-30,DOCUMENTS_LIST,ANDROID,6.6.0,1001-5000 ms,11617
2026-04-30,ISSUED_DOCUMENT_DETAILS,ANDROID,6.5.1,1001-5000 ms,194
2026-04-30,ISSUED_DOCUMENT_DETAILS,ANDROID,6.6.1,1001-5000 ms,84
2026-04-30,UPLOADED_DOCUMENT_EVIDENCE,ANDROID,6.7.0,1001-5000 ms,5
2026-04-30,ACTIONABLE_NOTIFICATION_DETAILS,ANDROID,6.7.0,1001-5000 ms,49
2026-04-30,DOWNLOAD_SELF_SIGN_DOCUMENT,ANDROID,6.7.0,1001-5000 ms,5
2026-04-30,ISSUED_DOCUMENT_EVIDENCE,ANDROID,6.6.2,1001-5000 ms,9553
2026-04-30,NOTIFICATIONS_LIST,ANDROID,6.7.0,1001-5000 ms,84
2026-04-30,DOCUMENTS_LIST,ANDROID,6.7.0,1001-5000 ms,416
2026-04-30,QR_VERIFICATION,ANDROID,6.7.0,1001-5000 ms,7
2026-04-30,ISSUED_DOCUMENT_DETAILS,ANDROID,6.6.0,1001-5000 ms,1799
2026-04-30,ISSUED_DOCUMENT_EVIDENCE,ANDROID,6.7.0,1001-5000 ms,75
2026-04-30,NON_ACTIONABLE_NOTIFICATION_DETAILS,ANDROID,6.7.0,1001-5000 ms,33
2026-04-30,ISSUED_DOCUMENT_EVIDENCE,ANDROID,6.5.1,1001-5000 ms,130
2026-04-30,DOCUMENTS_LIST,ANDROID,6.6.2,1001-5000 ms,90819
2026-04-30,DOCUMENTS_LIST,ANDROID,6.5.1,1001-5000 ms,1218
2026-04-30,ISSUED_DOCUMENT_DETAILS,ANDROID,6.6.1,101-500 ms,3
2026-04-30,ISSUED_DOCUMENT_DETAILS,ANDROID,6.5.0,101-500 ms,3
2026-04-30,QR_VERIFICATION,ANDROID,6.7.0,101-500 ms,2
2026-04-30,UPLOADED_DOCUMENT_EVIDENCE,ANDROID,6.7.0,101-500 ms,2
2026-04-30,NON_ACTIONABLE_NOTIFICATION_DETAILS,ANDROID,6.7.0,101-500 ms,250
2026-04-30,ISSUED_DOCUMENT_EVIDENCE,ANDROID,6.6.0,101-500 ms,5
2026-04-30,ISSUED_DOCUMENT_EVIDENCE,ANDROID,6.6.2,101-500 ms,42
2026-04-30,ISSUED_DOCUMENT_DETAILS,ANDROID,6.5.1,101-500 ms,9
2026-04-30,ISSUED_DOCUMENT_DETAILS,ANDROID,6.6.2,101-500 ms,803
2026-04-30,NOTIFICATIONS_LIST,ANDROID,6.7.0,101-500 ms,287
2026-04-30,ISSUED_DOCUMENT_EVIDENCE,ANDROID,6.5.1,101-500 ms,1
2026-04-30,ISSUED_DOCUMENT_DETAILS,ANDROID,6.7.0,101-500 ms,21
2026-04-30,DOCUMENTS_LIST,ANDROID,6.5.1,101-500 ms,1
2026-04-30,DOCUMENTS_LIST,ANDROID,6.6.2,101-500 ms,29
2026-04-30,ISSUED_DOCUMENT_DETAILS,ANDROID,6.6.0,101-500 ms,91
2026-04-30,ISSUED_DOCUMENT_EVIDENCE,ANDROID,6.7.0,101-500 ms,2
2026-04-30,DOCUMENTS_LIST,ANDROID,6.6.0,101-500 ms,5
2026-04-30,ISSUED_DOCUMENT_EVIDENCE,ANDROID,6.5.1,5001-10000 ms,82
2026-04-30,ISSUED_DOCUMENT_DETAILS,ANDROID,6.6.2,5001-10000 ms,1158
2026-04-30,NOTIFICATIONS_LIST,ANDROID,6.7.0,5001-10000 ms,12
2026-04-30,NON_ACTIONABLE_NOTIFICATION_DETAILS,ANDROID,6.7.0,5001-10000 ms,3
2026-04-30,DOWNLOAD_SELF_SIGN_DOCUMENT,ANDROID,6.7.0,5001-10000 ms,1
2026-04-30,ISSUED_DOCUMENT_EVIDENCE,ANDROID,6.6.0,5001-10000 ms,759
2026-04-30,QR_VERIFICATION,ANDROID,6.7.0,5001-10000 ms,3
2026-04-30,ISSUED_DOCUMENT_DETAILS,ANDROID,6.6.1,5001-10000 ms,8
2026-04-30,ACTIONABLE_NOTIFICATION_DETAILS,ANDROID,6.7.0,5001-10000 ms,12
2026-04-30,DOCUMENTS_LIST,ANDROID,6.7.0,5001-10000 ms,32
2026-04-30,ISSUED_DOCUMENT_DETAILS,ANDROID,6.6.0,5001-10000 ms,141
2026-04-30,ISSUED_DOCUMENT_DETAILS,ANDROID,6.7.0,5001-10000 ms,8
2026-04-30,ISSUED_DOCUMENT_EVIDENCE,ANDROID,6.6.2,5001-10000 ms,5274
2026-04-30,ISSUED_DOCUMENT_EVIDENCE,ANDROID,6.7.0,5001-10000 ms,71
2026-04-30,DOCUMENTS_LIST,ANDROID,6.6.0,5001-10000 ms,1497
2026-04-30,ISSUED_DOCUMENT_DETAILS,ANDROID,6.5.0,5001-10000 ms,12
2026-04-30,DOCUMENTS_LIST,ANDROID,6.5.0,5001-10000 ms,51
2026-04-30,ISSUERS_LIST,ANDROID,6.7.0,5001-10000 ms,3
2026-04-30,ISSUED_DOCUMENT_DETAILS,ANDROID,6.5.1,5001-10000 ms,13
2026-04-30,ISSUED_DOCUMENT_EVIDENCE,ANDROID,6.6.1,5001-10000 ms,28
2026-04-30,DOCUMENTS_LIST,ANDROID,6.5.1,5001-10000 ms,142
2026-04-30,UPLOADED_DOCUMENT_EVIDENCE,ANDROID,6.7.0,5001-10000 ms,3
2026-04-30,DOCUMENTS_LIST,ANDROID,6.6.1,5001-10000 ms,72
2026-04-30,ISSUED_DOCUMENT_EVIDENCE,ANDROID,6.5.0,5001-10000 ms,48
2026-04-30,DOCUMENTS_LIST,ANDROID,6.6.2,5001-10000 ms,9339
2026-04-30,ISSUED_DOCUMENT_EVIDENCE,ANDROID,6.6.2,501-1000 ms,328
2026-04-30,ISSUED_DOCUMENT_EVIDENCE,ANDROID,6.6.1,501-1000 ms,4
2026-04-30,QR_VERIFICATION,ANDROID,6.7.0,501-1000 ms,10
2026-04-30,ISSUED_DOCUMENT_DETAILS,ANDROID,6.7.0,501-1000 ms,88
2026-04-30,ISSUED_DOCUMENT_DETAILS,ANDROID,6.6.1,501-1000 ms,40
2026-04-30,ISSUED_DOCUMENT_DETAILS,ANDROID,6.5.0,501-1000 ms,55
2026-04-30,ISSUED_DOCUMENT_DETAILS,ANDROID,6.6.0,501-1000 ms,986
2026-04-30,DOCUMENTS_LIST,ANDROID,6.7.0,501-1000 ms,1
2026-04-30,ISSUED_DOCUMENT_EVIDENCE,ANDROID,6.7.0,501-1000 ms,7
2026-04-30,ISSUED_DOCUMENT_EVIDENCE,ANDROID,6.5.0,501-1000 ms,4
2026-04-30,ISSUED_DOCUMENT_EVIDENCE,ANDROID,6.5.1,501-1000 ms,4
2026-04-30,DOCUMENTS_LIST,ANDROID,6.6.2,501-1000 ms,7
2026-04-30,NOTIFICATIONS_LIST,ANDROID,6.7.0,501-1000 ms,56
2026-04-30,ISSUED_DOCUMENT_DETAILS,ANDROID,6.6.2,501-1000 ms,7814
2026-04-30,NON_ACTIONABLE_NOTIFICATION_DETAILS,ANDROID,6.7.0,501-1000 ms,61
2026-04-30,ISSUED_DOCUMENT_DETAILS,ANDROID,6.5.1,501-1000 ms,101
2026-04-30,ISSUED_DOCUMENT_EVIDENCE,ANDROID,6.6.0,501-1000 ms,28
2026-04-30,NON_ACTIONABLE_NOTIFICATION_DETAILS,ANDROID,6.7.0,51-100 ms,2
2026-04-30,DOCUMENTS_LIST,ANDROID,6.6.2,51-100 ms,1
2026-04-30,ISSUED_DOCUMENT_EVIDENCE,ANDROID,6.6.2,51-100 ms,1
2026-04-30,NOTIFICATIONS_LIST,ANDROID,6.7.0,51-100 ms,20
2026-04-30,DOCUMENTS_LIST,ANDROID,6.7.0,< 0 ms,1
2026-04-30,ISSUED_DOCUMENT_DETAILS,ANDROID,6.6.2,< 0 ms,2
2026-04-30,DOCUMENTS_LIST,ANDROID,6.6.0,< 0 ms,10
2026-04-30,ISSUED_DOCUMENT_EVIDENCE,ANDROID,6.6.2,< 0 ms,3
2026-04-30,DOCUMENTS_LIST,ANDROID,6.6.2,< 0 ms,68
2026-04-30,NON_ACTIONABLE_NOTIFICATION_DETAILS,ANDROID,6.7.0,= 0 ms,2
2026-04-30,DOCUMENTS_LIST,ANDROID,6.7.0,= 0 ms,34
2026-04-30,ISSUED_DOCUMENT_DETAILS,ANDROID,6.6.1,= 0 ms,31
2026-04-30,ISSUED_DOCUMENT_EVIDENCE,ANDROID,6.6.1,= 0 ms,30
2026-04-30,ISSUED_DOCUMENT_EVIDENCE,ANDROID,6.6.0,= 0 ms,767
2026-04-30,ISSUED_DOCUMENT_EVIDENCE,ANDROID,6.5.0,= 0 ms,35
2026-04-30,ACTIONABLE_NOTIFICATION_DETAILS,ANDROID,6.7.0,= 0 ms,10
2026-04-30,DOCUMENTS_LIST,ANDROID,6.6.1,= 0 ms,38
2026-04-30,ISSUED_DOCUMENT_DETAILS,ANDROID,6.6.2,= 0 ms,6699
2026-04-30,ISSUED_DOCUMENT_DETAILS,ANDROID,6.6.0,= 0 ms,860
2026-04-30,NOTIFICATIONS_LIST,ANDROID,6.7.0,= 0 ms,18
2026-04-30,ISSUERS_LIST,ANDROID,6.7.0,= 0 ms,7
2026-04-30,ISSUED_DOCUMENT_EVIDENCE,ANDROID,6.7.0,= 0 ms,2
2026-04-30,ISSUED_DOCUMENT_EVIDENCE,ANDROID,6.6.2,= 0 ms,5648
2026-04-30,ISSUED_DOCUMENT_EVIDENCE,ANDROID,6.5.1,= 0 ms,105
2026-04-30,ISSUED_DOCUMENT_DETAILS,ANDROID,6.7.0,= 0 ms,3
2026-04-30,DOCUMENTS_LIST,ANDROID,6.5.0,= 0 ms,40
2026-04-30,DOCUMENTS_LIST,ANDROID,6.6.2,= 0 ms,7270
2026-04-30,ISSUED_DOCUMENT_DETAILS,ANDROID,6.5.1,= 0 ms,120
2026-04-30,DOCUMENTS_LIST,ANDROID,6.6.0,= 0 ms,1004
2026-04-30,DOCUMENTS_LIST,ANDROID,6.5.1,= 0 ms,89
2026-04-30,ISSUED_DOCUMENT_DETAILS,ANDROID,6.5.0,= 0 ms,41
2026-05-01,ISSUED_DOCUMENT_DETAILS,ANDROID,6.6.1,10000+ ms,48
2026-05-01,DOCUMENTS_LIST,ANDROID,6.5.1,10000+ ms,113
2026-05-01,ACTIONABLE_NOTIFICATION_DETAILS,ANDROID,6.7.0,10000+ ms,330
2026-05-01,ISSUED_DOCUMENT_DETAILS,ANDROID,6.7.0,10000+ ms,206
2026-05-01,ISSUED_DOCUMENT_DETAILS,ANDROID,6.5.1,10000+ ms,127
2026-05-01,ISSUED_DOCUMENT_DETAILS,ANDROID,6.6.0,10000+ ms,1097
2026-05-01,DOCUMENTS_LIST,ANDROID,6.5.0,10000+ ms,29
2026-05-01,NOTIFICATIONS_LIST,ANDROID,6.7.0,10000+ ms,115
2026-05-01,ISSUED_DOCUMENT_EVIDENCE,ANDROID,6.6.2,10000+ ms,7905
2026-05-01,ISSUERS_LIST,ANDROID,6.7.0,10000+ ms,158
2026-05-01,UPLOADED_DOCUMENT_EVIDENCE,ANDROID,6.7.0,10000+ ms,1
2026-05-01,ISSUED_DOCUMENT_DETAILS,ANDROID,6.5.0,10000+ ms,78
2026-05-01,ISSUED_DOCUMENT_EVIDENCE,ANDROID,6.6.1,10000+ ms,46
2026-05-01,DOWNLOAD_DOCUMENT,ANDROID,6.7.0,10000+ ms,2
2026-05-01,ISSUED_DOCUMENT_EVIDENCE,ANDROID,6.6.0,10000+ ms,1132
2026-05-01,DOCUMENTS_LIST,ANDROID,6.6.0,10000+ ms,908
2026-05-01,ISSUED_DOCUMENT_EVIDENCE,ANDROID,6.7.0,10000+ ms,269
2026-05-01,ISSUED_DOCUMENT_EVIDENCE,ANDROID,6.5.0,10000+ ms,72
2026-05-01,ISSUED_DOCUMENT_EVIDENCE,ANDROID,6.5.1,10000+ ms,101
2026-05-01,ISSUED_DOCUMENT_DETAILS,ANDROID,6.6.2,10000+ ms,7971
2026-05-01,DOCUMENTS_LIST,ANDROID,6.7.0,10000+ ms,114
2026-05-01,NON_ACTIONABLE_NOTIFICATION_DETAILS,ANDROID,6.7.0,10000+ ms,16
2026-05-01,QR_VERIFICATION,ANDROID,6.7.0,10000+ ms,17
2026-05-01,DOCUMENTS_LIST,ANDROID,6.6.2,10000+ ms,6408
2026-05-01,DOCUMENTS_LIST,ANDROID,6.6.1,10000+ ms,50
2026-05-01,ISSUED_DOCUMENT_DETAILS,ANDROID,6.6.0,1001-5000 ms,1482
2026-05-01,ISSUED_DOCUMENT_DETAILS,ANDROID,6.6.2,1001-5000 ms,10355
2026-05-01,NOTIFICATIONS_LIST,ANDROID,6.7.0,1001-5000 ms,754
2026-05-01,ISSUED_DOCUMENT_EVIDENCE,ANDROID,6.6.2,1001-5000 ms,8573
2026-05-01,DOCUMENTS_LIST,ANDROID,6.5.1,1001-5000 ms,1074
2026-05-01,DOCUMENTS_LIST,ANDROID,6.5.0,1001-5000 ms,441
2026-05-01,ISSUED_DOCUMENT_DETAILS,ANDROID,6.6.1,1001-5000 ms,86
2026-05-01,ISSUED_DOCUMENT_EVIDENCE,ANDROID,6.5.0,1001-5000 ms,60
2026-05-01,UPLOADED_DOCUMENT_EVIDENCE,ANDROID,6.7.0,1001-5000 ms,16
2026-05-01,ISSUED_DOCUMENT_DETAILS,ANDROID,6.7.0,1001-5000 ms,811
2026-05-01,NON_ACTIONABLE_NOTIFICATION_DETAILS,ANDROID,6.7.0,1001-5000 ms,421
2026-05-01,ISSUED_DOCUMENT_EVIDENCE,ANDROID,6.7.0,1001-5000 ms,748
2026-05-01,ISSUERS_LIST,ANDROID,6.7.0,1001-5000 ms,2111
2026-05-01,ISSUED_DOCUMENT_EVIDENCE,ANDROID,6.6.1,1001-5000 ms,57
2026-05-01,ISSUED_DOCUMENT_DETAILS,ANDROID,6.5.0,1001-5000 ms,75
2026-05-01,SHARE_DOCUMENT,ANDROID,6.7.0,1001-5000 ms,6
2026-05-01,ACTIONABLE_NOTIFICATION_DETAILS,ANDROID,6.7.0,1001-5000 ms,811
2026-05-01,DOWNLOAD_DOCUMENT,ANDROID,6.7.0,1001-5000 ms,17
2026-05-01,DOCUMENTS_LIST,ANDROID,6.6.0,1001-5000 ms,9903
2026-05-01,DOCUMENTS_LIST,ANDROID,6.6.2,1001-5000 ms,81347
2026-05-01,DOCUMENTS_LIST,ANDROID,6.6.1,1001-5000 ms,443
2026-05-01,ISSUED_DOCUMENT_EVIDENCE,ANDROID,6.6.0,1001-5000 ms,985
2026-05-01,ISSUED_DOCUMENT_EVIDENCE,ANDROID,6.5.1,1001-5000 ms,122
2026-05-01,ISSUED_DOCUMENT_DETAILS,ANDROID,6.5.1,1001-5000 ms,179
2026-05-01,DOCUMENTS_LIST,ANDROID,6.7.0,1001-5000 ms,4391
2026-05-01,QR_VERIFICATION,ANDROID,6.7.0,1001-5000 ms,105
2026-05-01,DOCUMENTS_LIST,ANDROID,6.7.0,101-500 ms,3
2026-05-01,DOCUMENTS_LIST,ANDROID,6.6.2,101-500 ms,17
2026-05-01,QR_VERIFICATION,ANDROID,6.7.0,101-500 ms,20
2026-05-01,ACTIONABLE_NOTIFICATION_DETAILS,ANDROID,6.7.0,101-500 ms,4
2026-05-01,ISSUED_DOCUMENT_DETAILS,ANDROID,6.6.1,101-500 ms,3
2026-05-01,DOWNLOAD_SELF_SIGN_DOCUMENT,ANDROID,6.7.0,101-500 ms,4
2026-05-01,ISSUED_DOCUMENT_DETAILS,ANDROID,6.6.2,101-500 ms,847
2026-05-01,ISSUED_DOCUMENT_EVIDENCE,ANDROID,6.6.2,101-500 ms,56
2026-05-01,UPLOADED_DOCUMENT_EVIDENCE,ANDROID,6.7.0,101-500 ms,11
2026-05-01,ISSUED_DOCUMENT_EVIDENCE,ANDROID,6.5.1,101-500 ms,1
2026-05-01,NOTIFICATIONS_LIST,ANDROID,6.7.0,101-500 ms,3299
2026-05-01,ISSUED_DOCUMENT_DETAILS,ANDROID,6.7.0,101-500 ms,134
2026-05-01,ISSUED_DOCUMENT_EVIDENCE,ANDROID,6.7.0,101-500 ms,7
2026-05-01,ISSUED_DOCUMENT_DETAILS,ANDROID,6.5.1,101-500 ms,10
2026-05-01,ISSUED_DOCUMENT_DETAILS,ANDROID,6.5.0,101-500 ms,8
2026-05-01,ISSUED_DOCUMENT_EVIDENCE,ANDROID,6.6.0,101-500 ms,1
2026-05-01,ISSUED_DOCUMENT_DETAILS,ANDROID,6.6.0,101-500 ms,83
2026-05-01,NON_ACTIONABLE_NOTIFICATION_DETAILS,ANDROID,6.7.0,101-500 ms,2943
2026-05-01,QR_VERIFICATION,ANDROID,6.7.0,5001-10000 ms,19
2026-05-01,ISSUED_DOCUMENT_DETAILS,ANDROID,6.6.0,5001-10000 ms,159
2026-05-01,DOCUMENTS_LIST,ANDROID,6.6.1,5001-10000 ms,67
2026-05-01,ISSUERS_LIST,ANDROID,6.7.0,5001-10000 ms,53
2026-05-01,ISSUED_DOCUMENT_EVIDENCE,ANDROID,6.5.0,5001-10000 ms,32
2026-05-01,ISSUED_DOCUMENT_EVIDENCE,ANDROID,6.5.1,5001-10000 ms,73
2026-05-01,ISSUED_DOCUMENT_DETAILS,ANDROID,6.5.1,5001-10000 ms,15
2026-05-01,NON_ACTIONABLE_NOTIFICATION_DETAILS,ANDROID,6.7.0,5001-10000 ms,22
2026-05-01,ISSUED_DOCUMENT_DETAILS,ANDROID,6.6.1,5001-10000 ms,6
2026-05-01,ISSUED_DOCUMENT_EVIDENCE,ANDROID,6.6.1,5001-10000 ms,32
2026-05-01,UPLOADED_DOCUMENT_EVIDENCE,ANDROID,6.7.0,5001-10000 ms,3
2026-05-01,ISSUED_DOCUMENT_EVIDENCE,ANDROID,6.6.0,5001-10000 ms,618
2026-05-01,ISSUED_DOCUMENT_DETAILS,ANDROID,6.5.0,5001-10000 ms,5
2026-05-01,DOCUMENTS_LIST,ANDROID,6.5.0,5001-10000 ms,66
2026-05-01,DOWNLOAD_SELF_SIGN_DOCUMENT,ANDROID,6.7.0,5001-10000 ms,1
2026-05-01,ISSUED_DOCUMENT_DETAILS,ANDROID,6.6.2,5001-10000 ms,1031
2026-05-01,DOCUMENTS_LIST,ANDROID,6.5.1,5001-10000 ms,141
2026-05-01,DOWNLOAD_DOCUMENT,ANDROID,6.7.0,5001-10000 ms,4
2026-05-01,ISSUED_DOCUMENT_EVIDENCE,ANDROID,6.6.2,5001-10000 ms,4691
2026-05-01,ACTIONABLE_NOTIFICATION_DETAILS,ANDROID,6.7.0,5001-10000 ms,160
2026-05-01,ISSUED_DOCUMENT_EVIDENCE,ANDROID,6.7.0,5001-10000 ms,384
2026-05-01,NOTIFICATIONS_LIST,ANDROID,6.7.0,5001-10000 ms,103
2026-05-01,DOCUMENTS_LIST,ANDROID,6.6.2,5001-10000 ms,9295
2026-05-01,ISSUED_DOCUMENT_DETAILS,ANDROID,6.7.0,5001-10000 ms,64
2026-05-01,DOCUMENTS_LIST,ANDROID,6.6.0,5001-10000 ms,1431
2026-05-01,DOCUMENTS_LIST,ANDROID,6.7.0,5001-10000 ms,318
2026-05-01,ISSUED_DOCUMENT_DETAILS,ANDROID,6.6.1,501-1000 ms,51
2026-05-01,DOWNLOAD_SELF_SIGN_DOCUMENT,ANDROID,6.7.0,501-1000 ms,5
2026-05-01,ISSUED_DOCUMENT_EVIDENCE,ANDROID,6.6.2,501-1000 ms,361
2026-05-01,ISSUED_DOCUMENT_DETAILS,ANDROID,6.7.0,501-1000 ms,828
2026-05-01,ISSUED_DOCUMENT_DETAILS,ANDROID,6.5.1,501-1000 ms,86
2026-05-01,ISSUED_DOCUMENT_DETAILS,ANDROID,6.6.0,501-1000 ms,875
2026-05-01,ISSUED_DOCUMENT_EVIDENCE,ANDROID,6.5.0,501-1000 ms,1
2026-05-01,DOCUMENTS_LIST,ANDROID,6.7.0,501-1000 ms,1
2026-05-01,DOWNLOAD_DOCUMENT,ANDROID,6.7.0,501-1000 ms,1
2026-05-01,ISSUED_DOCUMENT_EVIDENCE,ANDROID,6.6.1,501-1000 ms,2
2026-05-01,QR_VERIFICATION,ANDROID,6.7.0,501-1000 ms,94
2026-05-01,ACTIONABLE_NOTIFICATION_DETAILS,ANDROID,6.7.0,501-1000 ms,1
2026-05-01,ISSUED_DOCUMENT_EVIDENCE,ANDROID,6.7.0,501-1000 ms,38
2026-05-01,UPLOADED_DOCUMENT_EVIDENCE,ANDROID,6.7.0,501-1000 ms,20
2026-05-01,DOCUMENT_SELECTION_ISSUED_LIST,ANDROID,6.7.0,501-1000 ms,2
2026-05-01,DOCUMENTS_LIST,ANDROID,6.6.2,501-1000 ms,3
2026-05-01,ISSUED_DOCUMENT_EVIDENCE,ANDROID,6.6.0,501-1000 ms,28
2026-05-01,ISSUED_DOCUMENT_DETAILS,ANDROID,6.6.2,501-1000 ms,8004
2026-05-01,NOTIFICATIONS_LIST,ANDROID,6.7.0,501-1000 ms,547
2026-05-01,ISSUED_DOCUMENT_DETAILS,ANDROID,6.5.0,501-1000 ms,52
2026-05-01,ISSUERS_LIST,ANDROID,6.7.0,501-1000 ms,3
2026-05-01,NON_ACTIONABLE_NOTIFICATION_DETAILS,ANDROID,6.7.0,501-1000 ms,636
2026-05-01,ISSUED_DOCUMENT_EVIDENCE,ANDROID,6.5.1,501-1000 ms,1
2026-05-01,ISSUED_DOCUMENT_DETAILS,ANDROID,6.6.2,51-100 ms,4
2026-05-01,NON_ACTIONABLE_NOTIFICATION_DETAILS,ANDROID,6.7.0,51-100 ms,1
2026-05-01,NOTIFICATIONS_LIST,ANDROID,6.7.0,51-100 ms,137
2026-05-01,ISSUED_DOCUMENT_EVIDENCE,ANDROID,6.6.2,< 0 ms,1
2026-05-01,DOCUMENTS_LIST,ANDROID,6.6.0,< 0 ms,8
2026-05-01,ISSUED_DOCUMENT_DETAILS,ANDROID,6.6.0,< 0 ms,2
2026-05-01,DOCUMENTS_LIST,ANDROID,6.6.2,< 0 ms,66
2026-05-01,ISSUERS_LIST,ANDROID,6.7.0,< 0 ms,1
2026-05-01,DOCUMENTS_LIST,ANDROID,6.7.0,< 0 ms,2
2026-05-01,ACTIONABLE_NOTIFICATION_DETAILS,ANDROID,6.7.0,< 0 ms,5
2026-05-01,DOCUMENT_SELECTION_ISSUED_LIST,ANDROID,6.7.0,= 0 ms,1
2026-05-01,NOTIFICATIONS_LIST,ANDROID,6.7.0,= 0 ms,138
2026-05-01,ISSUED_DOCUMENT_DETAILS,ANDROID,6.6.1,= 0 ms,22
2026-05-01,ISSUED_DOCUMENT_DETAILS,ANDROID,6.6.0,= 0 ms,741
2026-05-01,ISSUED_DOCUMENT_EVIDENCE,ANDROID,6.6.0,= 0 ms,664
2026-05-01,DOCUMENTS_LIST,ANDROID,6.7.0,= 0 ms,357
2026-05-01,SHARE_DOCUMENT,ANDROID,6.7.0,= 0 ms,1
2026-05-01,DOCUMENTS_LIST,ANDROID,6.5.0,= 0 ms,35
2026-05-01,ISSUED_DOCUMENT_EVIDENCE,ANDROID,6.7.0,= 0 ms,33
2026-05-01,ISSUED_DOCUMENT_DETAILS,ANDROID,6.5.0,= 0 ms,41
2026-05-01,QR_VERIFICATION,ANDROID,6.7.0,= 0 ms,3
2026-05-01,DOCUMENTS_LIST,ANDROID,6.5.1,= 0 ms,85
2026-05-01,ISSUED_DOCUMENT_DETAILS,ANDROID,6.5.1,= 0 ms,71
2026-05-01,ISSUED_DOCUMENT_DETAILS,ANDROID,6.6.2,= 0 ms,6213
2026-05-01,ISSUERS_LIST,ANDROID,6.7.0,= 0 ms,84
2026-05-01,DOCUMENTS_LIST,ANDROID,6.6.2,= 0 ms,6692
2026-05-01,ISSUED_DOCUMENT_DETAILS,ANDROID,6.7.0,= 0 ms,7
2026-05-01,UPLOADED_DOCUMENT_EVIDENCE,ANDROID,6.7.0,= 0 ms,1
2026-05-01,ISSUED_DOCUMENT_EVIDENCE,ANDROID,6.5.0,= 0 ms,32
2026-05-01,ISSUED_DOCUMENT_EVIDENCE,ANDROID,6.6.2,= 0 ms,5040
2026-05-01,ISSUED_DOCUMENT_EVIDENCE,ANDROID,6.6.1,= 0 ms,22
2026-05-01,NON_ACTIONABLE_NOTIFICATION_DETAILS,ANDROID,6.7.0,= 0 ms,40
2026-05-01,DOWNLOAD_DOCUMENT,ANDROID,6.7.0,= 0 ms,1
2026-05-01,DOCUMENTS_LIST,ANDROID,6.6.1,= 0 ms,37
2026-05-01,ACTIONABLE_NOTIFICATION_DETAILS,ANDROID,6.7.0,= 0 ms,208
2026-05-01,ISSUED_DOCUMENT_EVIDENCE,ANDROID,6.5.1,= 0 ms,71
2026-05-01,DOCUMENTS_LIST,ANDROID,6.6.0,= 0 ms,902
2026-05-02,NOTIFICATIONS_LIST,ANDROID,6.7.0,1-50 ms,1
2026-05-02,ACTIONABLE_NOTIFICATION_DETAILS,ANDROID,6.7.0,1-50 ms,2
2026-05-02,DOCUMENTS_LIST,ANDROID,6.7.0,10000+ ms,142
2026-05-02,ACTIONABLE_NOTIFICATION_DETAILS,ANDROID,6.7.0,10000+ ms,416
2026-05-02,ISSUED_DOCUMENT_EVIDENCE,ANDROID,6.6.2,10000+ ms,6987
2026-05-02,DOCUMENTS_LIST,ANDROID,6.6.0,10000+ ms,666
2026-05-02,ISSUED_DOCUMENT_DETAILS,ANDROID,6.6.0,10000+ ms,998
2026-05-02,DOCUMENTS_LIST,ANDROID,6.6.2,10000+ ms,4613
2026-05-02,ISSUED_DOCUMENT_DETAILS,ANDROID,6.6.2,10000+ ms,7197
2026-05-02,ISSUED_DOCUMENT_EVIDENCE,ANDROID,6.6.1,10000+ ms,41
2026-05-02,DOWNLOAD_DOCUMENT,ANDROID,6.7.0,10000+ ms,4
2026-05-02,UPLOADED_DOCUMENT_EVIDENCE,ANDROID,6.7.0,10000+ ms,4
2026-05-02,ISSUED_DOCUMENT_EVIDENCE,ANDROID,6.7.0,10000+ ms,363
2026-05-02,DOCUMENTS_LIST,ANDROID,6.5.0,10000+ ms,23
2026-05-02,SHARE_DOCUMENT,ANDROID,6.7.0,10000+ ms,2
2026-05-02,ISSUED_DOCUMENT_DETAILS,ANDROID,6.7.0,10000+ ms,267
2026-05-02,ISSUED_DOCUMENT_EVIDENCE,ANDROID,6.6.0,10000+ ms,964
2026-05-02,ISSUED_DOCUMENT_EVIDENCE,ANDROID,6.5.1,10000+ ms,140
2026-05-02,ISSUED_DOCUMENT_DETAILS,ANDROID,6.5.1,10000+ ms,128
2026-05-02,NON_ACTIONABLE_NOTIFICATION_DETAILS,ANDROID,6.7.0,10000+ ms,12
2026-05-02,ISSUED_DOCUMENT_DETAILS,ANDROID,6.6.1,10000+ ms,32
2026-05-02,DOCUMENTS_LIST,ANDROID,6.5.1,10000+ ms,62
2026-05-02,ISSUED_DOCUMENT_DETAILS,ANDROID,6.5.0,10000+ ms,36
2026-05-02,QR_VERIFICATION,ANDROID,6.7.0,10000+ ms,29
2026-05-02,DOCUMENTS_LIST,ANDROID,6.6.1,10000+ ms,13
2026-05-02,NOTIFICATIONS_LIST,ANDROID,6.7.0,10000+ ms,102
2026-05-02,DOWNLOAD_SELF_SIGN_DOCUMENT,ANDROID,6.7.0,10000+ ms,7
2026-05-02,ISSUED_DOCUMENT_EVIDENCE,ANDROID,6.5.0,10000+ ms,60
2026-05-02,DOCUMENT_SELECTION_ISSUED_LIST,ANDROID,6.7.0,10000+ ms,1
2026-05-02,ISSUERS_LIST,ANDROID,6.7.0,10000+ ms,199
2026-05-02,DOCUMENTS_LIST,ANDROID,6.5.0,1001-5000 ms,375
2026-05-02,ISSUED_DOCUMENT_EVIDENCE,ANDROID,6.6.1,1001-5000 ms,31
2026-05-02,ISSUED_DOCUMENT_DETAILS,ANDROID,6.5.0,1001-5000 ms,70
2026-05-02,DOCUMENT_SELECTION_ISSUED_LIST,ANDROID,6.7.0,1001-5000 ms,3
2026-05-02,QR_VERIFICATION,ANDROID,6.7.0,1001-5000 ms,134
2026-05-02,ISSUED_DOCUMENT_DETAILS,ANDROID,6.7.0,1001-5000 ms,1009
2026-05-02,NOTIFICATIONS_LIST,ANDROID,6.7.0,1001-5000 ms,921
2026-05-02,ISSUED_DOCUMENT_DETAILS,ANDROID,6.6.0,1001-5000 ms,1225
2026-05-02,ISSUED_DOCUMENT_EVIDENCE,ANDROID,6.6.2,1001-5000 ms,8191
2026-05-02,ISSUED_DOCUMENT_DETAILS,ANDROID,6.5.1,1001-5000 ms,156
2026-05-02,NON_ACTIONABLE_NOTIFICATION_DETAILS,ANDROID,6.7.0,1001-5000 ms,438
2026-05-02,DOCUMENTS_LIST,ANDROID,6.7.0,1001-5000 ms,6535
2026-05-02,DOCUMENTS_LIST,ANDROID,6.6.1,1001-5000 ms,359
2026-05-02,UPLOADED_DOCUMENT_EVIDENCE,ANDROID,6.7.0,1001-5000 ms,23
2026-05-02,DOCUMENTS_LIST,ANDROID,6.5.1,1001-5000 ms,975
2026-05-02,ACTIONABLE_NOTIFICATION_DETAILS,ANDROID,6.7.0,1001-5000 ms,1293
2026-05-02,DOCUMENTS_LIST,ANDROID,6.6.0,1001-5000 ms,8793
2026-05-02,ISSUERS_LIST,ANDROID,6.7.0,1001-5000 ms,2985
2026-05-02,ISSUED_DOCUMENT_DETAILS,ANDROID,6.6.2,1001-5000 ms,8617
2026-05-02,DOWNLOAD_SELF_SIGN_DOCUMENT,ANDROID,6.7.0,1001-5000 ms,7
2026-05-02,ISSUED_DOCUMENT_DETAILS,ANDROID,6.6.1,1001-5000 ms,59
2026-05-02,ISSUED_DOCUMENT_EVIDENCE,ANDROID,6.6.0,1001-5000 ms,895
2026-05-02,ISSUED_DOCUMENT_EVIDENCE,ANDROID,6.7.0,1001-5000 ms,984
2026-05-02,DOCUMENTS_LIST,ANDROID,6.6.2,1001-5000 ms,74362
2026-05-02,ISSUED_DOCUMENT_EVIDENCE,ANDROID,6.5.1,1001-5000 ms,113
2026-05-02,SHARE_DOCUMENT,ANDROID,6.7.0,1001-5000 ms,14
2026-05-02,DOWNLOAD_DOCUMENT,ANDROID,6.7.0,1001-5000 ms,26
2026-05-02,ISSUED_DOCUMENT_EVIDENCE,ANDROID,6.5.0,1001-5000 ms,46
2026-05-02,ISSUED_DOCUMENT_DETAILS,ANDROID,6.5.0,101-500 ms,5
2026-05-02,DOWNLOAD_SELF_SIGN_DOCUMENT,ANDROID,6.7.0,101-500 ms,2
2026-05-02,ISSUED_DOCUMENT_DETAILS,ANDROID,6.7.0,101-500 ms,270
2026-05-02,DOCUMENTS_LIST,ANDROID,6.7.0,101-500 ms,9
2026-05-02,DOCUMENTS_LIST,ANDROID,6.6.0,101-500 ms,2
2026-05-02,UPLOADED_DOCUMENT_EVIDENCE,ANDROID,6.7.0,101-500 ms,19
2026-05-02,DOWNLOAD_DOCUMENT,ANDROID,6.7.0,101-500 ms,1
2026-05-02,NON_ACTIONABLE_NOTIFICATION_DETAILS,ANDROID,6.7.0,101-500 ms,4266
2026-05-02,DOCUMENTS_LIST,ANDROID,6.6.2,101-500 ms,18
2026-05-02,ISSUED_DOCUMENT_DETAILS,ANDROID,6.6.1,101-500 ms,3
2026-05-02,NOTIFICATIONS_LIST,ANDROID,6.7.0,101-500 ms,4726
2026-05-02,ISSUED_DOCUMENT_DETAILS,ANDROID,6.6.2,101-500 ms,1014
2026-05-02,ISSUERS_LIST,ANDROID,6.7.0,101-500 ms,3
2026-05-02,ISSUED_DOCUMENT_DETAILS,ANDROID,6.5.1,101-500 ms,9
2026-05-02,ISSUED_DOCUMENT_EVIDENCE,ANDROID,6.6.2,101-500 ms,68
2026-05-02,ISSUED_DOCUMENT_EVIDENCE,ANDROID,6.6.0,101-500 ms,7
2026-05-02,ACTIONABLE_NOTIFICATION_DETAILS,ANDROID,6.7.0,101-500 ms,5
2026-05-02,ISSUED_DOCUMENT_DETAILS,ANDROID,6.6.0,101-500 ms,92
2026-05-02,QR_VERIFICATION,ANDROID,6.7.0,101-500 ms,42
2026-05-02,ISSUED_DOCUMENT_EVIDENCE,ANDROID,6.7.0,101-500 ms,20
2026-05-02,SHARE_DOCUMENT,ANDROID,6.7.0,5001-10000 ms,2
2026-05-02,DOCUMENTS_LIST,ANDROID,6.6.2,5001-10000 ms,7606
2026-05-02,ISSUED_DOCUMENT_DETAILS,ANDROID,6.6.0,5001-10000 ms,137
2026-05-02,ISSUED_DOCUMENT_DETAILS,ANDROID,6.5.1,5001-10000 ms,16
2026-05-02,NOTIFICATIONS_LIST,ANDROID,6.7.0,5001-10000 ms,85
2026-05-02,ISSUED_DOCUMENT_DETAILS,ANDROID,6.7.0,5001-10000 ms,104
2026-05-02,ISSUED_DOCUMENT_EVIDENCE,ANDROID,6.6.0,5001-10000 ms,567
2026-05-02,ISSUERS_LIST,ANDROID,6.7.0,5001-10000 ms,69
2026-05-02,ISSUED_DOCUMENT_EVIDENCE,ANDROID,6.5.1,5001-10000 ms,60
2026-05-02,NON_ACTIONABLE_NOTIFICATION_DETAILS,ANDROID,6.7.0,5001-10000 ms,27
2026-05-02,ISSUED_DOCUMENT_EVIDENCE,ANDROID,6.6.2,5001-10000 ms,3944
2026-05-02,ISSUED_DOCUMENT_DETAILS,ANDROID,6.6.2,5001-10000 ms,964
2026-05-02,DOCUMENTS_LIST,ANDROID,6.7.0,5001-10000 ms,328
2026-05-02,ISSUED_DOCUMENT_EVIDENCE,ANDROID,6.5.0,5001-10000 ms,27
2026-05-02,QR_VERIFICATION,ANDROID,6.7.0,5001-10000 ms,14
2026-05-02,ISSUED_DOCUMENT_EVIDENCE,ANDROID,6.6.1,5001-10000 ms,24
2026-05-02,DOWNLOAD_SELF_SIGN_DOCUMENT,ANDROID,6.7.0,5001-10000 ms,1
2026-05-02,ISSUED_DOCUMENT_DETAILS,ANDROID,6.6.1,5001-10000 ms,3
2026-05-02,DOCUMENTS_LIST,ANDROID,6.6.0,5001-10000 ms,1128
2026-05-02,ISSUED_DOCUMENT_EVIDENCE,ANDROID,6.7.0,5001-10000 ms,481
2026-05-02,DOCUMENTS_LIST,ANDROID,6.6.1,5001-10000 ms,42
2026-05-02,DOCUMENTS_LIST,ANDROID,6.5.0,5001-10000 ms,39
2026-05-02,DOCUMENTS_LIST,ANDROID,6.5.1,5001-10000 ms,120
2026-05-02,UPLOADED_DOCUMENT_EVIDENCE,ANDROID,6.7.0,5001-10000 ms,2
2026-05-02,ACTIONABLE_NOTIFICATION_DETAILS,ANDROID,6.7.0,5001-10000 ms,197
2026-05-02,ISSUED_DOCUMENT_DETAILS,ANDROID,6.5.0,5001-10000 ms,8
2026-05-02,ISSUED_DOCUMENT_DETAILS,ANDROID,6.5.1,501-1000 ms,96
2026-05-02,ISSUED_DOCUMENT_EVIDENCE,ANDROID,6.5.0,501-1000 ms,4
2026-05-02,NON_ACTIONABLE_NOTIFICATION_DETAILS,ANDROID,6.7.0,501-1000 ms,629
2026-05-02,QR_VERIFICATION,ANDROID,6.7.0,501-1000 ms,147
2026-05-02,ISSUED_DOCUMENT_EVIDENCE,ANDROID,6.6.2,501-1000 ms,481
2026-05-02,NOTIFICATIONS_LIST,ANDROID,6.7.0,501-1000 ms,744
2026-05-02,UPLOADED_DOCUMENT_EVIDENCE,ANDROID,6.7.0,501-1000 ms,22
2026-05-02,DOWNLOAD_SELF_SIGN_DOCUMENT,ANDROID,6.7.0,501-1000 ms,5
2026-05-02,ISSUED_DOCUMENT_DETAILS,ANDROID,6.5.0,501-1000 ms,52
2026-05-02,SHARE_DOCUMENT,ANDROID,6.7.0,501-1000 ms,1
2026-05-02,ISSUED_DOCUMENT_EVIDENCE,ANDROID,6.5.1,501-1000 ms,2
2026-05-02,ISSUED_DOCUMENT_EVIDENCE,ANDROID,6.7.0,501-1000 ms,82
2026-05-02,ISSUERS_LIST,ANDROID,6.7.0,501-1000 ms,9
2026-05-02,DOWNLOAD_DOCUMENT,ANDROID,6.7.0,501-1000 ms,2
2026-05-02,DOCUMENTS_LIST,ANDROID,6.6.2,501-1000 ms,3
2026-05-02,ISSUED_DOCUMENT_EVIDENCE,ANDROID,6.6.1,501-1000 ms,2
2026-05-02,ISSUED_DOCUMENT_DETAILS,ANDROID,6.6.2,501-1000 ms,7796
2026-05-02,ISSUED_DOCUMENT_DETAILS,ANDROID,6.7.0,501-1000 ms,1133
2026-05-02,ISSUED_DOCUMENT_EVIDENCE,ANDROID,6.6.0,501-1000 ms,45
2026-05-02,ISSUED_DOCUMENT_DETAILS,ANDROID,6.6.1,501-1000 ms,40
2026-05-02,DOCUMENT_SELECTION_ISSUED_LIST,ANDROID,6.7.0,501-1000 ms,1
2026-05-02,ISSUED_DOCUMENT_DETAILS,ANDROID,6.6.0,501-1000 ms,848
2026-05-02,NOTIFICATIONS_LIST,ANDROID,6.7.0,51-100 ms,199
2026-05-02,NON_ACTIONABLE_NOTIFICATION_DETAILS,ANDROID,6.7.0,51-100 ms,10
2026-05-02,ISSUED_DOCUMENT_DETAILS,ANDROID,6.6.2,< 0 ms,1
2026-05-02,ISSUED_DOCUMENT_EVIDENCE,ANDROID,6.6.2,< 0 ms,2
2026-05-02,DOCUMENTS_LIST,ANDROID,6.6.0,< 0 ms,10
2026-05-02,ISSUED_DOCUMENT_EVIDENCE,ANDROID,6.6.0,< 0 ms,1
2026-05-02,ISSUERS_LIST,ANDROID,6.7.0,< 0 ms,1
2026-05-02,ACTIONABLE_NOTIFICATION_DETAILS,ANDROID,6.7.0,< 0 ms,6
2026-05-02,ISSUED_DOCUMENT_DETAILS,ANDROID,6.6.0,< 0 ms,1
2026-05-02,DOCUMENTS_LIST,ANDROID,6.6.2,< 0 ms,59
2026-05-02,ISSUED_DOCUMENT_DETAILS,ANDROID,6.5.1,< 0 ms,1
2026-05-02,DOCUMENTS_LIST,ANDROID,6.7.0,< 0 ms,6
2026-05-02,DOCUMENTS_LIST,ANDROID,6.6.2,= 0 ms,5823
2026-05-02,DOCUMENTS_LIST,ANDROID,6.5.0,= 0 ms,33
2026-05-02,ISSUED_DOCUMENT_DETAILS,ANDROID,6.6.2,= 0 ms,5699
2026-05-02,ISSUED_DOCUMENT_DETAILS,ANDROID,6.6.0,= 0 ms,626
2026-05-02,NON_ACTIONABLE_NOTIFICATION_DETAILS,ANDROID,6.7.0,= 0 ms,23
2026-05-02,ISSUERS_LIST,ANDROID,6.7.0,= 0 ms,123
2026-05-02,ACTIONABLE_NOTIFICATION_DETAILS,ANDROID,6.7.0,= 0 ms,299
2026-05-02,ISSUED_DOCUMENT_EVIDENCE,ANDROID,6.6.2,= 0 ms,4750
2026-05-02,ISSUED_DOCUMENT_EVIDENCE,ANDROID,6.5.1,= 0 ms,57
2026-05-02,DOCUMENTS_LIST,ANDROID,6.5.1,= 0 ms,72
2026-05-02,ISSUED_DOCUMENT_DETAILS,ANDROID,6.5.0,= 0 ms,29
2026-05-02,DOCUMENTS_LIST,ANDROID,6.6.1,= 0 ms,32
2026-05-02,ISSUED_DOCUMENT_EVIDENCE,ANDROID,6.6.1,= 0 ms,27
2026-05-02,ISSUED_DOCUMENT_EVIDENCE,ANDROID,6.7.0,= 0 ms,49
2026-05-02,ISSUED_DOCUMENT_DETAILS,ANDROID,6.7.0,= 0 ms,12
2026-05-02,DOCUMENTS_LIST,ANDROID,6.7.0,= 0 ms,501
2026-05-02,DOCUMENTS_LIST,ANDROID,6.6.0,= 0 ms,730
2026-05-02,ISSUED_DOCUMENT_EVIDENCE,ANDROID,6.6.0,= 0 ms,509
2026-05-02,UPLOADED_DOCUMENT_EVIDENCE,ANDROID,6.7.0,= 0 ms,1
2026-05-02,NOTIFICATIONS_LIST,ANDROID,6.7.0,= 0 ms,205
2026-05-02,DOWNLOAD_SELF_SIGN_DOCUMENT,ANDROID,6.7.0,= 0 ms,1
2026-05-02,ISSUED_DOCUMENT_DETAILS,ANDROID,6.6.1,= 0 ms,32
2026-05-02,ISSUED_DOCUMENT_DETAILS,ANDROID,6.5.1,= 0 ms,67
2026-05-02,ISSUED_DOCUMENT_EVIDENCE,ANDROID,6.5.0,= 0 ms,31
2026-05-03,NOTIFICATIONS_LIST,ANDROID,6.7.0,1-50 ms,1
2026-05-03,ACTIONABLE_NOTIFICATION_DETAILS,ANDROID,6.7.0,1-50 ms,1
2026-05-03,DOCUMENTS_LIST,ANDROID,6.6.1,10000+ ms,36
2026-05-03,NON_ACTIONABLE_NOTIFICATION_DETAILS,ANDROID,6.7.0,10000+ ms,27
2026-05-03,UPLOADED_DOCUMENT_EVIDENCE,ANDROID,6.7.0,10000+ ms,2
2026-05-03,DOCUMENTS_LIST,ANDROID,6.6.0,10000+ ms,625
2026-05-03,DOCUMENTS_LIST,ANDROID,6.7.0,10000+ ms,191
2026-05-03,ISSUED_DOCUMENT_EVIDENCE,ANDROID,6.7.0,10000+ ms,466
2026-05-03,ISSUERS_LIST,ANDROID,6.7.0,10000+ ms,262
2026-05-03,ISSUED_DOCUMENT_EVIDENCE,ANDROID,6.6.0,10000+ ms,865
2026-05-03,ISSUED_DOCUMENT_DETAILS,ANDROID,6.5.0,10000+ ms,53
2026-05-03,DOCUMENTS_LIST,ANDROID,6.6.2,10000+ ms,4517
2026-05-03,ISSUED_DOCUMENT_EVIDENCE,ANDROID,6.6.2,10000+ ms,6553
2026-05-03,ISSUED_DOCUMENT_EVIDENCE,ANDROID,6.5.0,10000+ ms,55
2026-05-03,ISSUED_DOCUMENT_DETAILS,ANDROID,6.6.1,10000+ ms,39
2026-05-03,SHARE_DOCUMENT,ANDROID,6.7.0,10000+ ms,5
2026-05-03,ISSUED_DOCUMENT_DETAILS,ANDROID,6.5.1,10000+ ms,108
2026-05-03,DOWNLOAD_SELF_SIGN_DOCUMENT,ANDROID,6.7.0,10000+ ms,3
2026-05-03,QR_VERIFICATION,ANDROID,6.7.0,10000+ ms,31
2026-05-03,DOWNLOAD_DOCUMENT,ANDROID,6.7.0,10000+ ms,4
2026-05-03,DOCUMENTS_LIST,ANDROID,6.5.1,10000+ ms,79
2026-05-03,ISSUED_DOCUMENT_EVIDENCE,ANDROID,6.5.1,10000+ ms,112
2026-05-03,ISSUED_DOCUMENT_EVIDENCE,ANDROID,6.6.1,10000+ ms,39
2026-05-03,ISSUED_DOCUMENT_DETAILS,ANDROID,6.7.0,10000+ ms,338
2026-05-03,DOCUMENTS_LIST,ANDROID,6.5.0,10000+ ms,30
2026-05-03,NOTIFICATIONS_LIST,ANDROID,6.7.0,10000+ ms,173
2026-05-03,ACTIONABLE_NOTIFICATION_DETAILS,ANDROID,6.7.0,10000+ ms,429
2026-05-03,ISSUED_DOCUMENT_DETAILS,ANDROID,6.6.2,10000+ ms,6600
2026-05-03,ISSUED_DOCUMENT_DETAILS,ANDROID,6.6.0,10000+ ms,827
2026-05-03,DOCUMENTS_LIST,ANDROID,6.6.2,1001-5000 ms,64355
2026-05-03,ISSUED_DOCUMENT_EVIDENCE,ANDROID,6.5.1,1001-5000 ms,104
2026-05-03,ISSUED_DOCUMENT_DETAILS,ANDROID,6.6.1,1001-5000 ms,36
2026-05-03,ISSUED_DOCUMENT_EVIDENCE,ANDROID,6.5.0,1001-5000 ms,32
2026-05-03,DOCUMENTS_LIST,ANDROID,6.6.0,1001-5000 ms,7370
2026-05-03,ISSUED_DOCUMENT_EVIDENCE,ANDROID,6.7.0,1001-5000 ms,1257
2026-05-03,NON_ACTIONABLE_NOTIFICATION_DETAILS,ANDROID,6.7.0,1001-5000 ms,543
2026-05-03,NOTIFICATIONS_LIST,ANDROID,6.7.0,1001-5000 ms,1050
2026-05-03,ISSUED_DOCUMENT_DETAILS,ANDROID,6.5.1,1001-5000 ms,137
2026-05-03,ACTIONABLE_NOTIFICATION_DETAILS,ANDROID,6.7.0,1001-5000 ms,1358
2026-05-03,QR_VERIFICATION,ANDROID,6.7.0,1001-5000 ms,166
2026-05-03,ISSUED_DOCUMENT_DETAILS,ANDROID,6.7.0,1001-5000 ms,1059
2026-05-03,ISSUERS_LIST,ANDROID,6.7.0,1001-5000 ms,3359
2026-05-03,DOCUMENTS_LIST,ANDROID,6.7.0,1001-5000 ms,7309
2026-05-03,DOCUMENTS_LIST,ANDROID,6.5.1,1001-5000 ms,850
2026-05-03,ISSUED_DOCUMENT_EVIDENCE,ANDROID,6.6.0,1001-5000 ms,783
2026-05-03,ISSUED_DOCUMENT_DETAILS,ANDROID,6.5.0,1001-5000 ms,66
2026-05-03,ISSUED_DOCUMENT_EVIDENCE,ANDROID,6.6.1,1001-5000 ms,28
2026-05-03,UPLOADED_DOCUMENT_EVIDENCE,ANDROID,6.7.0,1001-5000 ms,23
2026-05-03,ISSUED_DOCUMENT_DETAILS,ANDROID,6.6.2,1001-5000 ms,7293
2026-05-03,DOCUMENTS_LIST,ANDROID,6.5.0,1001-5000 ms,346
2026-05-03,ISSUED_DOCUMENT_DETAILS,ANDROID,6.6.0,1001-5000 ms,1087
2026-05-03,SHARE_DOCUMENT,ANDROID,6.7.0,1001-5000 ms,15
2026-05-03,DOWNLOAD_DOCUMENT,ANDROID,6.7.0,1001-5000 ms,23
2026-05-03,DOWNLOAD_SELF_SIGN_DOCUMENT,ANDROID,6.7.0,1001-5000 ms,4
2026-05-03,ISSUED_DOCUMENT_EVIDENCE,ANDROID,6.6.2,1001-5000 ms,6679
2026-05-03,DOCUMENTS_LIST,ANDROID,6.6.1,1001-5000 ms,275
2026-05-03,DOCUMENTS_LIST,ANDROID,6.6.2,101-500 ms,7
2026-05-03,ISSUED_DOCUMENT_EVIDENCE,ANDROID,6.7.0,101-500 ms,11
2026-05-03,DOWNLOAD_SELF_SIGN_DOCUMENT,ANDROID,6.7.0,101-500 ms,7
2026-05-03,QR_VERIFICATION,ANDROID,6.7.0,101-500 ms,41
2026-05-03,DOCUMENTS_LIST,ANDROID,6.7.0,101-500 ms,7
2026-05-03,ISSUED_DOCUMENT_EVIDENCE,ANDROID,6.6.2,101-500 ms,45
2026-05-03,UPLOADED_DOCUMENT_EVIDENCE,ANDROID,6.7.0,101-500 ms,41
2026-05-03,ISSUERS_LIST,ANDROID,6.7.0,101-500 ms,5
2026-05-03,ISSUED_DOCUMENT_DETAILS,ANDROID,6.5.0,101-500 ms,4
2026-05-03,ISSUED_DOCUMENT_DETAILS,ANDROID,6.6.1,101-500 ms,8
2026-05-03,ISSUED_DOCUMENT_EVIDENCE,ANDROID,6.5.1,101-500 ms,1
2026-05-03,ISSUED_DOCUMENT_DETAILS,ANDROID,6.6.2,101-500 ms,855
2026-05-03,ISSUED_DOCUMENT_DETAILS,ANDROID,6.5.1,101-500 ms,10
2026-05-03,NON_ACTIONABLE_NOTIFICATION_DETAILS,ANDROID,6.7.0,101-500 ms,4692
2026-05-03,ACTIONABLE_NOTIFICATION_DETAILS,ANDROID,6.7.0,101-500 ms,5
2026-05-03,NOTIFICATIONS_LIST,ANDROID,6.7.0,101-500 ms,5196
2026-05-03,ISSUED_DOCUMENT_DETAILS,ANDROID,6.7.0,101-500 ms,315
2026-05-03,ISSUED_DOCUMENT_DETAILS,ANDROID,6.6.0,101-500 ms,58
2026-05-03,SHARE_DOCUMENT,ANDROID,6.7.0,5001-10000 ms,2
2026-05-03,NON_ACTIONABLE_NOTIFICATION_DETAILS,ANDROID,6.7.0,5001-10000 ms,23
2026-05-03,DOCUMENTS_LIST,ANDROID,6.7.0,5001-10000 ms,403
2026-05-03,DOCUMENTS_LIST,ANDROID,6.6.0,5001-10000 ms,924
2026-05-03,DOWNLOAD_DOCUMENT,ANDROID,6.7.0,5001-10000 ms,2
2026-05-03,ISSUED_DOCUMENT_EVIDENCE,ANDROID,6.6.1,5001-10000 ms,16
2026-05-03,ISSUED_DOCUMENT_EVIDENCE,ANDROID,6.7.0,5001-10000 ms,548
2026-05-03,ISSUED_DOCUMENT_DETAILS,ANDROID,6.5.1,5001-10000 ms,13
2026-05-03,ISSUED_DOCUMENT_EVIDENCE,ANDROID,6.5.0,5001-10000 ms,30
2026-05-03,ISSUERS_LIST,ANDROID,6.7.0,5001-10000 ms,82
2026-05-03,NOTIFICATIONS_LIST,ANDROID,6.7.0,5001-10000 ms,119
2026-05-03,ISSUED_DOCUMENT_EVIDENCE,ANDROID,6.6.0,5001-10000 ms,399
2026-05-03,QR_VERIFICATION,ANDROID,6.7.0,5001-10000 ms,14
2026-05-03,ISSUED_DOCUMENT_DETAILS,ANDROID,6.5.0,5001-10000 ms,8
2026-05-03,ISSUED_DOCUMENT_DETAILS,ANDROID,6.6.1,5001-10000 ms,7
2026-05-03,DOCUMENTS_LIST,ANDROID,6.5.1,5001-10000 ms,122
2026-05-03,DOCUMENTS_LIST,ANDROID,6.6.2,5001-10000 ms,6661
2026-05-03,DOCUMENTS_LIST,ANDROID,6.5.0,5001-10000 ms,44
2026-05-03,ISSUED_DOCUMENT_EVIDENCE,ANDROID,6.5.1,5001-10000 ms,59
2026-05-03,ISSUED_DOCUMENT_DETAILS,ANDROID,6.6.0,5001-10000 ms,127
2026-05-03,ISSUED_DOCUMENT_EVIDENCE,ANDROID,6.6.2,5001-10000 ms,3337
2026-05-03,ISSUED_DOCUMENT_DETAILS,ANDROID,6.7.0,5001-10000 ms,133
2026-05-03,DOCUMENTS_LIST,ANDROID,6.6.1,5001-10000 ms,45
2026-05-03,UPLOADED_DOCUMENT_EVIDENCE,ANDROID,6.7.0,5001-10000 ms,1
2026-05-03,ISSUED_DOCUMENT_DETAILS,ANDROID,6.6.2,5001-10000 ms,863
2026-05-03,ACTIONABLE_NOTIFICATION_DETAILS,ANDROID,6.7.0,5001-10000 ms,286
2026-05-03,ISSUED_DOCUMENT_EVIDENCE,ANDROID,6.5.0,501-1000 ms,4
2026-05-03,NOTIFICATIONS_LIST,ANDROID,6.7.0,501-1000 ms,814
2026-05-03,DOWNLOAD_DOCUMENT,ANDROID,6.7.0,501-1000 ms,4
2026-05-03,DOWNLOAD_SELF_SIGN_DOCUMENT,ANDROID,6.7.0,501-1000 ms,2
2026-05-03,DOCUMENTS_LIST,ANDROID,6.6.2,501-1000 ms,6
2026-05-03,DOCUMENTS_LIST,ANDROID,6.7.0,501-1000 ms,2
2026-05-03,ISSUED_DOCUMENT_DETAILS,ANDROID,6.6.1,501-1000 ms,29
2026-05-03,UPLOADED_DOCUMENT_EVIDENCE,ANDROID,6.7.0,501-1000 ms,28
2026-05-03,ISSUED_DOCUMENT_EVIDENCE,ANDROID,6.6.0,501-1000 ms,29
2026-05-03,ISSUERS_LIST,ANDROID,6.7.0,501-1000 ms,14
2026-05-03,ISSUED_DOCUMENT_DETAILS,ANDROID,6.5.0,501-1000 ms,44
2026-05-03,ISSUED_DOCUMENT_EVIDENCE,ANDROID,6.7.0,501-1000 ms,75
2026-05-03,QR_VERIFICATION,ANDROID,6.7.0,501-1000 ms,188
2026-05-03,ISSUED_DOCUMENT_DETAILS,ANDROID,6.7.0,501-1000 ms,1384
2026-05-03,ISSUED_DOCUMENT_DETAILS,ANDROID,6.6.2,501-1000 ms,6907
2026-05-03,SHARE_DOCUMENT,ANDROID,6.7.0,501-1000 ms,1
2026-05-03,ISSUED_DOCUMENT_EVIDENCE,ANDROID,6.6.1,501-1000 ms,3
2026-05-03,NON_ACTIONABLE_NOTIFICATION_DETAILS,ANDROID,6.7.0,501-1000 ms,885
2026-05-03,ISSUED_DOCUMENT_DETAILS,ANDROID,6.5.1,501-1000 ms,94
2026-05-03,ISSUED_DOCUMENT_DETAILS,ANDROID,6.6.0,501-1000 ms,670
2026-05-03,ISSUED_DOCUMENT_EVIDENCE,ANDROID,6.6.2,501-1000 ms,433
2026-05-03,DOCUMENT_SELECTION_ISSUED_LIST,ANDROID,6.7.0,501-1000 ms,4
2026-05-03,ISSUED_DOCUMENT_EVIDENCE,ANDROID,6.5.1,501-1000 ms,4
2026-05-03,NOTIFICATIONS_LIST,ANDROID,6.7.0,51-100 ms,221
2026-05-03,NON_ACTIONABLE_NOTIFICATION_DETAILS,ANDROID,6.7.0,51-100 ms,9
2026-05-03,DOCUMENTS_LIST,ANDROID,6.6.2,< 0 ms,71
2026-05-03,ACTIONABLE_NOTIFICATION_DETAILS,ANDROID,6.7.0,< 0 ms,7
2026-05-03,ISSUED_DOCUMENT_DETAILS,ANDROID,6.6.2,< 0 ms,4
2026-05-03,DOCUMENTS_LIST,ANDROID,6.7.0,< 0 ms,6
2026-05-03,ISSUED_DOCUMENT_EVIDENCE,ANDROID,6.6.2,< 0 ms,2
2026-05-03,DOCUMENTS_LIST,ANDROID,6.6.0,< 0 ms,12
2026-05-03,DOCUMENTS_LIST,ANDROID,6.5.0,= 0 ms,24
2026-05-03,ISSUED_DOCUMENT_DETAILS,ANDROID,6.6.0,= 0 ms,573
2026-05-03,ISSUED_DOCUMENT_EVIDENCE,ANDROID,6.6.1,= 0 ms,14
2026-05-03,NOTIFICATIONS_LIST,ANDROID,6.7.0,= 0 ms,292
2026-05-03,ISSUED_DOCUMENT_EVIDENCE,ANDROID,6.6.0,= 0 ms,493
2026-05-03,DOCUMENTS_LIST,ANDROID,6.6.1,= 0 ms,28
2026-05-03,ISSUED_DOCUMENT_DETAILS,ANDROID,6.6.1,= 0 ms,13
2026-05-03,NON_ACTIONABLE_NOTIFICATION_DETAILS,ANDROID,6.7.0,= 0 ms,29
2026-05-03,ISSUED_DOCUMENT_EVIDENCE,ANDROID,6.6.2,= 0 ms,4049
2026-05-03,DOCUMENTS_LIST,ANDROID,6.6.0,= 0 ms,593
2026-05-03,QR_VERIFICATION,ANDROID,6.7.0,= 0 ms,1
2026-05-03,ISSUED_DOCUMENT_DETAILS,ANDROID,6.6.2,= 0 ms,4923
2026-05-03,ISSUED_DOCUMENT_EVIDENCE,ANDROID,6.7.0,= 0 ms,60
2026-05-03,ISSUED_DOCUMENT_EVIDENCE,ANDROID,6.5.0,= 0 ms,29
2026-05-03,DOCUMENTS_LIST,ANDROID,6.5.1,= 0 ms,61
2026-05-03,ISSUED_DOCUMENT_DETAILS,ANDROID,6.5.0,= 0 ms,31
2026-05-03,DOCUMENTS_LIST,ANDROID,6.6.2,= 0 ms,5133
2026-05-03,ISSUERS_LIST,ANDROID,6.7.0,= 0 ms,152
2026-05-03,ISSUED_DOCUMENT_DETAILS,ANDROID,6.7.0,= 0 ms,26
2026-05-03,ACTIONABLE_NOTIFICATION_DETAILS,ANDROID,6.7.0,= 0 ms,289
2026-05-03,ISSUED_DOCUMENT_DETAILS,ANDROID,6.5.1,= 0 ms,66
2026-05-03,DOCUMENTS_LIST,ANDROID,6.7.0,= 0 ms,646
2026-05-03,ISSUED_DOCUMENT_EVIDENCE,ANDROID,6.5.1,= 0 ms,57
2026-05-04,NOTIFICATIONS_LIST,ANDROID,6.7.0,1-50 ms,1
2026-05-04,ACTIONABLE_NOTIFICATION_DETAILS,ANDROID,6.7.0,1-50 ms,1
2026-05-04,DOCUMENTS_LIST,ANDROID,6.6.0,10000+ ms,740
2026-05-04,DOWNLOAD_DOCUMENT,ANDROID,6.7.0,10000+ ms,7
2026-05-04,DOWNLOAD_SELF_SIGN_DOCUMENT,ANDROID,6.7.0,10000+ ms,6
2026-05-04,ISSUED_DOCUMENT_EVIDENCE,ANDROID,6.7.0,10000+ ms,697
2026-05-04,UPLOADED_DOCUMENT_EVIDENCE,ANDROID,6.7.0,10000+ ms,7
2026-05-04,ISSUED_DOCUMENT_EVIDENCE,ANDROID,6.6.0,10000+ ms,970
2026-05-04,ISSUED_DOCUMENT_EVIDENCE,ANDROID,6.5.0,10000+ ms,78
2026-05-04,NON_ACTIONABLE_NOTIFICATION_DETAILS,ANDROID,6.7.0,10000+ ms,34
2026-05-04,QR_VERIFICATION,ANDROID,6.7.0,10000+ ms,59
2026-05-04,ISSUED_DOCUMENT_DETAILS,ANDROID,6.6.2,10000+ ms,7941
2026-05-04,ISSUERS_LIST,ANDROID,6.7.0,10000+ ms,311
2026-05-04,DOCUMENTS_LIST,ANDROID,6.5.1,10000+ ms,65
2026-05-04,DOCUMENT_SELECTION_ISSUED_LIST,ANDROID,6.7.0,10000+ ms,2
2026-05-04,ISSUED_DOCUMENT_DETAILS,ANDROID,6.7.0,10000+ ms,426
2026-05-04,DOCUMENTS_LIST,ANDROID,6.6.2,10000+ ms,6011
2026-05-04,ISSUED_DOCUMENT_EVIDENCE,ANDROID,6.6.2,10000+ ms,8142
2026-05-04,ISSUED_DOCUMENT_EVIDENCE,ANDROID,6.6.1,10000+ ms,33
2026-05-04,NOTIFICATIONS_LIST,ANDROID,6.7.0,10000+ ms,181
2026-05-04,ISSUED_DOCUMENT_DETAILS,ANDROID,6.6.1,10000+ ms,40
2026-05-04,SHARE_DOCUMENT,ANDROID,6.7.0,10000+ ms,4
2026-05-04,DOCUMENTS_LIST,ANDROID,6.5.0,10000+ ms,41
2026-05-04,ISSUED_DOCUMENT_EVIDENCE,ANDROID,6.5.1,10000+ ms,109
2026-05-04,ISSUED_DOCUMENT_DETAILS,ANDROID,6.5.0,10000+ ms,58
2026-05-04,ACTIONABLE_NOTIFICATION_DETAILS,ANDROID,6.7.0,10000+ ms,658
2026-05-04,ISSUED_DOCUMENT_DETAILS,ANDROID,6.5.1,10000+ ms,137
2026-05-04,DOCUMENTS_LIST,ANDROID,6.6.1,10000+ ms,33
2026-05-04,ISSUED_DOCUMENT_DETAILS,ANDROID,6.6.0,10000+ ms,918
2026-05-04,DOCUMENTS_LIST,ANDROID,6.7.0,10000+ ms,263
2026-05-04,ISSUED_DOCUMENT_EVIDENCE,ANDROID,6.6.2,1001-5000 ms,8662
2026-05-04,ISSUED_DOCUMENT_EVIDENCE,ANDROID,6.5.0,1001-5000 ms,64
2026-05-04,NON_ACTIONABLE_NOTIFICATION_DETAILS,ANDROID,6.7.0,1001-5000 ms,744
2026-05-04,ISSUED_DOCUMENT_DETAILS,ANDROID,6.6.1,1001-5000 ms,63
2026-05-04,DOWNLOAD_SELF_SIGN_DOCUMENT,ANDROID,6.7.0,1001-5000 ms,9
2026-05-04,DOCUMENTS_LIST,ANDROID,6.6.0,1001-5000 ms,8711
2026-05-04,ISSUED_DOCUMENT_DETAILS,ANDROID,6.6.2,1001-5000 ms,11790
2026-05-04,DOCUMENTS_LIST,ANDROID,6.6.2,1001-5000 ms,87204
2026-05-04,SHARE_DOCUMENT,ANDROID,6.7.0,1001-5000 ms,23
2026-05-04,ISSUED_DOCUMENT_DETAILS,ANDROID,6.6.0,1001-5000 ms,1464
2026-05-04,DOCUMENTS_LIST,ANDROID,6.5.1,1001-5000 ms,1108
2026-05-04,UPLOADED_DOCUMENT_EVIDENCE,ANDROID,6.7.0,1001-5000 ms,52
2026-05-04,ISSUED_DOCUMENT_EVIDENCE,ANDROID,6.7.0,1001-5000 ms,1633
2026-05-04,ISSUED_DOCUMENT_EVIDENCE,ANDROID,6.5.1,1001-5000 ms,121
2026-05-04,NOTIFICATIONS_LIST,ANDROID,6.7.0,1001-5000 ms,1706
2026-05-04,ISSUED_DOCUMENT_EVIDENCE,ANDROID,6.6.0,1001-5000 ms,892
2026-05-04,DOCUMENT_SELECTION_ISSUED_LIST,ANDROID,6.7.0,1001-5000 ms,3
2026-05-04,ISSUED_DOCUMENT_DETAILS,ANDROID,6.5.0,1001-5000 ms,98
2026-05-04,DOCUMENTS_LIST,ANDROID,6.5.0,1001-5000 ms,495
2026-05-04,DOCUMENTS_LIST,ANDROID,6.6.1,1001-5000 ms,413
2026-05-04,ISSUERS_LIST,ANDROID,6.7.0,1001-5000 ms,5178
2026-05-04,ACTIONABLE_NOTIFICATION_DETAILS,ANDROID,6.7.0,1001-5000 ms,1636
2026-05-04,ISSUED_DOCUMENT_DETAILS,ANDROID,6.7.0,1001-5000 ms,1863
2026-05-04,DOWNLOAD_DOCUMENT,ANDROID,6.7.0,1001-5000 ms,41
2026-05-04,ISSUED_DOCUMENT_EVIDENCE,ANDROID,6.6.1,1001-5000 ms,29
2026-05-04,ISSUED_DOCUMENT_DETAILS,ANDROID,6.5.1,1001-5000 ms,141
2026-05-04,DOCUMENTS_LIST,ANDROID,6.7.0,1001-5000 ms,10994
2026-05-04,QR_VERIFICATION,ANDROID,6.7.0,1001-5000 ms,330
2026-05-04,ISSUED_DOCUMENT_EVIDENCE,ANDROID,6.7.0,101-500 ms,13
2026-05-04,ISSUED_DOCUMENT_DETAILS,ANDROID,6.5.0,101-500 ms,3
2026-05-04,ISSUED_DOCUMENT_DETAILS,ANDROID,6.6.0,101-500 ms,54
2026-05-04,ISSUED_DOCUMENT_DETAILS,ANDROID,6.5.1,101-500 ms,14
2026-05-04,ACTIONABLE_NOTIFICATION_DETAILS,ANDROID,6.7.0,101-500 ms,5
2026-05-04,DOCUMENT_SELECTION_ISSUED_LIST,ANDROID,6.7.0,101-500 ms,1
2026-05-04,DOWNLOAD_SELF_SIGN_DOCUMENT,ANDROID,6.7.0,101-500 ms,5
2026-05-04,ISSUED_DOCUMENT_DETAILS,ANDROID,6.6.1,101-500 ms,2
2026-05-04,ISSUERS_LIST,ANDROID,6.7.0,101-500 ms,5
2026-05-04,ISSUED_DOCUMENT_EVIDENCE,ANDROID,6.6.0,101-500 ms,1
2026-05-04,ISSUED_DOCUMENT_DETAILS,ANDROID,6.6.2,101-500 ms,818
2026-05-04,DOCUMENTS_LIST,ANDROID,6.7.0,101-500 ms,15
2026-05-04,DOWNLOAD_DOCUMENT,ANDROID,6.7.0,101-500 ms,1
2026-05-04,NON_ACTIONABLE_NOTIFICATION_DETAILS,ANDROID,6.7.0,101-500 ms,6384
2026-05-04,DOCUMENTS_LIST,ANDROID,6.6.2,101-500 ms,11
2026-05-04,NOTIFICATIONS_LIST,ANDROID,6.7.0,101-500 ms,7652
2026-05-04,ISSUED_DOCUMENT_DETAILS,ANDROID,6.7.0,101-500 ms,319
2026-05-04,QR_VERIFICATION,ANDROID,6.7.0,101-500 ms,37
2026-05-04,ISSUED_DOCUMENT_EVIDENCE,ANDROID,6.6.2,101-500 ms,36
2026-05-04,ISSUED_DOCUMENT_EVIDENCE,ANDROID,6.5.1,101-500 ms,1
2026-05-04,UPLOADED_DOCUMENT_EVIDENCE,ANDROID,6.7.0,101-500 ms,19
2026-05-04,QR_VERIFICATION,ANDROID,6.7.0,5001-10000 ms,25
2026-05-04,SHARE_DOCUMENT,ANDROID,6.7.0,5001-10000 ms,2
2026-05-04,ISSUED_DOCUMENT_EVIDENCE,ANDROID,6.5.1,5001-10000 ms,74
2026-05-04,ISSUED_DOCUMENT_EVIDENCE,ANDROID,6.5.0,5001-10000 ms,44
2026-05-04,ACTIONABLE_NOTIFICATION_DETAILS,ANDROID,6.7.0,5001-10000 ms,531
2026-05-04,UPLOADED_DOCUMENT_EVIDENCE,ANDROID,6.7.0,5001-10000 ms,8
2026-05-04,DOWNLOAD_DOCUMENT,ANDROID,6.7.0,5001-10000 ms,4
2026-05-04,ISSUERS_LIST,ANDROID,6.7.0,5001-10000 ms,119
2026-05-04,ISSUED_DOCUMENT_EVIDENCE,ANDROID,6.6.2,5001-10000 ms,5164
2026-05-04,ISSUED_DOCUMENT_DETAILS,ANDROID,6.6.1,5001-10000 ms,5
2026-05-04,DOCUMENTS_LIST,ANDROID,6.7.0,5001-10000 ms,689
2026-05-04,ISSUED_DOCUMENT_DETAILS,ANDROID,6.6.2,5001-10000 ms,1131
2026-05-04,DOCUMENTS_LIST,ANDROID,6.5.1,5001-10000 ms,163
2026-05-04,ISSUED_DOCUMENT_DETAILS,ANDROID,6.5.1,5001-10000 ms,15
2026-05-04,NOTIFICATIONS_LIST,ANDROID,6.7.0,5001-10000 ms,187
2026-05-04,ISSUED_DOCUMENT_DETAILS,ANDROID,6.7.0,5001-10000 ms,175
2026-05-04,ISSUED_DOCUMENT_DETAILS,ANDROID,6.6.0,5001-10000 ms,122
2026-05-04,ISSUED_DOCUMENT_EVIDENCE,ANDROID,6.6.0,5001-10000 ms,605
2026-05-04,DOCUMENTS_LIST,ANDROID,6.6.2,5001-10000 ms,9901
2026-05-04,DOWNLOAD_SELF_SIGN_DOCUMENT,ANDROID,6.7.0,5001-10000 ms,1
2026-05-04,ISSUED_DOCUMENT_EVIDENCE,ANDROID,6.7.0,5001-10000 ms,866
2026-05-04,DOCUMENTS_LIST,ANDROID,6.6.0,5001-10000 ms,1282
2026-05-04,ISSUED_DOCUMENT_EVIDENCE,ANDROID,6.6.1,5001-10000 ms,24
2026-05-04,NON_ACTIONABLE_NOTIFICATION_DETAILS,ANDROID,6.7.0,5001-10000 ms,42
2026-05-04,DOCUMENTS_LIST,ANDROID,6.5.0,5001-10000 ms,70
2026-05-04,ISSUED_DOCUMENT_DETAILS,ANDROID,6.5.0,5001-10000 ms,9
2026-05-04,DOCUMENTS_LIST,ANDROID,6.6.1,5001-10000 ms,52
2026-05-04,ISSUED_DOCUMENT_DETAILS,ANDROID,6.5.1,501-1000 ms,113
2026-05-04,DOCUMENT_SELECTION_ISSUED_LIST,ANDROID,6.7.0,501-1000 ms,1
2026-05-04,ISSUED_DOCUMENT_EVIDENCE,ANDROID,6.6.1,501-1000 ms,4
2026-05-04,ISSUED_DOCUMENT_DETAILS,ANDROID,6.7.0,501-1000 ms,1748
2026-05-04,ISSUED_DOCUMENT_EVIDENCE,ANDROID,6.7.0,501-1000 ms,74
2026-05-04,ISSUED_DOCUMENT_EVIDENCE,ANDROID,6.5.1,501-1000 ms,4
2026-05-04,UPLOADED_DOCUMENT_EVIDENCE,ANDROID,6.7.0,501-1000 ms,33
2026-05-04,DOCUMENTS_LIST,ANDROID,6.6.2,501-1000 ms,4
2026-05-04,NOTIFICATIONS_LIST,ANDROID,6.7.0,501-1000 ms,1369
2026-05-04,ISSUED_DOCUMENT_DETAILS,ANDROID,6.6.0,501-1000 ms,788
2026-05-04,QR_VERIFICATION,ANDROID,6.7.0,501-1000 ms,276
2026-05-04,ISSUED_DOCUMENT_DETAILS,ANDROID,6.6.1,501-1000 ms,29
2026-05-04,ISSUED_DOCUMENT_EVIDENCE,ANDROID,6.5.0,501-1000 ms,2
2026-05-04,ACTIONABLE_NOTIFICATION_DETAILS,ANDROID,6.7.0,501-1000 ms,2
2026-05-04,ISSUERS_LIST,ANDROID,6.7.0,501-1000 ms,14
2026-05-04,ISSUED_DOCUMENT_DETAILS,ANDROID,6.6.2,501-1000 ms,7563
2026-05-04,ISSUED_DOCUMENT_EVIDENCE,ANDROID,6.6.2,501-1000 ms,286
2026-05-04,DOCUMENTS_LIST,ANDROID,6.7.0,501-1000 ms,3
2026-05-04,ISSUED_DOCUMENT_DETAILS,ANDROID,6.5.0,501-1000 ms,50
2026-05-04,DOWNLOAD_SELF_SIGN_DOCUMENT,ANDROID,6.7.0,501-1000 ms,4
2026-05-04,ISSUED_DOCUMENT_EVIDENCE,ANDROID,6.6.0,501-1000 ms,19
2026-05-04,DOWNLOAD_DOCUMENT,ANDROID,6.7.0,501-1000 ms,4
2026-05-04,NON_ACTIONABLE_NOTIFICATION_DETAILS,ANDROID,6.7.0,501-1000 ms,1335
2026-05-04,ISSUED_DOCUMENT_DETAILS,ANDROID,6.6.2,51-100 ms,1
2026-05-04,ACTIONABLE_NOTIFICATION_DETAILS,ANDROID,6.7.0,51-100 ms,2
2026-05-04,NOTIFICATIONS_LIST,ANDROID,6.7.0,51-100 ms,287
2026-05-04,NON_ACTIONABLE_NOTIFICATION_DETAILS,ANDROID,6.7.0,51-100 ms,10
2026-05-04,DOCUMENTS_LIST,ANDROID,6.6.0,< 0 ms,8
2026-05-04,ACTIONABLE_NOTIFICATION_DETAILS,ANDROID,6.7.0,< 0 ms,15
2026-05-04,ISSUED_DOCUMENT_EVIDENCE,ANDROID,6.5.1,< 0 ms,1
2026-05-04,DOCUMENTS_LIST,ANDROID,6.5.1,< 0 ms,1
2026-05-04,DOCUMENTS_LIST,ANDROID,6.7.0,< 0 ms,8
2026-05-04,ISSUED_DOCUMENT_EVIDENCE,ANDROID,6.6.2,< 0 ms,2
2026-05-04,ISSUED_DOCUMENT_DETAILS,ANDROID,6.6.2,< 0 ms,6
2026-05-04,DOCUMENTS_LIST,ANDROID,6.6.2,< 0 ms,68
2026-05-04,ISSUED_DOCUMENT_EVIDENCE,ANDROID,6.6.0,< 0 ms,1
2026-05-04,ISSUED_DOCUMENT_EVIDENCE,ANDROID,6.6.2,= 0 ms,4975
2026-05-04,DOWNLOAD_SELF_SIGN_DOCUMENT,ANDROID,6.7.0,= 0 ms,1
2026-05-04,DOCUMENTS_LIST,ANDROID,6.5.0,= 0 ms,38
2026-05-04,DOCUMENTS_LIST,ANDROID,6.6.2,= 0 ms,7304
2026-05-04,ISSUED_DOCUMENT_DETAILS,ANDROID,6.5.1,= 0 ms,91
2026-05-04,ISSUED_DOCUMENT_DETAILS,ANDROID,6.7.0,= 0 ms,48
2026-05-04,NON_ACTIONABLE_NOTIFICATION_DETAILS,ANDROID,6.7.0,= 0 ms,39
2026-05-04,ISSUED_DOCUMENT_EVIDENCE,ANDROID,6.5.1,= 0 ms,84
2026-05-04,ISSUED_DOCUMENT_DETAILS,ANDROID,6.6.0,= 0 ms,588
2026-05-04,ISSUERS_LIST,ANDROID,6.7.0,= 0 ms,240
2026-05-04,ISSUED_DOCUMENT_DETAILS,ANDROID,6.5.0,= 0 ms,47
2026-05-04,NOTIFICATIONS_LIST,ANDROID,NA,= 0 ms,2
2026-05-04,DOCUMENTS_LIST,ANDROID,6.6.0,= 0 ms,738
2026-05-04,SHARE_DOCUMENT,ANDROID,6.7.0,= 0 ms,1
2026-05-04,ISSUED_DOCUMENT_EVIDENCE,ANDROID,6.7.0,= 0 ms,92
2026-05-04,DOCUMENTS_LIST,ANDROID,6.5.1,= 0 ms,83
2026-05-04,ISSUED_DOCUMENT_DETAILS,ANDROID,6.6.1,= 0 ms,30
2026-05-04,DOCUMENTS_LIST,ANDROID,6.6.1,= 0 ms,38
2026-05-04,ISSUED_DOCUMENT_EVIDENCE,ANDROID,6.6.1,= 0 ms,24
2026-05-04,ACTIONABLE_NOTIFICATION_DETAILS,ANDROID,6.7.0,= 0 ms,520
2026-05-04,DOCUMENTS_LIST,ANDROID,NA,= 0 ms,5
2026-05-04,DOCUMENTS_LIST,ANDROID,6.7.0,= 0 ms,941
2026-05-04,ISSUED_DOCUMENT_DETAILS,ANDROID,6.6.2,= 0 ms,5924
2026-05-04,ISSUED_DOCUMENT_EVIDENCE,ANDROID,6.6.0,= 0 ms,521
2026-05-04,NOTIFICATIONS_LIST,ANDROID,6.7.0,= 0 ms,408
2026-05-04,QR_VERIFICATION,ANDROID,6.7.0,= 0 ms,3
2026-05-04,ISSUED_DOCUMENT_DETAILS,ANDROID,NA,= 0 ms,2
2026-05-04,ISSUED_DOCUMENT_EVIDENCE,ANDROID,6.5.0,= 0 ms,45
2026-05-05,ACTIONABLE_NOTIFICATION_DETAILS,ANDROID,6.7.0,1-50 ms,3
2026-05-05,DOCUMENT_SELECTION_UPLOADED_LIST,ANDROID,6.7.0,10000+ ms,1
2026-05-05,ISSUED_DOCUMENT_EVIDENCE,ANDROID,6.5.1,10000+ ms,156
2026-05-05,ISSUED_DOCUMENT_EVIDENCE,ANDROID,6.6.1,10000+ ms,51
2026-05-05,ISSUED_DOCUMENT_EVIDENCE,ANDROID,6.5.0,10000+ ms,66
2026-05-05,ISSUED_DOCUMENT_EVIDENCE,ANDROID,6.6.0,10000+ ms,1014
2026-05-05,DOCUMENTS_LIST,ANDROID,6.6.0,10000+ ms,1163
2026-05-05,UPLOADED_DOCUMENT_EVIDENCE,ANDROID,6.7.0,10000+ ms,7
2026-05-05,ISSUED_DOCUMENT_EVIDENCE,ANDROID,6.7.0,10000+ ms,847
2026-05-05,QR_VERIFICATION,ANDROID,6.7.0,10000+ ms,64
2026-05-05,ISSUED_DOCUMENT_DETAILS,ANDROID,6.6.1,10000+ ms,52
2026-05-05,ISSUED_DOCUMENT_DETAILS,ANDROID,6.5.0,10000+ ms,59
2026-05-05,ISSUED_DOCUMENT_DETAILS,ANDROID,6.5.1,10000+ ms,153
2026-05-05,DOCUMENTS_LIST,ANDROID,6.6.1,10000+ ms,37
2026-05-05,DOWNLOAD_DOCUMENT,ANDROID,6.7.0,10000+ ms,8
2026-05-05,NON_ACTIONABLE_NOTIFICATION_DETAILS,ANDROID,6.7.0,10000+ ms,74
2026-05-05,DOCUMENTS_LIST,ANDROID,6.6.2,10000+ ms,9769
2026-05-05,DOCUMENT_SELECTION_ISSUED_LIST,ANDROID,6.7.0,10000+ ms,2
2026-05-05,DOCUMENTS_LIST,ANDROID,6.5.1,10000+ ms,151
2026-05-05,ISSUED_DOCUMENT_EVIDENCE,ANDROID,6.6.2,10000+ ms,8989
2026-05-05,ISSUED_DOCUMENT_DETAILS,ANDROID,6.6.0,10000+ ms,956
2026-05-05,SHARE_DOCUMENT,ANDROID,6.7.0,10000+ ms,8
2026-05-05,DOWNLOAD_SELF_SIGN_DOCUMENT,ANDROID,6.7.0,10000+ ms,4
2026-05-05,NOTIFICATIONS_LIST,ANDROID,6.7.0,10000+ ms,396
2026-05-05,DOCUMENTS_LIST,ANDROID,6.7.0,10000+ ms,647
2026-05-05,ACTIONABLE_NOTIFICATION_DETAILS,ANDROID,6.7.0,10000+ ms,994
2026-05-05,ISSUED_DOCUMENT_DETAILS,ANDROID,6.7.0,10000+ ms,448
2026-05-05,ISSUED_DOCUMENT_DETAILS,ANDROID,6.6.2,10000+ ms,8485
2026-05-05,DOCUMENTS_LIST,ANDROID,6.5.0,10000+ ms,66
2026-05-05,ISSUERS_LIST,ANDROID,6.7.0,10000+ ms,423
2026-05-05,ISSUERS_LIST,ANDROID,6.7.0,1001-5000 ms,5246
2026-05-05,ISSUED_DOCUMENT_EVIDENCE,ANDROID,6.6.0,1001-5000 ms,793
2026-05-05,DOCUMENTS_LIST,ANDROID,6.7.0,1001-5000 ms,11311
2026-05-05,ISSUED_DOCUMENT_DETAILS,ANDROID,6.5.1,1001-5000 ms,236
2026-05-05,NON_ACTIONABLE_NOTIFICATION_DETAILS,ANDROID,6.7.0,1001-5000 ms,970
2026-05-05,DOCUMENT_SELECTION_ISSUED_LIST,ANDROID,6.7.0,1001-5000 ms,1
2026-05-05,DOWNLOAD_SELF_SIGN_DOCUMENT,ANDROID,6.7.0,1001-5000 ms,8
2026-05-05,DOCUMENTS_LIST,ANDROID,6.6.2,1001-5000 ms,86966
2026-05-05,ISSUED_DOCUMENT_EVIDENCE,ANDROID,6.6.1,1001-5000 ms,44
2026-05-05,DOWNLOAD_DOCUMENT,ANDROID,6.7.0,1001-5000 ms,35
2026-05-05,ISSUED_DOCUMENT_EVIDENCE,ANDROID,6.5.1,1001-5000 ms,131
2026-05-05,ISSUED_DOCUMENT_EVIDENCE,ANDROID,6.7.0,1001-5000 ms,1622
2026-05-05,SHARE_DOCUMENT,ANDROID,6.7.0,1001-5000 ms,26
2026-05-05,DOCUMENTS_LIST,ANDROID,6.6.1,1001-5000 ms,395
2026-05-05,ISSUED_DOCUMENT_EVIDENCE,ANDROID,6.5.0,1001-5000 ms,42
2026-05-05,NOTIFICATIONS_LIST,ANDROID,6.7.0,1001-5000 ms,1960
2026-05-05,ISSUED_DOCUMENT_DETAILS,ANDROID,6.6.0,1001-5000 ms,1321
2026-05-05,ISSUED_DOCUMENT_DETAILS,ANDROID,6.7.0,1001-5000 ms,1958
2026-05-05,ISSUED_DOCUMENT_EVIDENCE,ANDROID,6.6.2,1001-5000 ms,8530
2026-05-05,ISSUED_DOCUMENT_DETAILS,ANDROID,6.6.2,1001-5000 ms,11491
2026-05-05,UPLOADED_DOCUMENT_EVIDENCE,ANDROID,6.7.0,1001-5000 ms,39
2026-05-05,DOCUMENTS_LIST,ANDROID,6.5.1,1001-5000 ms,1180
2026-05-05,ISSUED_DOCUMENT_DETAILS,ANDROID,6.5.0,1001-5000 ms,85
2026-05-05,ACTIONABLE_NOTIFICATION_DETAILS,ANDROID,6.7.0,1001-5000 ms,1733
2026-05-05,DOCUMENTS_LIST,ANDROID,6.5.0,1001-5000 ms,469
2026-05-05,ISSUED_DOCUMENT_DETAILS,ANDROID,6.6.1,1001-5000 ms,68
2026-05-05,DOCUMENTS_LIST,ANDROID,6.6.0,1001-5000 ms,8341
2026-05-05,QR_VERIFICATION,ANDROID,6.7.0,1001-5000 ms,264
2026-05-05,ISSUED_DOCUMENT_DETAILS,ANDROID,6.7.0,101-500 ms,332
2026-05-05,ISSUED_DOCUMENT_DETAILS,ANDROID,6.6.2,101-500 ms,863
2026-05-05,ISSUED_DOCUMENT_DETAILS,ANDROID,6.6.0,101-500 ms,53
2026-05-05,ISSUED_DOCUMENT_EVIDENCE,ANDROID,6.6.0,101-500 ms,2
2026-05-05,DOCUMENTS_LIST,ANDROID,6.6.2,101-500 ms,15
2026-05-05,ISSUERS_LIST,ANDROID,6.7.0,101-500 ms,7
2026-05-05,ISSUED_DOCUMENT_EVIDENCE,ANDROID,6.5.1,101-500 ms,1
2026-05-05,NON_ACTIONABLE_NOTIFICATION_DETAILS,ANDROID,6.7.0,101-500 ms,6622
2026-05-05,NOTIFICATIONS_LIST,ANDROID,6.7.0,101-500 ms,7915
2026-05-05,ISSUED_DOCUMENT_DETAILS,ANDROID,6.5.0,101-500 ms,5
2026-05-05,SHARE_DOCUMENT,ANDROID,6.7.0,101-500 ms,1
2026-05-05,ISSUED_DOCUMENT_DETAILS,ANDROID,6.6.1,101-500 ms,2
2026-05-05,ISSUED_DOCUMENT_EVIDENCE,ANDROID,6.7.0,101-500 ms,15
2026-05-05,DOWNLOAD_DOCUMENT,ANDROID,6.7.0,101-500 ms,1
2026-05-05,ISSUED_DOCUMENT_DETAILS,ANDROID,6.5.1,101-500 ms,7
2026-05-05,QR_VERIFICATION,ANDROID,6.7.0,101-500 ms,51
2026-05-05,ISSUED_DOCUMENT_EVIDENCE,ANDROID,6.6.2,101-500 ms,29
2026-05-05,UPLOADED_DOCUMENT_EVIDENCE,ANDROID,6.7.0,101-500 ms,35
2026-05-05,DOWNLOAD_SELF_SIGN_DOCUMENT,ANDROID,6.7.0,101-500 ms,2
2026-05-05,DOCUMENT_SELECTION_UPLOADED_LIST,ANDROID,6.7.0,101-500 ms,1
2026-05-05,ACTIONABLE_NOTIFICATION_DETAILS,ANDROID,6.7.0,101-500 ms,5
2026-05-05,DOCUMENTS_LIST,ANDROID,6.7.0,101-500 ms,9
2026-05-05,ISSUED_DOCUMENT_EVIDENCE,ANDROID,6.6.0,5001-10000 ms,552
2026-05-05,ISSUED_DOCUMENT_EVIDENCE,ANDROID,6.7.0,5001-10000 ms,937
2026-05-05,ISSUED_DOCUMENT_EVIDENCE,ANDROID,6.5.1,5001-10000 ms,87
2026-05-05,ISSUED_DOCUMENT_DETAILS,ANDROID,6.5.0,5001-10000 ms,4
2026-05-05,ISSUED_DOCUMENT_EVIDENCE,ANDROID,6.6.2,5001-10000 ms,5031
2026-05-05,ISSUED_DOCUMENT_EVIDENCE,ANDROID,6.6.1,5001-10000 ms,32
2026-05-05,ACTIONABLE_NOTIFICATION_DETAILS,ANDROID,6.7.0,5001-10000 ms,722
2026-05-05,DOCUMENTS_LIST,ANDROID,6.5.1,5001-10000 ms,166
2026-05-05,DOCUMENTS_LIST,ANDROID,6.6.1,5001-10000 ms,48
2026-05-05,ISSUED_DOCUMENT_EVIDENCE,ANDROID,6.5.0,5001-10000 ms,32
2026-05-05,QR_VERIFICATION,ANDROID,6.7.0,5001-10000 ms,45
2026-05-05,DOCUMENTS_LIST,ANDROID,6.7.0,5001-10000 ms,863
2026-05-05,ISSUERS_LIST,ANDROID,6.7.0,5001-10000 ms,238
2026-05-05,ISSUED_DOCUMENT_DETAILS,ANDROID,6.6.0,5001-10000 ms,165
2026-05-05,ISSUED_DOCUMENT_DETAILS,ANDROID,6.6.1,5001-10000 ms,9
2026-05-05,SHARE_DOCUMENT,ANDROID,6.7.0,5001-10000 ms,5
2026-05-05,ISSUED_DOCUMENT_DETAILS,ANDROID,6.5.1,5001-10000 ms,23
2026-05-05,DOCUMENTS_LIST,ANDROID,6.6.2,5001-10000 ms,9715
2026-05-05,DOCUMENTS_LIST,ANDROID,6.5.0,5001-10000 ms,63
2026-05-05,NON_ACTIONABLE_NOTIFICATION_DETAILS,ANDROID,6.7.0,5001-10000 ms,93
2026-05-05,NOTIFICATIONS_LIST,ANDROID,6.7.0,5001-10000 ms,342
2026-05-05,ISSUED_DOCUMENT_DETAILS,ANDROID,6.7.0,5001-10000 ms,249
2026-05-05,DOCUMENTS_LIST,ANDROID,6.6.0,5001-10000 ms,1222
2026-05-05,UPLOADED_DOCUMENT_EVIDENCE,ANDROID,6.7.0,5001-10000 ms,2
2026-05-05,DOCUMENT_SELECTION_ISSUED_LIST,ANDROID,6.7.0,5001-10000 ms,1
2026-05-05,ISSUED_DOCUMENT_DETAILS,ANDROID,6.6.2,5001-10000 ms,1383
2026-05-05,DOWNLOAD_DOCUMENT,ANDROID,6.7.0,5001-10000 ms,3
2026-05-05,DOCUMENTS_LIST,ANDROID,6.6.2,501-1000 ms,5
2026-05-05,ISSUED_DOCUMENT_EVIDENCE,ANDROID,6.5.0,501-1000 ms,3
2026-05-05,DOWNLOAD_SELF_SIGN_DOCUMENT,ANDROID,6.7.0,501-1000 ms,2
2026-05-05,ISSUED_DOCUMENT_DETAILS,ANDROID,6.6.1,501-1000 ms,33
2026-05-05,ISSUED_DOCUMENT_DETAILS,ANDROID,6.5.1,501-1000 ms,93
2026-05-05,ISSUERS_LIST,ANDROID,6.7.0,501-1000 ms,17
2026-05-05,ISSUED_DOCUMENT_DETAILS,ANDROID,6.7.0,501-1000 ms,1803
2026-05-05,QR_VERIFICATION,ANDROID,6.7.0,501-1000 ms,288
2026-05-05,ISSUED_DOCUMENT_EVIDENCE,ANDROID,6.6.2,501-1000 ms,313
2026-05-05,ISSUED_DOCUMENT_DETAILS,ANDROID,6.6.0,501-1000 ms,673
2026-05-05,NON_ACTIONABLE_NOTIFICATION_DETAILS,ANDROID,6.7.0,501-1000 ms,1395
2026-05-05,NOTIFICATIONS_LIST,ANDROID,6.7.0,501-1000 ms,1504
2026-05-05,ISSUED_DOCUMENT_DETAILS,ANDROID,6.5.0,501-1000 ms,37
2026-05-05,ISSUED_DOCUMENT_DETAILS,ANDROID,6.6.2,501-1000 ms,7816
2026-05-05,ISSUED_DOCUMENT_EVIDENCE,ANDROID,6.5.1,501-1000 ms,4
2026-05-05,DOCUMENTS_LIST,ANDROID,6.7.0,501-1000 ms,4
2026-05-05,ISSUED_DOCUMENT_EVIDENCE,ANDROID,6.6.1,501-1000 ms,1
2026-05-05,ISSUED_DOCUMENT_EVIDENCE,ANDROID,6.6.0,501-1000 ms,20
2026-05-05,UPLOADED_DOCUMENT_EVIDENCE,ANDROID,6.7.0,501-1000 ms,32
2026-05-05,SHARE_DOCUMENT,ANDROID,6.7.0,501-1000 ms,1
2026-05-05,ACTIONABLE_NOTIFICATION_DETAILS,ANDROID,6.7.0,501-1000 ms,6
2026-05-05,DOWNLOAD_DOCUMENT,ANDROID,6.7.0,501-1000 ms,3
2026-05-05,ISSUED_DOCUMENT_EVIDENCE,ANDROID,6.7.0,501-1000 ms,84
2026-05-05,DOCUMENTS_LIST,ANDROID,6.6.2,51-100 ms,1
2026-05-05,NOTIFICATIONS_LIST,ANDROID,6.7.0,51-100 ms,265
2026-05-05,NON_ACTIONABLE_NOTIFICATION_DETAILS,ANDROID,6.7.0,51-100 ms,3
2026-05-05,ACTIONABLE_NOTIFICATION_DETAILS,ANDROID,6.7.0,< 0 ms,18
2026-05-05,DOCUMENTS_LIST,ANDROID,6.6.1,< 0 ms,2
2026-05-05,ISSUED_DOCUMENT_DETAILS,ANDROID,6.6.2,< 0 ms,3
2026-05-05,ISSUED_DOCUMENT_EVIDENCE,ANDROID,6.5.1,< 0 ms,1
2026-05-05,DOCUMENTS_LIST,ANDROID,6.6.0,< 0 ms,13
2026-05-05,DOCUMENTS_LIST,ANDROID,6.7.0,< 0 ms,20
2026-05-05,ISSUED_DOCUMENT_EVIDENCE,ANDROID,6.6.2,< 0 ms,5
2026-05-05,DOCUMENTS_LIST,ANDROID,6.6.2,< 0 ms,92
2026-05-05,ISSUED_DOCUMENT_DETAILS,ANDROID,6.6.0,= 0 ms,626
2026-05-05,ISSUED_DOCUMENT_EVIDENCE,ANDROID,6.5.0,= 0 ms,31
2026-05-05,ISSUED_DOCUMENT_EVIDENCE,ANDROID,NA,= 0 ms,9
2026-05-05,NON_ACTIONABLE_NOTIFICATION_DETAILS,ANDROID,NA,= 0 ms,2
2026-05-05,ISSUED_DOCUMENT_DETAILS,ANDROID,6.7.0,= 0 ms,33
2026-05-05,DOCUMENTS_LIST,ANDROID,NA,= 0 ms,35
2026-05-05,DOCUMENTS_LIST,ANDROID,6.5.0,= 0 ms,46
2026-05-05,ACTIONABLE_NOTIFICATION_DETAILS,ANDROID,NA,= 0 ms,2
2026-05-05,ACTIONABLE_NOTIFICATION_DETAILS,ANDROID,6.7.0,= 0 ms,611
2026-05-05,DOCUMENTS_LIST,ANDROID,6.6.2,= 0 ms,7924
2026-05-05,ISSUED_DOCUMENT_EVIDENCE,ANDROID,6.6.0,= 0 ms,520
2026-05-05,DOCUMENTS_LIST,ANDROID,6.6.0,= 0 ms,781
2026-05-05,ISSUED_DOCUMENT_DETAILS,ANDROID,NA,= 0 ms,14
2026-05-05,NON_ACTIONABLE_NOTIFICATION_DETAILS,ANDROID,6.7.0,= 0 ms,56
2026-05-05,ISSUED_DOCUMENT_EVIDENCE,ANDROID,6.7.0,= 0 ms,89
2026-05-05,NOTIFICATIONS_LIST,ANDROID,6.7.0,= 0 ms,708
2026-05-05,ISSUED_DOCUMENT_DETAILS,ANDROID,6.6.2,= 0 ms,6364
2026-05-05,ISSUED_DOCUMENT_DETAILS,ANDROID,6.6.1,= 0 ms,30
2026-05-05,DOCUMENTS_LIST,ANDROID,6.6.1,= 0 ms,25
2026-05-05,ISSUED_DOCUMENT_EVIDENCE,ANDROID,6.6.1,= 0 ms,27
2026-05-05,ISSUERS_LIST,ANDROID,NA,= 0 ms,3
2026-05-05,ISSUERS_LIST,ANDROID,6.7.0,= 0 ms,342
2026-05-05,UPLOADED_DOCUMENT_EVIDENCE,ANDROID,6.7.0,= 0 ms,2
2026-05-05,ISSUED_DOCUMENT_DETAILS,ANDROID,6.5.1,= 0 ms,94
2026-05-05,ISSUED_DOCUMENT_EVIDENCE,ANDROID,6.5.1,= 0 ms,80
2026-05-05,DOCUMENTS_LIST,ANDROID,6.5.1,= 0 ms,101
2026-05-05,NOTIFICATIONS_LIST,ANDROID,NA,= 0 ms,7
2026-05-05,DOCUMENTS_LIST,ANDROID,6.7.0,= 0 ms,1543
2026-05-05,QR_VERIFICATION,ANDROID,6.7.0,= 0 ms,13
2026-05-05,ISSUED_DOCUMENT_EVIDENCE,ANDROID,6.6.2,= 0 ms,5331
2026-05-05,ISSUED_DOCUMENT_DETAILS,ANDROID,6.5.0,= 0 ms,37
2026-05-06,NOTIFICATIONS_LIST,ANDROID,6.7.0,1-50 ms,3
2026-05-06,ACTIONABLE_NOTIFICATION_DETAILS,ANDROID,6.7.0,1-50 ms,1
2026-05-06,DOCUMENTS_LIST,ANDROID,6.5.1,10000+ ms,143
2026-05-06,DOWNLOAD_DOCUMENT,ANDROID,6.7.0,10000+ ms,11
2026-05-06,ISSUED_DOCUMENT_EVIDENCE,ANDROID,6.5.0,10000+ ms,69
2026-05-06,NOTIFICATIONS_LIST,ANDROID,6.7.0,10000+ ms,417
2026-05-06,DOCUMENTS_LIST,ANDROID,6.6.0,10000+ ms,953
2026-05-06,DOWNLOAD_SELF_SIGN_DOCUMENT,ANDROID,6.7.0,10000+ ms,1
2026-05-06,SHARE_DOCUMENT,ANDROID,6.7.0,10000+ ms,5
2026-05-06,DOCUMENTS_LIST,ANDROID,6.5.0,10000+ ms,59
2026-05-06,DOCUMENTS_LIST,ANDROID,6.6.1,10000+ ms,31
2026-05-06,DOCUMENT_SELECTION_ISSUED_LIST,ANDROID,6.7.0,10000+ ms,4
2026-05-06,ISSUERS_LIST,ANDROID,6.7.0,10000+ ms,409
2026-05-06,ISSUED_DOCUMENT_DETAILS,ANDROID,6.6.0,10000+ ms,974
2026-05-06,ACTIONABLE_NOTIFICATION_DETAILS,ANDROID,6.7.0,10000+ ms,1164
2026-05-06,NON_ACTIONABLE_NOTIFICATION_DETAILS,ANDROID,6.7.0,10000+ ms,69
2026-05-06,UPLOADED_DOCUMENT_EVIDENCE,ANDROID,6.7.0,10000+ ms,1
2026-05-06,ISSUED_DOCUMENT_DETAILS,ANDROID,6.6.2,10000+ ms,8745
2026-05-06,ISSUED_DOCUMENT_DETAILS,ANDROID,6.6.1,10000+ ms,38
2026-05-06,ISSUED_DOCUMENT_EVIDENCE,ANDROID,6.6.1,10000+ ms,32
2026-05-06,ISSUED_DOCUMENT_DETAILS,ANDROID,6.5.0,10000+ ms,57
2026-05-06,QR_VERIFICATION,ANDROID,6.7.0,10000+ ms,71
2026-05-06,ISSUED_DOCUMENT_DETAILS,ANDROID,6.7.0,10000+ ms,480
2026-05-06,ISSUED_DOCUMENT_EVIDENCE,ANDROID,6.6.2,10000+ ms,9278
2026-05-06,ISSUED_DOCUMENT_EVIDENCE,ANDROID,6.6.0,10000+ ms,1031
2026-05-06,ISSUED_DOCUMENT_DETAILS,ANDROID,6.5.1,10000+ ms,159
2026-05-06,ISSUED_DOCUMENT_EVIDENCE,ANDROID,6.5.1,10000+ ms,155
2026-05-06,DOCUMENTS_LIST,ANDROID,6.6.2,10000+ ms,9061
2026-05-06,ISSUED_DOCUMENT_EVIDENCE,ANDROID,6.7.0,10000+ ms,844
2026-05-06,DOCUMENTS_LIST,ANDROID,6.7.0,10000+ ms,588
2026-05-06,ISSUED_DOCUMENT_EVIDENCE,ANDROID,6.5.1,1001-5000 ms,113
2026-05-06,ISSUED_DOCUMENT_EVIDENCE,ANDROID,6.6.1,1001-5000 ms,28
2026-05-06,ISSUED_DOCUMENT_DETAILS,ANDROID,6.6.1,1001-5000 ms,56
2026-05-06,ISSUED_DOCUMENT_EVIDENCE,ANDROID,6.7.0,1001-5000 ms,1764
2026-05-06,DOCUMENTS_LIST,ANDROID,6.6.2,1001-5000 ms,87991
2026-05-06,DOCUMENT_SELECTION_ISSUED_LIST,ANDROID,6.7.0,1001-5000 ms,2
2026-05-06,ISSUED_DOCUMENT_DETAILS,ANDROID,6.5.0,1001-5000 ms,72
2026-05-06,ISSUED_DOCUMENT_EVIDENCE,ANDROID,6.6.2,1001-5000 ms,8511
2026-05-06,DOCUMENTS_LIST,ANDROID,6.6.1,1001-5000 ms,330
2026-05-06,ISSUED_DOCUMENT_EVIDENCE,ANDROID,6.6.0,1001-5000 ms,820
2026-05-06,DOCUMENTS_LIST,ANDROID,6.6.0,1001-5000 ms,8234
2026-05-06,DOCUMENTS_LIST,ANDROID,6.5.1,1001-5000 ms,1139
2026-05-06,DOCUMENTS_LIST,ANDROID,6.5.0,1001-5000 ms,442
2026-05-06,ISSUED_DOCUMENT_EVIDENCE,ANDROID,6.5.0,1001-5000 ms,41
2026-05-06,ISSUED_DOCUMENT_DETAILS,ANDROID,6.6.2,1001-5000 ms,11779
2026-05-06,SHARE_DOCUMENT,ANDROID,6.7.0,1001-5000 ms,33
2026-05-06,ISSUED_DOCUMENT_DETAILS,ANDROID,6.6.0,1001-5000 ms,1322
2026-05-06,UPLOADED_DOCUMENT_EVIDENCE,ANDROID,6.7.0,1001-5000 ms,37
2026-05-06,NOTIFICATIONS_LIST,ANDROID,6.7.0,1001-5000 ms,2010
2026-05-06,ISSUERS_LIST,ANDROID,6.7.0,1001-5000 ms,5393
2026-05-06,DOWNLOAD_DOCUMENT,ANDROID,6.7.0,1001-5000 ms,38
2026-05-06,DOWNLOAD_SELF_SIGN_DOCUMENT,ANDROID,6.7.0,1001-5000 ms,10
2026-05-06,QR_VERIFICATION,ANDROID,6.7.0,1001-5000 ms,307
2026-05-06,NON_ACTIONABLE_NOTIFICATION_DETAILS,ANDROID,6.7.0,1001-5000 ms,927
2026-05-06,ACTIONABLE_NOTIFICATION_DETAILS,ANDROID,6.7.0,1001-5000 ms,1931
2026-05-06,ISSUED_DOCUMENT_DETAILS,ANDROID,6.5.1,1001-5000 ms,192
2026-05-06,DOCUMENTS_LIST,ANDROID,6.7.0,1001-5000 ms,11545
2026-05-06,ISSUED_DOCUMENT_DETAILS,ANDROID,6.7.0,1001-5000 ms,2064
2026-05-06,QR_VERIFICATION,ANDROID,6.7.0,101-500 ms,42
2026-05-06,NOTIFICATIONS_LIST,ANDROID,6.7.0,101-500 ms,8185
2026-05-06,ISSUED_DOCUMENT_DETAILS,ANDROID,6.5.0,101-500 ms,10
2026-05-06,ISSUED_DOCUMENT_DETAILS,ANDROID,6.6.2,101-500 ms,842
2026-05-06,DOCUMENT_SELECTION_UPLOADED_LIST,ANDROID,6.7.0,101-500 ms,2
2026-05-06,ISSUED_DOCUMENT_EVIDENCE,ANDROID,6.7.0,101-500 ms,14
2026-05-06,DOCUMENTS_LIST,ANDROID,6.6.2,101-500 ms,21
2026-05-06,ISSUED_DOCUMENT_DETAILS,ANDROID,6.5.1,101-500 ms,11
2026-05-06,DOCUMENTS_LIST,ANDROID,6.7.0,101-500 ms,11
2026-05-06,ISSUED_DOCUMENT_EVIDENCE,ANDROID,6.6.2,101-500 ms,32
2026-05-06,ISSUED_DOCUMENT_EVIDENCE,ANDROID,6.5.0,101-500 ms,1
2026-05-06,UPLOADED_DOCUMENT_EVIDENCE,ANDROID,6.7.0,101-500 ms,25
2026-05-06,NON_ACTIONABLE_NOTIFICATION_DETAILS,ANDROID,6.7.0,101-500 ms,6745
2026-05-06,ISSUED_DOCUMENT_DETAILS,ANDROID,6.6.0,101-500 ms,59
2026-05-06,ACTIONABLE_NOTIFICATION_DETAILS,ANDROID,6.7.0,101-500 ms,7
2026-05-06,ISSUED_DOCUMENT_EVIDENCE,ANDROID,6.6.0,101-500 ms,3
2026-05-06,ISSUERS_LIST,ANDROID,6.7.0,101-500 ms,7
2026-05-06,DOWNLOAD_SELF_SIGN_DOCUMENT,ANDROID,6.7.0,101-500 ms,5
2026-05-06,ISSUED_DOCUMENT_DETAILS,ANDROID,6.7.0,101-500 ms,367
2026-05-06,DOCUMENTS_LIST,ANDROID,6.6.0,101-500 ms,1
2026-05-06,ISSUED_DOCUMENT_DETAILS,ANDROID,6.6.2,5001-10000 ms,1469
2026-05-06,ACTIONABLE_NOTIFICATION_DETAILS,ANDROID,6.7.0,5001-10000 ms,1140
2026-05-06,QR_VERIFICATION,ANDROID,6.7.0,5001-10000 ms,40
2026-05-06,ISSUED_DOCUMENT_EVIDENCE,ANDROID,6.6.0,5001-10000 ms,576
2026-05-06,DOCUMENTS_LIST,ANDROID,6.7.0,5001-10000 ms,941
2026-05-06,UPLOADED_DOCUMENT_EVIDENCE,ANDROID,6.7.0,5001-10000 ms,2
2026-05-06,DOCUMENT_SELECTION_ISSUED_LIST,ANDROID,6.7.0,5001-10000 ms,1
2026-05-06,DOCUMENTS_LIST,ANDROID,6.6.2,5001-10000 ms,10277
2026-05-06,ISSUED_DOCUMENT_EVIDENCE,ANDROID,6.5.0,5001-10000 ms,28
2026-05-06,SHARE_DOCUMENT,ANDROID,6.7.0,5001-10000 ms,3
2026-05-06,ISSUERS_LIST,ANDROID,6.7.0,5001-10000 ms,212
2026-05-06,NON_ACTIONABLE_NOTIFICATION_DETAILS,ANDROID,6.7.0,5001-10000 ms,87
2026-05-06,ISSUED_DOCUMENT_EVIDENCE,ANDROID,6.5.1,5001-10000 ms,88
2026-05-06,ISSUED_DOCUMENT_DETAILS,ANDROID,6.5.0,5001-10000 ms,13
2026-05-06,DOWNLOAD_DOCUMENT,ANDROID,6.7.0,5001-10000 ms,7
2026-05-06,ISSUED_DOCUMENT_DETAILS,ANDROID,6.5.1,5001-10000 ms,26
2026-05-06,DOCUMENTS_LIST,ANDROID,6.5.0,5001-10000 ms,66
2026-05-06,DOCUMENTS_LIST,ANDROID,6.5.1,5001-10000 ms,162
2026-05-06,ISSUED_DOCUMENT_DETAILS,ANDROID,6.7.0,5001-10000 ms,203
2026-05-06,ISSUED_DOCUMENT_DETAILS,ANDROID,6.6.1,5001-10000 ms,7
2026-05-06,DOCUMENTS_LIST,ANDROID,6.6.0,5001-10000 ms,1234
2026-05-06,NOTIFICATIONS_LIST,ANDROID,6.7.0,5001-10000 ms,329
2026-05-06,ISSUED_DOCUMENT_EVIDENCE,ANDROID,6.6.2,5001-10000 ms,5185
2026-05-06,ISSUED_DOCUMENT_EVIDENCE,ANDROID,6.7.0,5001-10000 ms,968
2026-05-06,ISSUED_DOCUMENT_DETAILS,ANDROID,6.6.0,5001-10000 ms,171
2026-05-06,ISSUED_DOCUMENT_EVIDENCE,ANDROID,6.6.1,5001-10000 ms,27
2026-05-06,DOCUMENTS_LIST,ANDROID,6.6.1,5001-10000 ms,40
2026-05-06,ACTIONABLE_NOTIFICATION_DETAILS,ANDROID,6.7.0,501-1000 ms,3
2026-05-06,ISSUED_DOCUMENT_DETAILS,ANDROID,6.6.0,501-1000 ms,703
2026-05-06,ISSUED_DOCUMENT_DETAILS,ANDROID,6.6.2,501-1000 ms,7655
2026-05-06,SHARE_DOCUMENT,ANDROID,6.7.0,501-1000 ms,2
2026-05-06,ISSUED_DOCUMENT_DETAILS,ANDROID,6.6.1,501-1000 ms,19
2026-05-06,ISSUED_DOCUMENT_EVIDENCE,ANDROID,6.5.0,501-1000 ms,3
2026-05-06,DOWNLOAD_DOCUMENT,ANDROID,6.7.0,501-1000 ms,4
2026-05-06,QR_VERIFICATION,ANDROID,6.7.0,501-1000 ms,295
2026-05-06,ISSUED_DOCUMENT_EVIDENCE,ANDROID,6.7.0,501-1000 ms,71
2026-05-06,NON_ACTIONABLE_NOTIFICATION_DETAILS,ANDROID,6.7.0,501-1000 ms,1391
2026-05-06,UPLOADED_DOCUMENT_EVIDENCE,ANDROID,6.7.0,501-1000 ms,45
2026-05-06,ISSUED_DOCUMENT_EVIDENCE,ANDROID,6.6.2,501-1000 ms,263
2026-05-06,ISSUED_DOCUMENT_EVIDENCE,ANDROID,6.6.0,501-1000 ms,14
2026-05-06,ISSUED_DOCUMENT_DETAILS,ANDROID,6.7.0,501-1000 ms,1837
2026-05-06,DOCUMENTS_LIST,ANDROID,6.6.2,501-1000 ms,5
2026-05-06,NOTIFICATIONS_LIST,ANDROID,6.7.0,501-1000 ms,1567
2026-05-06,DOCUMENTS_LIST,ANDROID,6.7.0,501-1000 ms,5
2026-05-06,ISSUED_DOCUMENT_DETAILS,ANDROID,6.5.0,501-1000 ms,46
2026-05-06,ISSUERS_LIST,ANDROID,6.7.0,501-1000 ms,16
2026-05-06,ISSUED_DOCUMENT_DETAILS,ANDROID,6.5.1,501-1000 ms,119
2026-05-06,DOWNLOAD_SELF_SIGN_DOCUMENT,ANDROID,6.7.0,501-1000 ms,4
2026-05-06,ISSUED_DOCUMENT_EVIDENCE,ANDROID,6.5.1,501-1000 ms,4
2026-05-06,ISSUED_DOCUMENT_DETAILS,ANDROID,6.5.0,51-100 ms,1
2026-05-06,NOTIFICATIONS_LIST,ANDROID,6.7.0,51-100 ms,281
2026-05-06,DOCUMENTS_LIST,ANDROID,6.7.0,51-100 ms,1
2026-05-06,ISSUERS_LIST,ANDROID,6.7.0,51-100 ms,1
2026-05-06,NON_ACTIONABLE_NOTIFICATION_DETAILS,ANDROID,6.7.0,51-100 ms,5
2026-05-06,ACTIONABLE_NOTIFICATION_DETAILS,ANDROID,6.7.0,51-100 ms,2
2026-05-06,ACTIONABLE_NOTIFICATION_DETAILS,ANDROID,6.7.0,< 0 ms,21
2026-05-06,ISSUED_DOCUMENT_EVIDENCE,ANDROID,6.6.2,< 0 ms,4
2026-05-06,DOCUMENTS_LIST,ANDROID,6.7.0,< 0 ms,19
2026-05-06,DOCUMENTS_LIST,ANDROID,6.6.2,< 0 ms,102
2026-05-06,ISSUERS_LIST,ANDROID,6.7.0,< 0 ms,2
2026-05-06,ISSUED_DOCUMENT_EVIDENCE,ANDROID,6.6.0,< 0 ms,1
2026-05-06,ISSUED_DOCUMENT_DETAILS,ANDROID,6.6.0,< 0 ms,1
2026-05-06,DOCUMENTS_LIST,ANDROID,6.6.0,< 0 ms,10
2026-05-06,DOCUMENTS_LIST,ANDROID,6.5.1,< 0 ms,2
2026-05-06,ISSUED_DOCUMENT_DETAILS,ANDROID,6.6.2,< 0 ms,1
2026-05-06,ISSUED_DOCUMENT_DETAILS,ANDROID,6.7.0,< 0 ms,1
2026-05-06,ISSUED_DOCUMENT_DETAILS,ANDROID,6.6.0,= 0 ms,738
2026-05-06,QR_VERIFICATION,ANDROID,6.7.0,= 0 ms,6
2026-05-06,NON_ACTIONABLE_NOTIFICATION_DETAILS,ANDROID,NA,= 0 ms,3
2026-05-06,ISSUED_DOCUMENT_EVIDENCE,ANDROID,NA,= 0 ms,2
2026-05-06,ISSUERS_LIST,ANDROID,6.7.0,= 0 ms,351
2026-05-06,ACTIONABLE_NOTIFICATION_DETAILS,ANDROID,6.7.0,= 0 ms,686
2026-05-06,ISSUED_DOCUMENT_EVIDENCE,ANDROID,6.6.0,= 0 ms,611
2026-05-06,DOCUMENTS_LIST,ANDROID,6.6.1,= 0 ms,27
2026-05-06,ISSUED_DOCUMENT_DETAILS,ANDROID,6.6.1,= 0 ms,43
2026-05-06,NOTIFICATIONS_LIST,ANDROID,NA,= 0 ms,6
2026-05-06,DOCUMENTS_LIST,ANDROID,6.5.1,= 0 ms,94
2026-05-06,DOCUMENTS_LIST,ANDROID,6.6.2,= 0 ms,8127
2026-05-06,DOCUMENTS_LIST,ANDROID,6.7.0,= 0 ms,1427
2026-05-06,DOCUMENTS_LIST,ANDROID,6.6.0,= 0 ms,819
2026-05-06,DOCUMENTS_LIST,ANDROID,NA,= 0 ms,33
2026-05-06,ISSUERS_LIST,ANDROID,NA,= 0 ms,1
2026-05-06,DOCUMENTS_LIST,ANDROID,6.5.0,= 0 ms,51
2026-05-06,ISSUED_DOCUMENT_DETAILS,ANDROID,6.5.1,= 0 ms,83
2026-05-06,ISSUED_DOCUMENT_EVIDENCE,ANDROID,6.5.0,= 0 ms,27
2026-05-06,ISSUED_DOCUMENT_EVIDENCE,ANDROID,6.5.1,= 0 ms,79
2026-05-06,ISSUED_DOCUMENT_DETAILS,ANDROID,6.5.0,= 0 ms,40
2026-05-06,ISSUED_DOCUMENT_EVIDENCE,ANDROID,6.6.1,= 0 ms,33
2026-05-06,ISSUED_DOCUMENT_EVIDENCE,ANDROID,6.6.2,= 0 ms,6021
2026-05-06,NOTIFICATIONS_LIST,ANDROID,6.7.0,= 0 ms,738
2026-05-06,UPLOADED_DOCUMENT_EVIDENCE,ANDROID,6.7.0,= 0 ms,5
2026-05-06,ACTIONABLE_NOTIFICATION_DETAILS,ANDROID,NA,= 0 ms,3
2026-05-06,ISSUED_DOCUMENT_DETAILS,ANDROID,6.6.2,= 0 ms,7505
2026-05-06,NON_ACTIONABLE_NOTIFICATION_DETAILS,ANDROID,6.7.0,= 0 ms,71
2026-05-06,ISSUED_DOCUMENT_DETAILS,ANDROID,6.7.0,= 0 ms,34
2026-05-06,QR_VERIFICATION,ANDROID,NA,= 0 ms,1
2026-05-06,ISSUED_DOCUMENT_EVIDENCE,ANDROID,6.7.0,= 0 ms,95
2026-05-06,SHARE_DOCUMENT,ANDROID,6.7.0,= 0 ms,1
2026-05-06,ISSUED_DOCUMENT_DETAILS,ANDROID,NA,= 0 ms,8
2026-05-07,ACTIONABLE_NOTIFICATION_DETAILS,ANDROID,6.7.0,1-50 ms,3
2026-05-07,NOTIFICATIONS_LIST,ANDROID,6.7.0,1-50 ms,1
2026-05-07,ISSUED_DOCUMENT_DETAILS,ANDROID,6.6.0,10000+ ms,872
2026-05-07,ISSUED_DOCUMENT_EVIDENCE,ANDROID,6.6.0,10000+ ms,882
2026-05-07,ISSUED_DOCUMENT_DETAILS,ANDROID,6.7.0,10000+ ms,814
2026-05-07,DOWNLOAD_DOCUMENT,ANDROID,6.7.0,10000+ ms,11
2026-05-07,DOCUMENT_SELECTION_ISSUED_LIST,ANDROID,6.7.0,10000+ ms,1
2026-05-07,DOCUMENTS_LIST,ANDROID,6.5.0,10000+ ms,51
2026-05-07,ISSUED_DOCUMENT_EVIDENCE,ANDROID,6.5.1,10000+ ms,131
2026-05-07,ISSUED_DOCUMENT_EVIDENCE,ANDROID,6.6.2,10000+ ms,8123
2026-05-07,DOCUMENTS_LIST,ANDROID,6.6.2,10000+ ms,7931
2026-05-07,SHARE_DOCUMENT,ANDROID,6.7.0,10000+ ms,11
2026-05-07,ISSUED_DOCUMENT_EVIDENCE,ANDROID,6.6.1,10000+ ms,33
2026-05-07,DOCUMENTS_LIST,ANDROID,6.6.1,10000+ ms,28
2026-05-07,ISSUED_DOCUMENT_EVIDENCE,ANDROID,6.5.0,10000+ ms,74
2026-05-07,ACTIONABLE_NOTIFICATION_DETAILS,ANDROID,6.7.0,10000+ ms,2157
2026-05-07,ISSUERS_LIST,ANDROID,6.7.0,10000+ ms,901
2026-05-07,ISSUED_DOCUMENT_DETAILS,ANDROID,6.5.0,10000+ ms,80
2026-05-07,NON_ACTIONABLE_NOTIFICATION_DETAILS,ANDROID,6.7.0,10000+ ms,97
2026-05-07,DOCUMENTS_LIST,ANDROID,6.7.0,10000+ ms,747
2026-05-07,ISSUED_DOCUMENT_DETAILS,ANDROID,6.6.2,10000+ ms,8003
2026-05-07,ISSUED_DOCUMENT_DETAILS,ANDROID,6.6.1,10000+ ms,26
2026-05-07,ISSUED_DOCUMENT_DETAILS,ANDROID,6.5.1,10000+ ms,129
2026-05-07,ISSUED_DOCUMENT_EVIDENCE,ANDROID,6.7.0,10000+ ms,1388
2026-05-07,UPLOADED_DOCUMENT_EVIDENCE,ANDROID,6.7.0,10000+ ms,6
2026-05-07,QR_VERIFICATION,ANDROID,6.7.0,10000+ ms,78
2026-05-07,DOCUMENTS_LIST,ANDROID,6.5.1,10000+ ms,121
2026-05-07,DOCUMENTS_LIST,ANDROID,6.6.0,10000+ ms,869
2026-05-07,NOTIFICATIONS_LIST,ANDROID,6.7.0,10000+ ms,487
2026-05-07,DOWNLOAD_DOCUMENT,ANDROID,6.7.0,1001-5000 ms,61
2026-05-07,DOCUMENTS_LIST,ANDROID,6.5.0,1001-5000 ms,473
2026-05-07,DOCUMENTS_LIST,ANDROID,6.7.0,1001-5000 ms,16885
2026-05-07,ISSUED_DOCUMENT_EVIDENCE,ANDROID,6.5.0,1001-5000 ms,43
2026-05-07,DOCUMENT_SELECTION_ISSUED_LIST,ANDROID,6.7.0,1001-5000 ms,6
2026-05-07,DOCUMENTS_LIST,ANDROID,6.6.1,1001-5000 ms,276
2026-05-07,ISSUED_DOCUMENT_DETAILS,ANDROID,6.5.1,1001-5000 ms,193
2026-05-07,ISSUED_DOCUMENT_EVIDENCE,ANDROID,6.5.1,1001-5000 ms,112
2026-05-07,ISSUED_DOCUMENT_DETAILS,ANDROID,6.6.1,1001-5000 ms,60
2026-05-07,ISSUED_DOCUMENT_DETAILS,ANDROID,6.7.0,1001-5000 ms,3769
2026-05-07,UPLOADED_DOCUMENT_EVIDENCE,ANDROID,6.7.0,1001-5000 ms,46
2026-05-07,ISSUED_DOCUMENT_DETAILS,ANDROID,6.5.0,1001-5000 ms,91
2026-05-07,ISSUED_DOCUMENT_EVIDENCE,ANDROID,6.6.1,1001-5000 ms,33
2026-05-07,NON_ACTIONABLE_NOTIFICATION_DETAILS,ANDROID,6.7.0,1001-5000 ms,1771
2026-05-07,ISSUED_DOCUMENT_EVIDENCE,ANDROID,6.7.0,1001-5000 ms,2708
2026-05-07,ISSUED_DOCUMENT_DETAILS,ANDROID,6.6.0,1001-5000 ms,1352
2026-05-07,ISSUED_DOCUMENT_DETAILS,ANDROID,6.6.2,1001-5000 ms,11848
2026-05-07,ISSUED_DOCUMENT_EVIDENCE,ANDROID,6.6.0,1001-5000 ms,719
2026-05-07,ACTIONABLE_NOTIFICATION_DETAILS,ANDROID,6.7.0,1001-5000 ms,2299
2026-05-07,DOCUMENTS_LIST,ANDROID,6.6.0,1001-5000 ms,7622
2026-05-07,DOWNLOAD_SELF_SIGN_DOCUMENT,ANDROID,6.7.0,1001-5000 ms,8
2026-05-07,ISSUERS_LIST,ANDROID,6.7.0,1001-5000 ms,8181
2026-05-07,QR_VERIFICATION,ANDROID,6.7.0,1001-5000 ms,495
2026-05-07,ISSUED_DOCUMENT_EVIDENCE,ANDROID,6.6.2,1001-5000 ms,7934
2026-05-07,DOCUMENTS_LIST,ANDROID,6.6.2,1001-5000 ms,80443
2026-05-07,SHARE_DOCUMENT,ANDROID,6.7.0,1001-5000 ms,41
2026-05-07,DOCUMENTS_LIST,ANDROID,6.5.1,1001-5000 ms,1019
2026-05-07,NOTIFICATIONS_LIST,ANDROID,6.7.0,1001-5000 ms,3240
2026-05-07,ISSUED_DOCUMENT_DETAILS,ANDROID,6.6.1,101-500 ms,2
2026-05-07,ISSUED_DOCUMENT_EVIDENCE,ANDROID,6.7.0,101-500 ms,28
2026-05-07,QR_VERIFICATION,ANDROID,6.7.0,101-500 ms,54
2026-05-07,DOCUMENTS_LIST,ANDROID,6.6.2,101-500 ms,15
2026-05-07,NON_ACTIONABLE_NOTIFICATION_DETAILS,ANDROID,6.7.0,101-500 ms,9049
2026-05-07,ISSUED_DOCUMENT_DETAILS,ANDROID,6.6.0,101-500 ms,53
2026-05-07,DOWNLOAD_SELF_SIGN_DOCUMENT,ANDROID,6.7.0,101-500 ms,8
2026-05-07,ISSUED_DOCUMENT_DETAILS,ANDROID,6.7.0,101-500 ms,518
2026-05-07,ISSUED_DOCUMENT_EVIDENCE,ANDROID,6.6.2,101-500 ms,40
2026-05-07,ISSUERS_LIST,ANDROID,6.7.0,101-500 ms,25
2026-05-07,ISSUED_DOCUMENT_DETAILS,ANDROID,6.6.2,101-500 ms,689
2026-05-07,UPLOADED_DOCUMENT_EVIDENCE,ANDROID,6.7.0,101-500 ms,24
2026-05-07,ACTIONABLE_NOTIFICATION_DETAILS,ANDROID,6.7.0,101-500 ms,13
2026-05-07,ISSUED_DOCUMENT_EVIDENCE,ANDROID,6.6.0,101-500 ms,1
2026-05-07,NOTIFICATIONS_LIST,ANDROID,6.7.0,101-500 ms,11743
2026-05-07,DOCUMENTS_LIST,ANDROID,6.7.0,101-500 ms,59
2026-05-07,ISSUED_DOCUMENT_DETAILS,ANDROID,6.5.1,101-500 ms,8
2026-05-07,ISSUED_DOCUMENT_DETAILS,ANDROID,6.5.0,101-500 ms,5
2026-05-07,DOCUMENT_SELECTION_ISSUED_LIST,ANDROID,6.7.0,101-500 ms,1
2026-05-07,ISSUED_DOCUMENT_DETAILS,ANDROID,6.6.1,5001-10000 ms,11
2026-05-07,NOTIFICATIONS_LIST,ANDROID,6.7.0,5001-10000 ms,555
2026-05-07,UPLOADED_DOCUMENT_EVIDENCE,ANDROID,6.7.0,5001-10000 ms,4
2026-05-07,ISSUED_DOCUMENT_DETAILS,ANDROID,6.6.2,5001-10000 ms,1187
2026-05-07,DOCUMENTS_LIST,ANDROID,6.6.2,5001-10000 ms,10037
2026-05-07,ISSUED_DOCUMENT_DETAILS,ANDROID,6.5.1,5001-10000 ms,26
2026-05-07,ISSUERS_LIST,ANDROID,6.7.0,5001-10000 ms,359
2026-05-07,DOCUMENTS_LIST,ANDROID,6.5.0,5001-10000 ms,76
2026-05-07,ISSUED_DOCUMENT_DETAILS,ANDROID,6.6.0,5001-10000 ms,139
2026-05-07,ISSUED_DOCUMENT_EVIDENCE,ANDROID,6.6.1,5001-10000 ms,18
2026-05-07,ACTIONABLE_NOTIFICATION_DETAILS,ANDROID,6.7.0,5001-10000 ms,1463
2026-05-07,QR_VERIFICATION,ANDROID,6.7.0,5001-10000 ms,79
2026-05-07,ISSUED_DOCUMENT_EVIDENCE,ANDROID,6.7.0,5001-10000 ms,1749
2026-05-07,DOCUMENTS_LIST,ANDROID,6.6.0,5001-10000 ms,1118
2026-05-07,ISSUED_DOCUMENT_EVIDENCE,ANDROID,6.6.0,5001-10000 ms,556
2026-05-07,DOCUMENTS_LIST,ANDROID,6.7.0,5001-10000 ms,1513
2026-05-07,NON_ACTIONABLE_NOTIFICATION_DETAILS,ANDROID,6.7.0,5001-10000 ms,149
2026-05-07,ISSUED_DOCUMENT_DETAILS,ANDROID,6.5.0,5001-10000 ms,8
2026-05-07,DOWNLOAD_DOCUMENT,ANDROID,6.7.0,5001-10000 ms,13
2026-05-07,DOCUMENTS_LIST,ANDROID,6.6.1,5001-10000 ms,64
2026-05-07,DOCUMENTS_LIST,ANDROID,6.5.1,5001-10000 ms,153
2026-05-07,ISSUED_DOCUMENT_DETAILS,ANDROID,6.7.0,5001-10000 ms,352
2026-05-07,ISSUED_DOCUMENT_EVIDENCE,ANDROID,6.6.2,5001-10000 ms,5102
2026-05-07,ISSUED_DOCUMENT_EVIDENCE,ANDROID,6.5.1,5001-10000 ms,74
2026-05-07,ISSUED_DOCUMENT_EVIDENCE,ANDROID,6.5.0,5001-10000 ms,36
2026-05-07,DOWNLOAD_SELF_SIGN_DOCUMENT,ANDROID,6.7.0,5001-10000 ms,1
2026-05-07,SHARE_DOCUMENT,ANDROID,6.7.0,5001-10000 ms,5
2026-05-07,ISSUED_DOCUMENT_EVIDENCE,ANDROID,6.6.0,501-1000 ms,24
2026-05-07,ISSUED_DOCUMENT_EVIDENCE,ANDROID,6.7.0,501-1000 ms,104
2026-05-07,DOCUMENTS_LIST,ANDROID,6.6.2,501-1000 ms,5
2026-05-07,ISSUERS_LIST,ANDROID,6.7.0,501-1000 ms,37
2026-05-07,SHARE_DOCUMENT,ANDROID,6.7.0,501-1000 ms,3
2026-05-07,ISSUED_DOCUMENT_EVIDENCE,ANDROID,6.5.0,501-1000 ms,1
2026-05-07,DOCUMENTS_LIST,ANDROID,6.6.0,501-1000 ms,1
2026-05-07,ISSUED_DOCUMENT_DETAILS,ANDROID,6.7.0,501-1000 ms,2580
2026-05-07,DOCUMENT_SELECTION_ISSUED_LIST,ANDROID,6.7.0,501-1000 ms,3
2026-05-07,ISSUED_DOCUMENT_EVIDENCE,ANDROID,6.5.1,501-1000 ms,6
2026-05-07,UPLOADED_DOCUMENT_EVIDENCE,ANDROID,6.7.0,501-1000 ms,53
2026-05-07,ISSUED_DOCUMENT_DETAILS,ANDROID,6.6.0,501-1000 ms,603
2026-05-07,DOWNLOAD_DOCUMENT,ANDROID,6.7.0,501-1000 ms,3
2026-05-07,ISSUED_DOCUMENT_DETAILS,ANDROID,6.5.1,501-1000 ms,86
2026-05-07,QR_VERIFICATION,ANDROID,6.7.0,501-1000 ms,348
2026-05-07,DOWNLOAD_SELF_SIGN_DOCUMENT,ANDROID,6.7.0,501-1000 ms,6
2026-05-07,ISSUED_DOCUMENT_EVIDENCE,ANDROID,6.6.2,501-1000 ms,234
2026-05-07,NOTIFICATIONS_LIST,ANDROID,6.7.0,501-1000 ms,2335
2026-05-07,NON_ACTIONABLE_NOTIFICATION_DETAILS,ANDROID,6.7.0,501-1000 ms,2253
2026-05-07,ISSUED_DOCUMENT_DETAILS,ANDROID,6.6.2,501-1000 ms,6181
2026-05-07,ISSUED_DOCUMENT_DETAILS,ANDROID,6.6.1,501-1000 ms,22
2026-05-07,DOCUMENTS_LIST,ANDROID,6.7.0,501-1000 ms,14
2026-05-07,ISSUED_DOCUMENT_DETAILS,ANDROID,6.5.0,501-1000 ms,17
2026-05-07,ACTIONABLE_NOTIFICATION_DETAILS,ANDROID,6.7.0,501-1000 ms,10
2026-05-07,DOCUMENTS_LIST,ANDROID,6.7.0,51-100 ms,2
2026-05-07,DOCUMENTS_LIST,ANDROID,6.6.2,51-100 ms,3
2026-05-07,NON_ACTIONABLE_NOTIFICATION_DETAILS,ANDROID,6.7.0,51-100 ms,16
2026-05-07,NOTIFICATIONS_LIST,ANDROID,6.7.0,51-100 ms,459
2026-05-07,ACTIONABLE_NOTIFICATION_DETAILS,ANDROID,6.7.0,51-100 ms,2
2026-05-07,ISSUERS_LIST,ANDROID,6.7.0,51-100 ms,2
2026-05-07,ACTIONABLE_NOTIFICATION_DETAILS,ANDROID,6.7.0,< 0 ms,47
2026-05-07,ISSUED_DOCUMENT_EVIDENCE,ANDROID,6.6.2,< 0 ms,1
2026-05-07,DOCUMENTS_LIST,ANDROID,6.7.0,< 0 ms,9
2026-05-07,DOCUMENTS_LIST,ANDROID,6.6.2,< 0 ms,64
2026-05-07,DOCUMENTS_LIST,ANDROID,6.5.1,< 0 ms,1
2026-05-07,DOCUMENTS_LIST,ANDROID,6.6.0,< 0 ms,3
2026-05-07,DOCUMENTS_LIST,ANDROID,6.5.0,< 0 ms,1
2026-05-07,ISSUED_DOCUMENT_EVIDENCE,ANDROID,NA,= 0 ms,22
2026-05-07,ISSUED_DOCUMENT_EVIDENCE,ANDROID,6.6.0,= 0 ms,563
2026-05-07,DOCUMENTS_LIST,ANDROID,6.6.1,= 0 ms,25
2026-05-07,ISSUED_DOCUMENT_EVIDENCE,ANDROID,6.6.1,= 0 ms,12
2026-05-07,DOCUMENTS_LIST,ANDROID,6.5.1,= 0 ms,85
2026-05-07,ISSUED_DOCUMENT_EVIDENCE,ANDROID,6.6.2,= 0 ms,5520
2026-05-07,ISSUED_DOCUMENT_DETAILS,ANDROID,6.5.1,= 0 ms,89
2026-05-07,DOCUMENTS_LIST,ANDROID,6.7.0,= 0 ms,1726
2026-05-07,NOTIFICATIONS_LIST,ANDROID,6.7.0,= 0 ms,936
2026-05-07,ISSUERS_LIST,ANDROID,6.7.0,= 0 ms,440
2026-05-07,ISSUED_DOCUMENT_DETAILS,ANDROID,6.7.0,= 0 ms,61
2026-05-07,DOCUMENTS_LIST,ANDROID,6.6.0,= 0 ms,758
2026-05-07,DOCUMENTS_LIST,ANDROID,NA,= 0 ms,54
2026-05-07,DOCUMENTS_LIST,ANDROID,6.6.2,= 0 ms,7054
2026-05-07,UPLOADED_DOCUMENT_EVIDENCE,ANDROID,6.7.0,= 0 ms,2
2026-05-07,ISSUED_DOCUMENT_EVIDENCE,ANDROID,6.5.0,= 0 ms,31
2026-05-07,ISSUED_DOCUMENT_EVIDENCE,ANDROID,6.5.1,= 0 ms,81
2026-05-07,ACTIONABLE_NOTIFICATION_DETAILS,ANDROID,6.7.0,= 0 ms,1192
2026-05-07,ISSUED_DOCUMENT_EVIDENCE,ANDROID,6.7.0,= 0 ms,154
2026-05-07,DOCUMENTS_LIST,ANDROID,6.5.0,= 0 ms,50
2026-05-07,NON_ACTIONABLE_NOTIFICATION_DETAILS,ANDROID,NA,= 0 ms,6
2026-05-07,ISSUED_DOCUMENT_DETAILS,ANDROID,6.5.0,= 0 ms,41
2026-05-07,NOTIFICATIONS_LIST,ANDROID,NA,= 0 ms,22
2026-05-07,ISSUED_DOCUMENT_DETAILS,ANDROID,6.6.1,= 0 ms,18
2026-05-07,ISSUED_DOCUMENT_DETAILS,ANDROID,6.6.0,= 0 ms,684
2026-05-07,ACTIONABLE_NOTIFICATION_DETAILS,ANDROID,NA,= 0 ms,8
2026-05-07,QR_VERIFICATION,ANDROID,6.7.0,= 0 ms,5
2026-05-07,ISSUED_DOCUMENT_DETAILS,ANDROID,6.6.2,= 0 ms,6689
2026-05-07,ISSUERS_LIST,ANDROID,NA,= 0 ms,12
2026-05-07,NON_ACTIONABLE_NOTIFICATION_DETAILS,ANDROID,6.7.0,= 0 ms,99
2026-05-07,ISSUED_DOCUMENT_DETAILS,ANDROID,NA,= 0 ms,11
2026-05-08,ACTIONABLE_NOTIFICATION_DETAILS,ANDROID,6.7.0,1-50 ms,8
2026-05-08,NOTIFICATIONS_LIST,ANDROID,6.7.0,1-50 ms,5
2026-05-08,ISSUED_DOCUMENT_EVIDENCE,ANDROID,6.6.0,10000+ ms,822
2026-05-08,QR_VERIFICATION,ANDROID,6.7.0,10000+ ms,245
2026-05-08,UPLOADED_DOCUMENT_EVIDENCE,ANDROID,6.7.0,10000+ ms,23
2026-05-08,DOCUMENTS_LIST,ANDROID,6.6.0,10000+ ms,769
2026-05-08,ISSUED_DOCUMENT_EVIDENCE,ANDROID,6.5.1,10000+ ms,134
2026-05-08,DOWNLOAD_DOCUMENT,ANDROID,6.7.0,10000+ ms,28
2026-05-08,DOCUMENTS_LIST,ANDROID,6.6.1,10000+ ms,32
2026-05-08,ISSUED_DOCUMENT_DETAILS,ANDROID,6.6.0,10000+ ms,838
2026-05-08,NOTIFICATIONS_LIST,ANDROID,6.7.0,10000+ ms,1249
2026-05-08,DOCUMENTS_LIST,ANDROID,6.5.0,10000+ ms,65
2026-05-08,SHARE_DOCUMENT,ANDROID,6.7.0,10000+ ms,18
2026-05-08,ISSUED_DOCUMENT_DETAILS,ANDROID,6.6.1,10000+ ms,40
2026-05-08,DOCUMENTS_LIST,ANDROID,6.5.1,10000+ ms,117
2026-05-08,ISSUED_DOCUMENT_EVIDENCE,ANDROID,6.5.0,10000+ ms,84
2026-05-08,ISSUED_DOCUMENT_EVIDENCE,ANDROID,6.6.1,10000+ ms,37
2026-05-08,DOCUMENTS_LIST,ANDROID,6.6.2,10000+ ms,4972
2026-05-08,ISSUED_DOCUMENT_DETAILS,ANDROID,6.7.0,10000+ ms,2254
2026-05-08,DOCUMENT_SELECTION_ISSUED_LIST,ANDROID,6.7.0,10000+ ms,13
2026-05-08,ISSUED_DOCUMENT_EVIDENCE,ANDROID,6.6.2,10000+ ms,4861
2026-05-08,ACTIONABLE_NOTIFICATION_DETAILS,ANDROID,6.7.0,10000+ ms,5463
2026-05-08,ISSUED_DOCUMENT_EVIDENCE,ANDROID,6.7.0,10000+ ms,3503
2026-05-08,NON_ACTIONABLE_NOTIFICATION_DETAILS,ANDROID,6.7.0,10000+ ms,239
2026-05-08,DOCUMENTS_LIST,ANDROID,6.7.0,10000+ ms,2115
2026-05-08,ISSUED_DOCUMENT_DETAILS,ANDROID,6.5.1,10000+ ms,123
2026-05-08,ISSUED_DOCUMENT_DETAILS,ANDROID,6.5.0,10000+ ms,72
2026-05-08,DOCUMENT_SELECTION_UPLOADED_LIST,ANDROID,6.7.0,10000+ ms,1
2026-05-08,ISSUERS_LIST,ANDROID,6.7.0,10000+ ms,1902
2026-05-08,DOWNLOAD_SELF_SIGN_DOCUMENT,ANDROID,6.7.0,10000+ ms,16
2026-05-08,ISSUED_DOCUMENT_DETAILS,ANDROID,6.6.2,10000+ ms,4823
2026-05-08,DOCUMENTS_LIST,ANDROID,6.5.0,1001-5000 ms,429
2026-05-08,ISSUED_DOCUMENT_EVIDENCE,ANDROID,6.6.1,1001-5000 ms,30
2026-05-08,ISSUED_DOCUMENT_EVIDENCE,ANDROID,6.6.2,1001-5000 ms,5413
2026-05-08,ISSUED_DOCUMENT_EVIDENCE,ANDROID,6.7.0,1001-5000 ms,7954
2026-05-08,ISSUED_DOCUMENT_DETAILS,ANDROID,6.5.1,1001-5000 ms,141
2026-05-08,UPLOADED_DOCUMENT_EVIDENCE,ANDROID,6.7.0,1001-5000 ms,171
2026-05-08,ACTIONABLE_NOTIFICATION_DETAILS,ANDROID,6.7.0,1001-5000 ms,6213
2026-05-08,DOCUMENTS_LIST,ANDROID,6.6.2,1001-5000 ms,50796
2026-05-08,NOTIFICATIONS_LIST,ANDROID,6.7.0,1001-5000 ms,8683
2026-05-08,NON_ACTIONABLE_NOTIFICATION_DETAILS,ANDROID,6.7.0,1001-5000 ms,4803
2026-05-08,DOWNLOAD_DOCUMENT,ANDROID,6.7.0,1001-5000 ms,185
2026-05-08,ISSUED_DOCUMENT_EVIDENCE,ANDROID,6.5.0,1001-5000 ms,61
2026-05-08,DOCUMENT_SELECTION_UPLOADED_LIST,ANDROID,6.7.0,1001-5000 ms,1
2026-05-08,ISSUED_DOCUMENT_DETAILS,ANDROID,6.5.0,1001-5000 ms,83
2026-05-08,DOCUMENTS_LIST,ANDROID,6.6.0,1001-5000 ms,6880
2026-05-08,ISSUED_DOCUMENT_EVIDENCE,ANDROID,6.6.0,1001-5000 ms,746
2026-05-08,DOCUMENTS_LIST,ANDROID,6.5.1,1001-5000 ms,942
2026-05-08,DOCUMENTS_LIST,ANDROID,6.6.1,1001-5000 ms,276
2026-05-08,ISSUED_DOCUMENT_EVIDENCE,ANDROID,6.5.1,1001-5000 ms,120
2026-05-08,ISSUED_DOCUMENT_DETAILS,ANDROID,6.6.2,1001-5000 ms,5777
2026-05-08,ISSUERS_LIST,ANDROID,6.7.0,1001-5000 ms,23278
2026-05-08,QR_VERIFICATION,ANDROID,6.7.0,1001-5000 ms,1121
2026-05-08,ISSUED_DOCUMENT_DETAILS,ANDROID,6.7.0,1001-5000 ms,7700
2026-05-08,DOCUMENTS_LIST,ANDROID,6.7.0,1001-5000 ms,47592
2026-05-08,ISSUED_DOCUMENT_DETAILS,ANDROID,6.6.0,1001-5000 ms,975
2026-05-08,DOWNLOAD_SELF_SIGN_DOCUMENT,ANDROID,6.7.0,1001-5000 ms,22
2026-05-08,SHARE_DOCUMENT,ANDROID,6.7.0,1001-5000 ms,114
2026-05-08,ISSUED_DOCUMENT_DETAILS,ANDROID,6.6.1,1001-5000 ms,46
2026-05-08,DOCUMENT_SELECTION_ISSUED_LIST,ANDROID,6.7.0,1001-5000 ms,4
2026-05-08,ISSUED_DOCUMENT_EVIDENCE,ANDROID,6.7.0,101-500 ms,87
2026-05-08,DOCUMENTS_LIST,ANDROID,6.6.2,101-500 ms,4
2026-05-08,NOTIFICATIONS_LIST,ANDROID,6.7.0,101-500 ms,33120
2026-05-08,DOWNLOAD_DOCUMENT,ANDROID,6.7.0,101-500 ms,3
2026-05-08,ISSUED_DOCUMENT_DETAILS,ANDROID,6.6.2,101-500 ms,671
2026-05-08,ISSUED_DOCUMENT_EVIDENCE,ANDROID,6.6.0,101-500 ms,7
2026-05-08,QR_VERIFICATION,ANDROID,6.7.0,101-500 ms,267
2026-05-08,DOCUMENTS_LIST,ANDROID,6.7.0,101-500 ms,63
2026-05-08,DOCUMENT_SELECTION_ISSUED_LIST,ANDROID,6.7.0,101-500 ms,1
2026-05-08,NON_ACTIONABLE_NOTIFICATION_DETAILS,ANDROID,6.7.0,101-500 ms,29350
2026-05-08,DOCUMENT_SELECTION_UPLOADED_LIST,ANDROID,6.7.0,101-500 ms,1
2026-05-08,ISSUED_DOCUMENT_DETAILS,ANDROID,6.6.1,101-500 ms,5
2026-05-08,ACTIONABLE_NOTIFICATION_DETAILS,ANDROID,6.7.0,101-500 ms,37
2026-05-08,ISSUED_DOCUMENT_DETAILS,ANDROID,6.5.1,101-500 ms,12
2026-05-08,ISSUED_DOCUMENT_EVIDENCE,ANDROID,6.5.1,101-500 ms,3
2026-05-08,UPLOADED_DOCUMENT_EVIDENCE,ANDROID,6.7.0,101-500 ms,128
2026-05-08,DOWNLOAD_SELF_SIGN_DOCUMENT,ANDROID,6.7.0,101-500 ms,20
2026-05-08,ISSUED_DOCUMENT_EVIDENCE,ANDROID,6.6.2,101-500 ms,22
2026-05-08,ISSUED_DOCUMENT_DETAILS,ANDROID,6.6.0,101-500 ms,74
2026-05-08,ISSUERS_LIST,ANDROID,6.7.0,101-500 ms,35
2026-05-08,ISSUED_DOCUMENT_DETAILS,ANDROID,6.5.0,101-500 ms,6
2026-05-08,ISSUED_DOCUMENT_DETAILS,ANDROID,6.7.0,101-500 ms,2045
2026-05-08,ISSUED_DOCUMENT_DETAILS,ANDROID,6.7.0,5001-10000 ms,1015
2026-05-08,NON_ACTIONABLE_NOTIFICATION_DETAILS,ANDROID,6.7.0,5001-10000 ms,485
2026-05-08,ISSUERS_LIST,ANDROID,6.7.0,5001-10000 ms,1066
2026-05-08,ISSUED_DOCUMENT_EVIDENCE,ANDROID,6.5.1,5001-10000 ms,55
2026-05-08,ISSUED_DOCUMENT_EVIDENCE,ANDROID,6.6.0,5001-10000 ms,395
2026-05-08,DOWNLOAD_DOCUMENT,ANDROID,6.7.0,5001-10000 ms,18
2026-05-08,ISSUED_DOCUMENT_EVIDENCE,ANDROID,6.6.1,5001-10000 ms,22
2026-05-08,ISSUED_DOCUMENT_DETAILS,ANDROID,6.5.1,5001-10000 ms,27
2026-05-08,DOCUMENTS_LIST,ANDROID,6.6.0,5001-10000 ms,1080
2026-05-08,DOCUMENTS_LIST,ANDROID,6.6.2,5001-10000 ms,6705
2026-05-08,ISSUED_DOCUMENT_DETAILS,ANDROID,6.6.2,5001-10000 ms,804
2026-05-08,DOCUMENTS_LIST,ANDROID,6.7.0,5001-10000 ms,4139
2026-05-08,ISSUED_DOCUMENT_DETAILS,ANDROID,6.6.0,5001-10000 ms,116
2026-05-08,DOCUMENTS_LIST,ANDROID,6.5.0,5001-10000 ms,60
2026-05-08,SHARE_DOCUMENT,ANDROID,6.7.0,5001-10000 ms,8
2026-05-08,DOCUMENTS_LIST,ANDROID,6.6.1,5001-10000 ms,38
2026-05-08,DOWNLOAD_SELF_SIGN_DOCUMENT,ANDROID,6.7.0,5001-10000 ms,8
2026-05-08,ISSUED_DOCUMENT_DETAILS,ANDROID,6.6.1,5001-10000 ms,7
2026-05-08,ISSUED_DOCUMENT_DETAILS,ANDROID,6.5.0,5001-10000 ms,7
2026-05-08,ISSUED_DOCUMENT_EVIDENCE,ANDROID,6.7.0,5001-10000 ms,3972
2026-05-08,ACTIONABLE_NOTIFICATION_DETAILS,ANDROID,6.7.0,5001-10000 ms,4229
2026-05-08,DOCUMENTS_LIST,ANDROID,6.5.1,5001-10000 ms,164
2026-05-08,ISSUED_DOCUMENT_EVIDENCE,ANDROID,6.5.0,5001-10000 ms,35
2026-05-08,ISSUED_DOCUMENT_EVIDENCE,ANDROID,6.6.2,5001-10000 ms,2740
2026-05-08,QR_VERIFICATION,ANDROID,6.7.0,5001-10000 ms,214
2026-05-08,UPLOADED_DOCUMENT_EVIDENCE,ANDROID,6.7.0,5001-10000 ms,40
2026-05-08,NOTIFICATIONS_LIST,ANDROID,6.7.0,5001-10000 ms,1412
2026-05-08,NOTIFICATIONS_LIST,ANDROID,6.7.0,501-1000 ms,6296
2026-05-08,ISSUED_DOCUMENT_EVIDENCE,ANDROID,6.7.0,501-1000 ms,458
2026-05-08,ISSUED_DOCUMENT_DETAILS,ANDROID,6.5.1,501-1000 ms,105
2026-05-08,ISSUED_DOCUMENT_DETAILS,ANDROID,6.6.0,501-1000 ms,704
2026-05-08,ACTIONABLE_NOTIFICATION_DETAILS,ANDROID,6.7.0,501-1000 ms,15
2026-05-08,ISSUED_DOCUMENT_DETAILS,ANDROID,6.6.1,501-1000 ms,25
2026-05-08,DOWNLOAD_DOCUMENT,ANDROID,6.7.0,501-1000 ms,23
2026-05-08,ISSUED_DOCUMENT_DETAILS,ANDROID,6.5.0,501-1000 ms,43
2026-05-08,ISSUED_DOCUMENT_EVIDENCE,ANDROID,6.5.1,501-1000 ms,5
2026-05-08,ISSUED_DOCUMENT_DETAILS,ANDROID,6.6.2,501-1000 ms,5161
2026-05-08,UPLOADED_DOCUMENT_EVIDENCE,ANDROID,6.7.0,501-1000 ms,143
2026-05-08,DOCUMENTS_LIST,ANDROID,6.7.0,501-1000 ms,22
2026-05-08,QR_VERIFICATION,ANDROID,6.7.0,501-1000 ms,1322
2026-05-08,ISSUED_DOCUMENT_EVIDENCE,ANDROID,6.6.2,501-1000 ms,232
2026-05-08,SHARE_DOCUMENT,ANDROID,6.7.0,501-1000 ms,13
2026-05-08,DOCUMENT_SELECTION_ISSUED_LIST,ANDROID,6.7.0,501-1000 ms,5
2026-05-08,DOWNLOAD_SELF_SIGN_DOCUMENT,ANDROID,6.7.0,501-1000 ms,17
2026-05-08,ISSUED_DOCUMENT_DETAILS,ANDROID,6.7.0,501-1000 ms,8810
2026-05-08,NON_ACTIONABLE_NOTIFICATION_DETAILS,ANDROID,6.7.0,501-1000 ms,6178
2026-05-08,ISSUED_DOCUMENT_EVIDENCE,ANDROID,6.6.0,501-1000 ms,31
2026-05-08,ISSUED_DOCUMENT_EVIDENCE,ANDROID,6.6.1,501-1000 ms,1
2026-05-08,ISSUERS_LIST,ANDROID,6.7.0,501-1000 ms,55
2026-05-08,ISSUED_DOCUMENT_EVIDENCE,ANDROID,6.5.0,501-1000 ms,2
2026-05-08,ISSUED_DOCUMENT_DETAILS,ANDROID,6.6.2,51-100 ms,1
2026-05-08,ACTIONABLE_NOTIFICATION_DETAILS,ANDROID,6.7.0,51-100 ms,9
2026-05-08,NOTIFICATIONS_LIST,ANDROID,6.7.0,51-100 ms,1271
2026-05-08,NON_ACTIONABLE_NOTIFICATION_DETAILS,ANDROID,6.7.0,51-100 ms,32
2026-05-08,ISSUED_DOCUMENT_EVIDENCE,ANDROID,6.7.0,51-100 ms,1
2026-05-08,DOCUMENTS_LIST,ANDROID,6.7.0,< 0 ms,50
2026-05-08,ACTIONABLE_NOTIFICATION_DETAILS,ANDROID,6.7.0,< 0 ms,77
2026-05-08,DOCUMENTS_LIST,ANDROID,6.6.0,< 0 ms,6
2026-05-08,NON_ACTIONABLE_NOTIFICATION_DETAILS,ANDROID,6.7.0,< 0 ms,2
2026-05-08,DOCUMENTS_LIST,ANDROID,6.6.2,< 0 ms,51
2026-05-08,ISSUERS_LIST,ANDROID,6.7.0,< 0 ms,1
2026-05-08,ISSUED_DOCUMENT_DETAILS,ANDROID,6.6.2,< 0 ms,3
2026-05-08,ISSUED_DOCUMENT_EVIDENCE,ANDROID,6.6.2,< 0 ms,1
2026-05-08,ISSUED_DOCUMENT_EVIDENCE,ANDROID,6.6.0,= 0 ms,497
2026-05-08,ISSUED_DOCUMENT_EVIDENCE,ANDROID,6.5.0,= 0 ms,28
2026-05-08,SHARE_DOCUMENT,ANDROID,6.7.0,= 0 ms,3
2026-05-08,ACTIONABLE_NOTIFICATION_DETAILS,ANDROID,6.7.0,= 0 ms,3086
2026-05-08,DOCUMENTS_LIST,ANDROID,6.6.2,= 0 ms,4402
2026-05-08,DOCUMENTS_LIST,ANDROID,6.7.0,= 0 ms,4397
2026-05-08,ISSUED_DOCUMENT_DETAILS,ANDROID,6.7.0,= 0 ms,159
2026-05-08,NOTIFICATIONS_LIST,ANDROID,6.7.0,= 0 ms,2048
2026-05-08,ISSUED_DOCUMENT_DETAILS,ANDROID,6.6.1,= 0 ms,25
2026-05-08,QR_VERIFICATION,ANDROID,6.7.0,= 0 ms,26
2026-05-08,DOCUMENTS_LIST,ANDROID,6.6.0,= 0 ms,610
2026-05-08,ISSUED_DOCUMENT_EVIDENCE,ANDROID,6.7.0,= 0 ms,412
2026-05-08,ACTIONABLE_NOTIFICATION_DETAILS,ANDROID,NA,= 0 ms,59
2026-05-08,ISSUED_DOCUMENT_EVIDENCE,ANDROID,6.6.1,= 0 ms,25
2026-05-08,DOCUMENTS_LIST,ANDROID,6.5.0,= 0 ms,33
2026-05-08,SHARE_DOCUMENT,ANDROID,NA,= 0 ms,1
2026-05-08,ISSUED_DOCUMENT_DETAILS,ANDROID,6.6.2,= 0 ms,4137
2026-05-08,ISSUERS_LIST,ANDROID,6.7.0,= 0 ms,1315
2026-05-08,NOTIFICATIONS_LIST,ANDROID,NA,= 0 ms,119
2026-05-08,ISSUED_DOCUMENT_EVIDENCE,ANDROID,NA,= 0 ms,46
2026-05-08,QR_VERIFICATION,ANDROID,NA,= 0 ms,6
2026-05-08,NON_ACTIONABLE_NOTIFICATION_DETAILS,ANDROID,6.7.0,= 0 ms,264
2026-05-08,DOCUMENTS_LIST,ANDROID,NA,= 0 ms,233
2026-05-08,ISSUERS_LIST,ANDROID,NA,= 0 ms,66
2026-05-08,UPLOADED_DOCUMENT_EVIDENCE,ANDROID,6.7.0,= 0 ms,6
2026-05-08,DOWNLOAD_DOCUMENT,ANDROID,6.7.0,= 0 ms,7
2026-05-08,ISSUED_DOCUMENT_EVIDENCE,ANDROID,6.5.1,= 0 ms,67
2026-05-08,ISSUED_DOCUMENT_DETAILS,ANDROID,6.5.0,= 0 ms,35
2026-05-08,ISSUED_DOCUMENT_DETAILS,ANDROID,6.5.1,= 0 ms,82
2026-05-08,NON_ACTIONABLE_NOTIFICATION_DETAILS,ANDROID,NA,= 0 ms,69
2026-05-08,DOCUMENTS_LIST,ANDROID,6.6.1,= 0 ms,20
2026-05-08,ISSUED_DOCUMENT_EVIDENCE,ANDROID,6.6.2,= 0 ms,3392
2026-05-08,ISSUED_DOCUMENT_DETAILS,ANDROID,6.6.0,= 0 ms,594
2026-05-08,ISSUED_DOCUMENT_DETAILS,ANDROID,NA,= 0 ms,72
2026-05-08,DOCUMENTS_LIST,ANDROID,6.5.1,= 0 ms,79
2026-05-09,ACTIONABLE_NOTIFICATION_DETAILS,ANDROID,6.7.0,1-50 ms,8
2026-05-09,NOTIFICATIONS_LIST,ANDROID,6.7.0,1-50 ms,6
2026-05-09,ISSUED_DOCUMENT_DETAILS,ANDROID,6.6.0,10000+ ms,706
2026-05-09,ISSUED_DOCUMENT_EVIDENCE,ANDROID,6.6.0,10000+ ms,682
2026-05-09,ISSUED_DOCUMENT_DETAILS,ANDROID,6.5.0,10000+ ms,43
2026-05-09,ISSUED_DOCUMENT_EVIDENCE,ANDROID,6.5.0,10000+ ms,45
2026-05-09,ISSUED_DOCUMENT_EVIDENCE,ANDROID,6.7.0,10000+ ms,3600
2026-05-09,DOWNLOAD_SELF_SIGN_DOCUMENT,ANDROID,6.7.0,10000+ ms,16
2026-05-09,DOCUMENT_SELECTION_UPLOADED_LIST,ANDROID,6.7.0,10000+ ms,2
2026-05-09,UPLOADED_DOCUMENT_EVIDENCE,ANDROID,6.7.0,10000+ ms,22
2026-05-09,ISSUED_DOCUMENT_EVIDENCE,ANDROID,6.5.1,10000+ ms,95
2026-05-09,ACTIONABLE_NOTIFICATION_DETAILS,ANDROID,6.7.0,10000+ ms,3970
2026-05-09,ISSUED_DOCUMENT_DETAILS,ANDROID,6.5.1,10000+ ms,102
2026-05-09,DOWNLOAD_DOCUMENT,ANDROID,6.7.0,10000+ ms,28
2026-05-09,ISSUERS_LIST,ANDROID,6.7.0,10000+ ms,1674
2026-05-09,ISSUED_DOCUMENT_DETAILS,ANDROID,6.6.2,10000+ ms,2906
2026-05-09,NOTIFICATIONS_LIST,ANDROID,6.7.0,10000+ ms,989
2026-05-09,ISSUED_DOCUMENT_DETAILS,ANDROID,6.6.1,10000+ ms,37
2026-05-09,DOCUMENTS_LIST,ANDROID,6.5.1,10000+ ms,63
2026-05-09,DOCUMENT_SELECTION_ISSUED_LIST,ANDROID,6.7.0,10000+ ms,9
2026-05-09,DOCUMENTS_LIST,ANDROID,6.5.0,10000+ ms,28
2026-05-09,DOCUMENTS_LIST,ANDROID,6.7.0,10000+ ms,1206
2026-05-09,DOCUMENTS_LIST,ANDROID,6.6.2,10000+ ms,1772
2026-05-09,DOCUMENTS_LIST,ANDROID,6.6.0,10000+ ms,421
2026-05-09,DOCUMENTS_LIST,ANDROID,6.6.1,10000+ ms,13
2026-05-09,NON_ACTIONABLE_NOTIFICATION_DETAILS,ANDROID,6.7.0,10000+ ms,189
2026-05-09,SHARE_DOCUMENT,ANDROID,6.7.0,10000+ ms,33
2026-05-09,ISSUED_DOCUMENT_EVIDENCE,ANDROID,6.6.1,10000+ ms,35
2026-05-09,ISSUED_DOCUMENT_DETAILS,ANDROID,6.7.0,10000+ ms,2683
2026-05-09,QR_VERIFICATION,ANDROID,6.7.0,10000+ ms,254
2026-05-09,ISSUED_DOCUMENT_EVIDENCE,ANDROID,6.6.2,10000+ ms,2818
2026-05-09,ISSUED_DOCUMENT_DETAILS,ANDROID,6.6.0,1001-5000 ms,752
2026-05-09,ACTIONABLE_NOTIFICATION_DETAILS,ANDROID,6.7.0,1001-5000 ms,9541
2026-05-09,SHARE_DOCUMENT,ANDROID,6.7.0,1001-5000 ms,124
2026-05-09,ISSUED_DOCUMENT_DETAILS,ANDROID,6.5.0,1001-5000 ms,48
2026-05-09,ISSUED_DOCUMENT_EVIDENCE,ANDROID,6.6.2,1001-5000 ms,3548
2026-05-09,DOCUMENTS_LIST,ANDROID,6.6.1,1001-5000 ms,269
2026-05-09,ISSUED_DOCUMENT_DETAILS,ANDROID,6.6.1,1001-5000 ms,30
2026-05-09,ISSUED_DOCUMENT_DETAILS,ANDROID,6.5.1,1001-5000 ms,125
2026-05-09,DOCUMENTS_LIST,ANDROID,6.5.1,1001-5000 ms,967
2026-05-09,ISSUED_DOCUMENT_EVIDENCE,ANDROID,6.6.1,1001-5000 ms,38
2026-05-09,DOCUMENTS_LIST,ANDROID,6.6.2,1001-5000 ms,32604
2026-05-09,DOWNLOAD_DOCUMENT,ANDROID,6.7.0,1001-5000 ms,219
2026-05-09,ISSUED_DOCUMENT_EVIDENCE,ANDROID,6.6.0,1001-5000 ms,679
2026-05-09,UPLOADED_DOCUMENT_EVIDENCE,ANDROID,6.7.0,1001-5000 ms,180
2026-05-09,ISSUED_DOCUMENT_EVIDENCE,ANDROID,6.5.0,1001-5000 ms,36
2026-05-09,ISSUED_DOCUMENT_DETAILS,ANDROID,6.7.0,1001-5000 ms,7412
2026-05-09,DOCUMENTS_LIST,ANDROID,6.5.0,1001-5000 ms,378
2026-05-09,DOCUMENT_SELECTION_ISSUED_LIST,ANDROID,6.7.0,1001-5000 ms,7
2026-05-09,ISSUED_DOCUMENT_EVIDENCE,ANDROID,6.5.1,1001-5000 ms,98
2026-05-09,DOWNLOAD_SELF_SIGN_DOCUMENT,ANDROID,6.7.0,1001-5000 ms,15
2026-05-09,QR_VERIFICATION,ANDROID,6.7.0,1001-5000 ms,991
2026-05-09,ISSUED_DOCUMENT_EVIDENCE,ANDROID,6.7.0,1001-5000 ms,10686
2026-05-09,NOTIFICATIONS_LIST,ANDROID,6.7.0,1001-5000 ms,7737
2026-05-09,DOCUMENTS_LIST,ANDROID,6.6.0,1001-5000 ms,6397
2026-05-09,NON_ACTIONABLE_NOTIFICATION_DETAILS,ANDROID,6.7.0,1001-5000 ms,3562
2026-05-09,ISSUERS_LIST,ANDROID,6.7.0,1001-5000 ms,28710
2026-05-09,DOCUMENTS_LIST,ANDROID,6.7.0,1001-5000 ms,62192
2026-05-09,ISSUED_DOCUMENT_DETAILS,ANDROID,6.6.2,1001-5000 ms,3094
2026-05-09,ISSUED_DOCUMENT_DETAILS,ANDROID,6.7.0,101-500 ms,2929
2026-05-09,NON_ACTIONABLE_NOTIFICATION_DETAILS,ANDROID,6.7.0,101-500 ms,40012
2026-05-09,QR_VERIFICATION,ANDROID,6.7.0,101-500 ms,391
2026-05-09,DOWNLOAD_DOCUMENT,ANDROID,6.7.0,101-500 ms,3
2026-05-09,UPLOADED_DOCUMENT_EVIDENCE,ANDROID,6.7.0,101-500 ms,170
2026-05-09,DOWNLOAD_SELF_SIGN_DOCUMENT,ANDROID,6.7.0,101-500 ms,31
2026-05-09,ISSUED_DOCUMENT_DETAILS,ANDROID,6.6.2,101-500 ms,493
2026-05-09,ISSUED_DOCUMENT_DETAILS,ANDROID,6.6.0,101-500 ms,70
2026-05-09,ISSUED_DOCUMENT_DETAILS,ANDROID,6.6.1,101-500 ms,3
2026-05-09,NOTIFICATIONS_LIST,ANDROID,6.7.0,101-500 ms,44251
2026-05-09,ISSUED_DOCUMENT_EVIDENCE,ANDROID,6.6.2,101-500 ms,15
2026-05-09,DOCUMENTS_LIST,ANDROID,6.5.0,101-500 ms,1
2026-05-09,DOCUMENTS_LIST,ANDROID,6.7.0,101-500 ms,57
2026-05-09,ISSUED_DOCUMENT_DETAILS,ANDROID,6.5.0,101-500 ms,6
2026-05-09,ISSUED_DOCUMENT_DETAILS,ANDROID,6.5.1,101-500 ms,7
2026-05-09,SHARE_DOCUMENT,ANDROID,6.7.0,101-500 ms,2
2026-05-09,ACTIONABLE_NOTIFICATION_DETAILS,ANDROID,6.7.0,101-500 ms,39
2026-05-09,DOCUMENT_SELECTION_ISSUED_LIST,ANDROID,6.7.0,101-500 ms,6
2026-05-09,ISSUERS_LIST,ANDROID,6.7.0,101-500 ms,20
2026-05-09,DOCUMENTS_LIST,ANDROID,6.6.2,101-500 ms,3
2026-05-09,DOCUMENTS_LIST,ANDROID,6.6.0,101-500 ms,1
2026-05-09,ISSUED_DOCUMENT_EVIDENCE,ANDROID,6.7.0,101-500 ms,98
2026-05-09,ISSUED_DOCUMENT_EVIDENCE,ANDROID,6.6.0,101-500 ms,4
2026-05-09,DOCUMENTS_LIST,ANDROID,6.6.1,101-500 ms,1
2026-05-09,ISSUED_DOCUMENT_EVIDENCE,ANDROID,6.6.0,5001-10000 ms,343
2026-05-09,ISSUED_DOCUMENT_DETAILS,ANDROID,6.6.0,5001-10000 ms,99
2026-05-09,DOCUMENTS_LIST,ANDROID,6.6.1,5001-10000 ms,22
2026-05-09,ISSUED_DOCUMENT_EVIDENCE,ANDROID,6.5.1,5001-10000 ms,49
2026-05-09,ISSUED_DOCUMENT_EVIDENCE,ANDROID,6.6.1,5001-10000 ms,14
2026-05-09,DOCUMENTS_LIST,ANDROID,6.6.0,5001-10000 ms,606
2026-05-09,NON_ACTIONABLE_NOTIFICATION_DETAILS,ANDROID,6.7.0,5001-10000 ms,234
2026-05-09,DOCUMENTS_LIST,ANDROID,6.5.0,5001-10000 ms,39
2026-05-09,UPLOADED_DOCUMENT_EVIDENCE,ANDROID,6.7.0,5001-10000 ms,25
2026-05-09,NOTIFICATIONS_LIST,ANDROID,6.7.0,5001-10000 ms,786
2026-05-09,ISSUERS_LIST,ANDROID,6.7.0,5001-10000 ms,704
2026-05-09,ISSUED_DOCUMENT_DETAILS,ANDROID,6.6.2,5001-10000 ms,404
2026-05-09,DOCUMENTS_LIST,ANDROID,6.5.1,5001-10000 ms,75
2026-05-09,SHARE_DOCUMENT,ANDROID,6.7.0,5001-10000 ms,11
2026-05-09,ACTIONABLE_NOTIFICATION_DETAILS,ANDROID,6.7.0,5001-10000 ms,7152
2026-05-09,ISSUED_DOCUMENT_EVIDENCE,ANDROID,6.7.0,5001-10000 ms,4155
2026-05-09,DOCUMENTS_LIST,ANDROID,6.7.0,5001-10000 ms,2178
2026-05-09,ISSUED_DOCUMENT_DETAILS,ANDROID,6.5.0,5001-10000 ms,3
2026-05-09,DOCUMENTS_LIST,ANDROID,6.6.2,5001-10000 ms,2591
2026-05-09,ISSUED_DOCUMENT_DETAILS,ANDROID,6.7.0,5001-10000 ms,938
2026-05-09,ISSUED_DOCUMENT_EVIDENCE,ANDROID,6.6.2,5001-10000 ms,1483
2026-05-09,DOWNLOAD_DOCUMENT,ANDROID,6.7.0,5001-10000 ms,17
2026-05-09,ISSUED_DOCUMENT_DETAILS,ANDROID,6.6.1,5001-10000 ms,3
2026-05-09,QR_VERIFICATION,ANDROID,6.7.0,5001-10000 ms,96
2026-05-09,DOWNLOAD_SELF_SIGN_DOCUMENT,ANDROID,6.7.0,5001-10000 ms,7
2026-05-09,ISSUED_DOCUMENT_DETAILS,ANDROID,6.5.1,5001-10000 ms,20
2026-05-09,ISSUED_DOCUMENT_EVIDENCE,ANDROID,6.5.0,5001-10000 ms,34
2026-05-09,ISSUED_DOCUMENT_DETAILS,ANDROID,6.5.1,501-1000 ms,101
2026-05-09,DOWNLOAD_SELF_SIGN_DOCUMENT,ANDROID,6.7.0,501-1000 ms,20
2026-05-09,UPLOADED_DOCUMENT_EVIDENCE,ANDROID,6.7.0,501-1000 ms,191
2026-05-09,ISSUED_DOCUMENT_DETAILS,ANDROID,6.6.1,501-1000 ms,29
2026-05-09,DOCUMENT_SELECTION_ISSUED_LIST,ANDROID,6.7.0,501-1000 ms,23
2026-05-09,ISSUED_DOCUMENT_EVIDENCE,ANDROID,6.7.0,501-1000 ms,737
2026-05-09,ISSUED_DOCUMENT_EVIDENCE,ANDROID,6.6.1,501-1000 ms,1
2026-05-09,ISSUED_DOCUMENT_EVIDENCE,ANDROID,6.6.0,501-1000 ms,26
2026-05-09,ACTIONABLE_NOTIFICATION_DETAILS,ANDROID,6.7.0,501-1000 ms,13
2026-05-09,ISSUED_DOCUMENT_EVIDENCE,ANDROID,6.5.1,501-1000 ms,4
2026-05-09,ISSUED_DOCUMENT_DETAILS,ANDROID,6.7.0,501-1000 ms,12549
2026-05-09,NOTIFICATIONS_LIST,ANDROID,6.7.0,501-1000 ms,6885
2026-05-09,NON_ACTIONABLE_NOTIFICATION_DETAILS,ANDROID,6.7.0,501-1000 ms,5865
2026-05-09,ISSUED_DOCUMENT_DETAILS,ANDROID,6.5.0,501-1000 ms,34
2026-05-09,ISSUED_DOCUMENT_EVIDENCE,ANDROID,6.6.2,501-1000 ms,178
2026-05-09,ISSUED_DOCUMENT_EVIDENCE,ANDROID,6.5.0,501-1000 ms,1
2026-05-09,DOCUMENTS_LIST,ANDROID,6.7.0,501-1000 ms,16
2026-05-09,ISSUED_DOCUMENT_DETAILS,ANDROID,6.6.2,501-1000 ms,3578
2026-05-09,ISSUED_DOCUMENT_DETAILS,ANDROID,6.6.0,501-1000 ms,734
2026-05-09,DOWNLOAD_DOCUMENT,ANDROID,6.7.0,501-1000 ms,26
2026-05-09,QR_VERIFICATION,ANDROID,6.7.0,501-1000 ms,1856
2026-05-09,DOCUMENTS_LIST,ANDROID,6.6.0,501-1000 ms,1
2026-05-09,SHARE_DOCUMENT,ANDROID,6.7.0,501-1000 ms,18
2026-05-09,ISSUERS_LIST,ANDROID,6.7.0,501-1000 ms,11
2026-05-09,DOCUMENTS_LIST,ANDROID,6.6.2,501-1000 ms,1
2026-05-09,NOTIFICATIONS_LIST,ANDROID,6.7.0,51-100 ms,1795
2026-05-09,ISSUED_DOCUMENT_EVIDENCE,ANDROID,6.6.2,51-100 ms,2
2026-05-09,ACTIONABLE_NOTIFICATION_DETAILS,ANDROID,6.7.0,51-100 ms,6
2026-05-09,ISSUED_DOCUMENT_EVIDENCE,ANDROID,6.7.0,51-100 ms,1
2026-05-09,NON_ACTIONABLE_NOTIFICATION_DETAILS,ANDROID,6.7.0,51-100 ms,71
2026-05-09,ISSUERS_LIST,ANDROID,6.7.0,< 0 ms,3
2026-05-09,DOCUMENTS_LIST,ANDROID,6.7.0,< 0 ms,54
2026-05-09,ISSUED_DOCUMENT_EVIDENCE,ANDROID,6.6.0,< 0 ms,1
2026-05-09,ACTIONABLE_NOTIFICATION_DETAILS,ANDROID,6.7.0,< 0 ms,70
2026-05-09,DOCUMENTS_LIST,ANDROID,6.6.0,< 0 ms,1
2026-05-09,DOCUMENTS_LIST,ANDROID,6.5.1,< 0 ms,1
2026-05-09,DOCUMENTS_LIST,ANDROID,6.6.2,< 0 ms,26
2026-05-09,QR_VERIFICATION,ANDROID,6.7.0,= 0 ms,25
2026-05-09,ISSUED_DOCUMENT_EVIDENCE,ANDROID,6.7.0,= 0 ms,446
2026-05-09,DOCUMENTS_LIST,ANDROID,6.6.0,= 0 ms,476
2026-05-09,DOWNLOAD_DOCUMENT,ANDROID,6.7.0,= 0 ms,1
2026-05-09,DOCUMENTS_LIST,ANDROID,6.5.0,= 0 ms,29
2026-05-09,ISSUED_DOCUMENT_DETAILS,ANDROID,6.5.0,= 0 ms,30
2026-05-09,DOCUMENTS_LIST,ANDROID,6.7.0,= 0 ms,4551
2026-05-09,ACTIONABLE_NOTIFICATION_DETAILS,ANDROID,6.7.0,= 0 ms,2077
2026-05-09,ISSUED_DOCUMENT_DETAILS,ANDROID,6.6.2,= 0 ms,2364
2026-05-09,ISSUED_DOCUMENT_DETAILS,ANDROID,6.6.0,= 0 ms,493
2026-05-09,DOCUMENTS_LIST,ANDROID,6.6.1,= 0 ms,11
2026-05-09,DOCUMENTS_LIST,ANDROID,6.5.1,= 0 ms,54
2026-05-09,NOTIFICATIONS_LIST,ANDROID,NA,= 0 ms,2
2026-05-09,ISSUED_DOCUMENT_DETAILS,ANDROID,6.7.0,= 0 ms,180
2026-05-09,ISSUED_DOCUMENT_EVIDENCE,ANDROID,6.6.1,= 0 ms,20
2026-05-09,DOCUMENTS_LIST,ANDROID,NA,= 0 ms,3
2026-05-09,ISSUERS_LIST,ANDROID,6.7.0,= 0 ms,1329
2026-05-09,SHARE_DOCUMENT,ANDROID,6.7.0,= 0 ms,1
2026-05-09,ISSUED_DOCUMENT_EVIDENCE,ANDROID,6.5.0,= 0 ms,37
2026-05-09,DOCUMENTS_LIST,ANDROID,6.6.2,= 0 ms,2316
2026-05-09,ISSUED_DOCUMENT_DETAILS,ANDROID,6.6.1,= 0 ms,27
2026-05-09,NON_ACTIONABLE_NOTIFICATION_DETAILS,ANDROID,NA,= 0 ms,1
2026-05-09,DOWNLOAD_SELF_SIGN_DOCUMENT,ANDROID,6.7.0,= 0 ms,2
2026-05-09,ISSUED_DOCUMENT_EVIDENCE,ANDROID,6.6.2,= 0 ms,2061
2026-05-09,NOTIFICATIONS_LIST,ANDROID,6.7.0,= 0 ms,2160
2026-05-09,ISSUED_DOCUMENT_EVIDENCE,ANDROID,6.5.1,= 0 ms,74
2026-05-09,ISSUED_DOCUMENT_EVIDENCE,ANDROID,6.6.0,= 0 ms,378
2026-05-09,ISSUED_DOCUMENT_DETAILS,ANDROID,6.5.1,= 0 ms,76
2026-05-09,NON_ACTIONABLE_NOTIFICATION_DETAILS,ANDROID,6.7.0,= 0 ms,318
2026-05-09,UPLOADED_DOCUMENT_EVIDENCE,ANDROID,6.7.0,= 0 ms,15
2026-05-10,ACTIONABLE_NOTIFICATION_DETAILS,ANDROID,6.7.0,1-50 ms,8
2026-05-10,NOTIFICATIONS_LIST,ANDROID,6.7.0,1-50 ms,4
2026-05-10,DOWNLOAD_DOCUMENT,ANDROID,6.7.0,10000+ ms,29
2026-05-10,ISSUED_DOCUMENT_EVIDENCE,ANDROID,6.6.1,10000+ ms,22
2026-05-10,ACTIONABLE_NOTIFICATION_DETAILS,ANDROID,6.7.0,10000+ ms,3764
2026-05-10,DOCUMENTS_LIST,ANDROID,6.6.2,10000+ ms,1140
2026-05-10,ISSUED_DOCUMENT_DETAILS,ANDROID,6.7.0,10000+ ms,2664
2026-05-10,ISSUED_DOCUMENT_EVIDENCE,ANDROID,6.7.0,10000+ ms,3987
2026-05-10,ISSUED_DOCUMENT_DETAILS,ANDROID,6.6.0,10000+ ms,651
2026-05-10,QR_VERIFICATION,ANDROID,6.7.0,10000+ ms,303
2026-05-10,DOCUMENTS_LIST,ANDROID,6.5.1,10000+ ms,50
2026-05-10,ISSUED_DOCUMENT_DETAILS,ANDROID,6.5.1,10000+ ms,96
2026-05-10,DOCUMENT_SELECTION_ISSUED_LIST,ANDROID,6.7.0,10000+ ms,7
2026-05-10,DOCUMENTS_LIST,ANDROID,6.6.1,10000+ ms,5
2026-05-10,DOCUMENT_SELECTION_UPLOADED_LIST,ANDROID,6.7.0,10000+ ms,2
2026-05-10,UPLOADED_DOCUMENT_EVIDENCE,ANDROID,6.7.0,10000+ ms,17
2026-05-10,NOTIFICATIONS_LIST,ANDROID,6.7.0,10000+ ms,1115
2026-05-10,ISSUED_DOCUMENT_DETAILS,ANDROID,6.6.2,10000+ ms,1787
2026-05-10,DOCUMENTS_LIST,ANDROID,6.7.0,10000+ ms,1282
2026-05-10,NON_ACTIONABLE_NOTIFICATION_DETAILS,ANDROID,6.7.0,10000+ ms,168
2026-05-10,DOCUMENTS_LIST,ANDROID,6.5.0,10000+ ms,31
2026-05-10,ISSUED_DOCUMENT_EVIDENCE,ANDROID,6.5.1,10000+ ms,92
2026-05-10,ISSUED_DOCUMENT_EVIDENCE,ANDROID,6.6.0,10000+ ms,634
2026-05-10,ISSUED_DOCUMENT_EVIDENCE,ANDROID,6.5.0,10000+ ms,60
2026-05-10,DOCUMENTS_LIST,ANDROID,6.6.0,10000+ ms,400
2026-05-10,SHARE_DOCUMENT,ANDROID,6.7.0,10000+ ms,25
2026-05-10,ISSUED_DOCUMENT_DETAILS,ANDROID,6.6.1,10000+ ms,30
2026-05-10,DOWNLOAD_SELF_SIGN_DOCUMENT,ANDROID,6.7.0,10000+ ms,12
2026-05-10,ISSUERS_LIST,ANDROID,6.7.0,10000+ ms,1978
2026-05-10,ISSUED_DOCUMENT_DETAILS,ANDROID,6.5.0,10000+ ms,54
2026-05-10,ISSUED_DOCUMENT_EVIDENCE,ANDROID,6.6.2,10000+ ms,1771
2026-05-10,ISSUED_DOCUMENT_DETAILS,ANDROID,6.7.0,1001-5000 ms,8158
2026-05-10,ISSUED_DOCUMENT_DETAILS,ANDROID,6.5.1,1001-5000 ms,98
2026-05-10,ISSUED_DOCUMENT_DETAILS,ANDROID,6.5.0,1001-5000 ms,54
2026-05-10,ISSUED_DOCUMENT_EVIDENCE,ANDROID,6.7.0,1001-5000 ms,10978
2026-05-10,ISSUED_DOCUMENT_DETAILS,ANDROID,6.6.1,1001-5000 ms,23
2026-05-10,DOCUMENT_SELECTION_ISSUED_LIST,ANDROID,6.7.0,1001-5000 ms,5
2026-05-10,DOWNLOAD_DOCUMENT,ANDROID,6.7.0,1001-5000 ms,213
2026-05-10,DOCUMENTS_LIST,ANDROID,6.6.0,1001-5000 ms,5582
2026-05-10,SHARE_DOCUMENT,ANDROID,6.7.0,1001-5000 ms,116
2026-05-10,ISSUED_DOCUMENT_EVIDENCE,ANDROID,6.6.1,1001-5000 ms,25
2026-05-10,ISSUED_DOCUMENT_EVIDENCE,ANDROID,6.5.1,1001-5000 ms,105
2026-05-10,DOCUMENTS_LIST,ANDROID,6.5.0,1001-5000 ms,391
2026-05-10,DOCUMENTS_LIST,ANDROID,6.7.0,1001-5000 ms,66050
2026-05-10,NON_ACTIONABLE_NOTIFICATION_DETAILS,ANDROID,6.7.0,1001-5000 ms,4113
2026-05-10,DOCUMENTS_LIST,ANDROID,6.5.1,1001-5000 ms,811
2026-05-10,ISSUED_DOCUMENT_EVIDENCE,ANDROID,6.6.2,1001-5000 ms,2031
2026-05-10,ISSUED_DOCUMENT_DETAILS,ANDROID,6.6.2,1001-5000 ms,2011
2026-05-10,DOCUMENTS_LIST,ANDROID,6.6.1,1001-5000 ms,209
2026-05-10,UPLOADED_DOCUMENT_EVIDENCE,ANDROID,6.7.0,1001-5000 ms,196
2026-05-10,DOCUMENTS_LIST,ANDROID,6.6.2,1001-5000 ms,20126
2026-05-10,ISSUERS_LIST,ANDROID,6.7.0,1001-5000 ms,30292
2026-05-10,ISSUED_DOCUMENT_DETAILS,ANDROID,6.6.0,1001-5000 ms,687
2026-05-10,ISSUED_DOCUMENT_EVIDENCE,ANDROID,6.6.0,1001-5000 ms,626
2026-05-10,QR_VERIFICATION,ANDROID,6.7.0,1001-5000 ms,1135
2026-05-10,DOWNLOAD_SELF_SIGN_DOCUMENT,ANDROID,6.7.0,1001-5000 ms,21
2026-05-10,NOTIFICATIONS_LIST,ANDROID,6.7.0,1001-5000 ms,8816
2026-05-10,ACTIONABLE_NOTIFICATION_DETAILS,ANDROID,6.7.0,1001-5000 ms,8939
2026-05-10,ISSUED_DOCUMENT_EVIDENCE,ANDROID,6.5.0,1001-5000 ms,39
2026-05-10,ISSUED_DOCUMENT_DETAILS,ANDROID,6.5.1,101-500 ms,7
2026-05-10,NOTIFICATIONS_LIST,ANDROID,6.7.0,101-500 ms,45658
2026-05-10,DOCUMENT_SELECTION_ISSUED_LIST,ANDROID,6.7.0,101-500 ms,2
2026-05-10,UPLOADED_DOCUMENT_EVIDENCE,ANDROID,6.7.0,101-500 ms,170
2026-05-10,ISSUED_DOCUMENT_DETAILS,ANDROID,6.6.1,101-500 ms,2
2026-05-10,NON_ACTIONABLE_NOTIFICATION_DETAILS,ANDROID,6.7.0,101-500 ms,42686
2026-05-10,ISSUED_DOCUMENT_EVIDENCE,ANDROID,6.7.0,101-500 ms,106
2026-05-10,DOCUMENTS_LIST,ANDROID,6.6.2,101-500 ms,3
2026-05-10,ISSUED_DOCUMENT_EVIDENCE,ANDROID,6.6.2,101-500 ms,7
2026-05-10,ACTIONABLE_NOTIFICATION_DETAILS,ANDROID,6.7.0,101-500 ms,37
2026-05-10,ISSUED_DOCUMENT_DETAILS,ANDROID,6.5.0,101-500 ms,6
2026-05-10,DOWNLOAD_DOCUMENT,ANDROID,6.7.0,101-500 ms,1
2026-05-10,ISSUED_DOCUMENT_DETAILS,ANDROID,6.7.0,101-500 ms,3172
2026-05-10,ISSUED_DOCUMENT_DETAILS,ANDROID,6.6.2,101-500 ms,240
2026-05-10,DOCUMENT_SELECTION_UPLOADED_LIST,ANDROID,6.7.0,101-500 ms,1
2026-05-10,ISSUERS_LIST,ANDROID,6.7.0,101-500 ms,13
2026-05-10,DOCUMENTS_LIST,ANDROID,6.6.0,101-500 ms,3
2026-05-10,ISSUED_DOCUMENT_DETAILS,ANDROID,6.6.0,101-500 ms,63
2026-05-10,DOWNLOAD_SELF_SIGN_DOCUMENT,ANDROID,6.7.0,101-500 ms,30
2026-05-10,QR_VERIFICATION,ANDROID,6.7.0,101-500 ms,425
2026-05-10,DOCUMENTS_LIST,ANDROID,6.7.0,101-500 ms,39
2026-05-10,ISSUED_DOCUMENT_EVIDENCE,ANDROID,6.6.0,101-500 ms,2
2026-05-10,DOCUMENTS_LIST,ANDROID,6.6.2,5001-10000 ms,1979
2026-05-10,ISSUED_DOCUMENT_DETAILS,ANDROID,6.6.2,5001-10000 ms,264
2026-05-10,QR_VERIFICATION,ANDROID,6.7.0,5001-10000 ms,90
2026-05-10,DOCUMENTS_LIST,ANDROID,6.6.1,5001-10000 ms,24
2026-05-10,DOCUMENTS_LIST,ANDROID,6.7.0,5001-10000 ms,2353
2026-05-10,DOCUMENTS_LIST,ANDROID,6.6.0,5001-10000 ms,634
2026-05-10,ISSUED_DOCUMENT_DETAILS,ANDROID,6.5.0,5001-10000 ms,9
2026-05-10,ISSUED_DOCUMENT_DETAILS,ANDROID,6.5.1,5001-10000 ms,14
2026-05-10,NON_ACTIONABLE_NOTIFICATION_DETAILS,ANDROID,6.7.0,5001-10000 ms,221
2026-05-10,ISSUERS_LIST,ANDROID,6.7.0,5001-10000 ms,823
2026-05-10,ISSUED_DOCUMENT_EVIDENCE,ANDROID,6.6.2,5001-10000 ms,961
2026-05-10,ISSUED_DOCUMENT_EVIDENCE,ANDROID,6.5.0,5001-10000 ms,21
2026-05-10,ISSUED_DOCUMENT_EVIDENCE,ANDROID,6.7.0,5001-10000 ms,4445
2026-05-10,SHARE_DOCUMENT,ANDROID,6.7.0,5001-10000 ms,10
2026-05-10,DOWNLOAD_SELF_SIGN_DOCUMENT,ANDROID,6.7.0,5001-10000 ms,4
2026-05-10,ISSUED_DOCUMENT_EVIDENCE,ANDROID,6.6.0,5001-10000 ms,310
2026-05-10,ISSUED_DOCUMENT_DETAILS,ANDROID,6.7.0,5001-10000 ms,1005
2026-05-10,ISSUED_DOCUMENT_EVIDENCE,ANDROID,6.5.1,5001-10000 ms,45
2026-05-10,NOTIFICATIONS_LIST,ANDROID,6.7.0,5001-10000 ms,795
2026-05-10,ACTIONABLE_NOTIFICATION_DETAILS,ANDROID,6.7.0,5001-10000 ms,8018
2026-05-10,DOCUMENTS_LIST,ANDROID,6.5.0,5001-10000 ms,40
2026-05-10,DOCUMENTS_LIST,ANDROID,6.5.1,5001-10000 ms,80
2026-05-10,DOWNLOAD_DOCUMENT,ANDROID,6.7.0,5001-10000 ms,21
2026-05-10,ISSUED_DOCUMENT_DETAILS,ANDROID,6.6.0,5001-10000 ms,93
2026-05-10,UPLOADED_DOCUMENT_EVIDENCE,ANDROID,6.7.0,5001-10000 ms,31
2026-05-10,ISSUED_DOCUMENT_EVIDENCE,ANDROID,6.6.1,5001-10000 ms,14
2026-05-10,DOCUMENT_SELECTION_ISSUED_LIST,ANDROID,6.7.0,5001-10000 ms,1
2026-05-10,NON_ACTIONABLE_NOTIFICATION_DETAILS,ANDROID,6.7.0,501-1000 ms,6676
2026-05-10,ISSUED_DOCUMENT_EVIDENCE,ANDROID,6.7.0,501-1000 ms,971
2026-05-10,DOWNLOAD_SELF_SIGN_DOCUMENT,ANDROID,6.7.0,501-1000 ms,22
2026-05-10,ACTIONABLE_NOTIFICATION_DETAILS,ANDROID,6.7.0,501-1000 ms,13
2026-05-10,ISSUED_DOCUMENT_DETAILS,ANDROID,6.6.1,501-1000 ms,26
2026-05-10,NOTIFICATIONS_LIST,ANDROID,6.7.0,501-1000 ms,7119
2026-05-10,ISSUED_DOCUMENT_EVIDENCE,ANDROID,6.6.0,501-1000 ms,32
2026-05-10,ISSUED_DOCUMENT_EVIDENCE,ANDROID,6.5.0,501-1000 ms,1
2026-05-10,SHARE_DOCUMENT,ANDROID,6.7.0,501-1000 ms,14
2026-05-10,ISSUERS_LIST,ANDROID,6.7.0,501-1000 ms,6
2026-05-10,ISSUED_DOCUMENT_DETAILS,ANDROID,6.7.0,501-1000 ms,13295
2026-05-10,ISSUED_DOCUMENT_DETAILS,ANDROID,6.6.2,501-1000 ms,2170
2026-05-10,ISSUED_DOCUMENT_EVIDENCE,ANDROID,6.5.1,501-1000 ms,2
2026-05-10,DOCUMENTS_LIST,ANDROID,6.7.0,501-1000 ms,6
2026-05-10,ISSUED_DOCUMENT_DETAILS,ANDROID,6.5.0,501-1000 ms,37
2026-05-10,DOCUMENTS_LIST,ANDROID,6.6.2,501-1000 ms,2
2026-05-10,ISSUED_DOCUMENT_EVIDENCE,ANDROID,6.6.1,501-1000 ms,1
2026-05-10,UPLOADED_DOCUMENT_EVIDENCE,ANDROID,6.7.0,501-1000 ms,192
2026-05-10,ISSUED_DOCUMENT_DETAILS,ANDROID,6.6.0,501-1000 ms,666
2026-05-10,ISSUED_DOCUMENT_DETAILS,ANDROID,6.5.1,501-1000 ms,103
2026-05-10,ISSUED_DOCUMENT_EVIDENCE,ANDROID,6.6.2,501-1000 ms,108
2026-05-10,DOWNLOAD_DOCUMENT,ANDROID,6.7.0,501-1000 ms,27
2026-05-10,DOCUMENT_SELECTION_ISSUED_LIST,ANDROID,6.7.0,501-1000 ms,13
2026-05-10,QR_VERIFICATION,ANDROID,6.7.0,501-1000 ms,1985
2026-05-10,ACTIONABLE_NOTIFICATION_DETAILS,ANDROID,6.7.0,51-100 ms,8
2026-05-10,NOTIFICATIONS_LIST,ANDROID,6.7.0,51-100 ms,1920
2026-05-10,NON_ACTIONABLE_NOTIFICATION_DETAILS,ANDROID,6.7.0,51-100 ms,72
2026-05-10,DOCUMENT_SELECTION_UPLOADED_LIST,ANDROID,6.7.0,51-100 ms,1
2026-05-10,ISSUED_DOCUMENT_EVIDENCE,ANDROID,6.7.0,51-100 ms,1
2026-05-10,ISSUED_DOCUMENT_EVIDENCE,ANDROID,6.7.0,< 0 ms,1
2026-05-10,ISSUED_DOCUMENT_EVIDENCE,ANDROID,6.6.0,< 0 ms,1
2026-05-10,ACTIONABLE_NOTIFICATION_DETAILS,ANDROID,6.7.0,< 0 ms,66
2026-05-10,DOCUMENTS_LIST,ANDROID,6.5.1,< 0 ms,1
2026-05-10,DOCUMENTS_LIST,ANDROID,6.6.2,< 0 ms,18
2026-05-10,NON_ACTIONABLE_NOTIFICATION_DETAILS,ANDROID,6.7.0,< 0 ms,1
2026-05-10,DOCUMENTS_LIST,ANDROID,6.7.0,< 0 ms,63
2026-05-10,DOCUMENTS_LIST,ANDROID,6.6.1,< 0 ms,1
2026-05-10,ISSUERS_LIST,ANDROID,6.7.0,< 0 ms,2
2026-05-10,DOCUMENTS_LIST,ANDROID,6.6.0,< 0 ms,4
2026-05-10,ISSUED_DOCUMENT_EVIDENCE,ANDROID,6.6.2,< 0 ms,1
2026-05-10,DOCUMENTS_LIST,ANDROID,6.7.0,= 0 ms,5347
2026-05-10,UPLOADED_DOCUMENT_EVIDENCE,ANDROID,6.7.0,= 0 ms,9
2026-05-10,DOWNLOAD_SELF_SIGN_DOCUMENT,ANDROID,6.7.0,= 0 ms,1
2026-05-10,DOCUMENTS_LIST,ANDROID,6.6.1,= 0 ms,16
2026-05-10,QR_VERIFICATION,ANDROID,6.7.0,= 0 ms,26
2026-05-10,DOCUMENTS_LIST,ANDROID,6.5.0,= 0 ms,21
2026-05-10,ISSUED_DOCUMENT_DETAILS,ANDROID,6.7.0,= 0 ms,192
2026-05-10,DOCUMENTS_LIST,ANDROID,6.6.2,= 0 ms,1454
2026-05-10,ISSUERS_LIST,ANDROID,6.7.0,= 0 ms,1584
2026-05-10,ISSUED_DOCUMENT_EVIDENCE,ANDROID,6.5.1,= 0 ms,55
2026-05-10,SHARE_DOCUMENT,ANDROID,6.7.0,= 0 ms,1
2026-05-10,ISSUED_DOCUMENT_DETAILS,ANDROID,6.6.2,= 0 ms,1467
2026-05-10,ISSUED_DOCUMENT_EVIDENCE,ANDROID,6.6.2,= 0 ms,1267
2026-05-10,ISSUED_DOCUMENT_EVIDENCE,ANDROID,6.5.0,= 0 ms,34
2026-05-10,ISSUED_DOCUMENT_DETAILS,ANDROID,6.5.1,= 0 ms,59
2026-05-10,ISSUED_DOCUMENT_DETAILS,ANDROID,6.5.0,= 0 ms,26
2026-05-10,DOWNLOAD_DOCUMENT,ANDROID,6.7.0,= 0 ms,4
2026-05-10,ACTIONABLE_NOTIFICATION_DETAILS,ANDROID,6.7.0,= 0 ms,2188
2026-05-10,ISSUED_DOCUMENT_EVIDENCE,ANDROID,6.7.0,= 0 ms,523
2026-05-10,DOCUMENTS_LIST,ANDROID,6.5.1,= 0 ms,43
2026-05-10,NON_ACTIONABLE_NOTIFICATION_DETAILS,ANDROID,6.7.0,= 0 ms,343
2026-05-10,ISSUED_DOCUMENT_DETAILS,ANDROID,6.6.1,= 0 ms,17
2026-05-10,DOCUMENTS_LIST,ANDROID,6.6.0,= 0 ms,439
2026-05-10,ISSUED_DOCUMENT_EVIDENCE,ANDROID,6.6.0,= 0 ms,391
2026-05-10,ISSUED_DOCUMENT_DETAILS,ANDROID,6.6.0,= 0 ms,432
2026-05-10,ISSUED_DOCUMENT_EVIDENCE,ANDROID,6.6.1,= 0 ms,16
2026-05-10,NOTIFICATIONS_LIST,ANDROID,6.7.0,= 0 ms,2412
2026-05-11,NOTIFICATIONS_LIST,ANDROID,6.7.0,1-50 ms,5
2026-05-11,ACTIONABLE_NOTIFICATION_DETAILS,ANDROID,6.7.0,1-50 ms,11
2026-05-11,ISSUED_DOCUMENT_DETAILS,ANDROID,6.6.0,10000+ ms,748
2026-05-11,NON_ACTIONABLE_NOTIFICATION_DETAILS,ANDROID,6.7.0,10000+ ms,364
2026-05-11,DOCUMENTS_LIST,ANDROID,6.6.2,10000+ ms,1260
2026-05-11,ISSUED_DOCUMENT_EVIDENCE,ANDROID,6.7.0,10000+ ms,7886
2026-05-11,NOTIFICATIONS_LIST,ANDROID,6.7.0,10000+ ms,2235
2026-05-11,ISSUED_DOCUMENT_EVIDENCE,ANDROID,6.6.1,10000+ ms,36
2026-05-11,UPLOADED_DOCUMENT_EVIDENCE,ANDROID,6.7.0,10000+ ms,20
2026-05-11,DOCUMENTS_LIST,ANDROID,6.7.0,10000+ ms,3012
2026-05-11,ISSUERS_LIST,ANDROID,6.7.0,10000+ ms,2864
2026-05-11,ISSUED_DOCUMENT_EVIDENCE,ANDROID,6.6.2,10000+ ms,1911
2026-05-11,ISSUED_DOCUMENT_DETAILS,ANDROID,6.6.2,10000+ ms,1680
2026-05-11,ACTIONABLE_NOTIFICATION_DETAILS,ANDROID,6.7.0,10000+ ms,4631
2026-05-11,DOCUMENTS_LIST,ANDROID,6.5.1,10000+ ms,94
2026-05-11,DOCUMENT_SELECTION_ISSUED_LIST,ANDROID,6.7.0,10000+ ms,13
2026-05-11,DOCUMENTS_LIST,ANDROID,6.6.1,10000+ ms,20
2026-05-11,DOCUMENTS_LIST,ANDROID,6.6.0,10000+ ms,495
2026-05-11,ISSUED_DOCUMENT_EVIDENCE,ANDROID,6.6.0,10000+ ms,841
2026-05-11,SHARE_DOCUMENT,ANDROID,6.7.0,10000+ ms,87
2026-05-11,ISSUED_DOCUMENT_DETAILS,ANDROID,6.7.0,10000+ ms,4221
2026-05-11,DOWNLOAD_DOCUMENT,ANDROID,6.7.0,10000+ ms,61
2026-05-11,ISSUED_DOCUMENT_EVIDENCE,ANDROID,6.5.1,10000+ ms,125
2026-05-11,ISSUED_DOCUMENT_DETAILS,ANDROID,6.6.1,10000+ ms,32
2026-05-11,DOCUMENT_SELECTION_UPLOADED_LIST,ANDROID,6.7.0,10000+ ms,1
2026-05-11,ISSUED_DOCUMENT_EVIDENCE,ANDROID,6.5.0,10000+ ms,91
2026-05-11,ISSUED_DOCUMENT_DETAILS,ANDROID,6.5.0,10000+ ms,57
2026-05-11,DOWNLOAD_SELF_SIGN_DOCUMENT,ANDROID,6.7.0,10000+ ms,24
2026-05-11,QR_VERIFICATION,ANDROID,6.7.0,10000+ ms,463
2026-05-11,DOCUMENTS_LIST,ANDROID,6.5.0,10000+ ms,29
2026-05-11,ISSUED_DOCUMENT_DETAILS,ANDROID,6.5.1,10000+ ms,114
2026-05-11,SHARE_DOCUMENT,ANDROID,6.7.0,1001-5000 ms,250
2026-05-11,DOCUMENTS_LIST,ANDROID,6.6.1,1001-5000 ms,291
2026-05-11,ISSUED_DOCUMENT_DETAILS,ANDROID,6.6.2,1001-5000 ms,2105
2026-05-11,ISSUED_DOCUMENT_EVIDENCE,ANDROID,6.5.1,1001-5000 ms,128
2026-05-11,ACTIONABLE_NOTIFICATION_DETAILS,ANDROID,6.7.0,1001-5000 ms,12343
2026-05-11,ISSUERS_LIST,ANDROID,6.7.0,1001-5000 ms,44893
2026-05-11,ISSUED_DOCUMENT_EVIDENCE,ANDROID,6.7.0,1001-5000 ms,15558
2026-05-11,ISSUED_DOCUMENT_EVIDENCE,ANDROID,6.6.0,1001-5000 ms,648
2026-05-11,DOWNLOAD_DOCUMENT,ANDROID,6.7.0,1001-5000 ms,430
2026-05-11,DOCUMENTS_LIST,ANDROID,6.6.0,1001-5000 ms,7223
2026-05-11,UPLOADED_DOCUMENT_EVIDENCE,ANDROID,6.7.0,1001-5000 ms,311
2026-05-11,NON_ACTIONABLE_NOTIFICATION_DETAILS,ANDROID,6.7.0,1001-5000 ms,5584
2026-05-11,ISSUED_DOCUMENT_EVIDENCE,ANDROID,6.5.0,1001-5000 ms,67
2026-05-11,DOCUMENT_SELECTION_ISSUED_LIST,ANDROID,6.7.0,1001-5000 ms,19
2026-05-11,ISSUED_DOCUMENT_DETAILS,ANDROID,6.5.1,1001-5000 ms,154
2026-05-11,ISSUED_DOCUMENT_DETAILS,ANDROID,6.6.1,1001-5000 ms,29
2026-05-11,DOCUMENTS_LIST,ANDROID,6.6.2,1001-5000 ms,18277
2026-05-11,QR_VERIFICATION,ANDROID,6.7.0,1001-5000 ms,2022
2026-05-11,NOTIFICATIONS_LIST,ANDROID,6.7.0,1001-5000 ms,12870
2026-05-11,DOCUMENTS_LIST,ANDROID,6.5.0,1001-5000 ms,531
2026-05-11,ISSUED_DOCUMENT_DETAILS,ANDROID,6.7.0,1001-5000 ms,13737
2026-05-11,DOCUMENTS_LIST,ANDROID,6.7.0,1001-5000 ms,101186
2026-05-11,DOWNLOAD_SELF_SIGN_DOCUMENT,ANDROID,6.7.0,1001-5000 ms,37
2026-05-11,ISSUED_DOCUMENT_DETAILS,ANDROID,6.6.0,1001-5000 ms,914
2026-05-11,ISSUED_DOCUMENT_EVIDENCE,ANDROID,6.6.1,1001-5000 ms,33
2026-05-11,ISSUED_DOCUMENT_DETAILS,ANDROID,6.5.0,1001-5000 ms,78
2026-05-11,ISSUED_DOCUMENT_EVIDENCE,ANDROID,6.6.2,1001-5000 ms,1667
2026-05-11,DOCUMENTS_LIST,ANDROID,6.5.1,1001-5000 ms,1093
2026-05-11,DOCUMENT_SELECTION_UPLOADED_LIST,ANDROID,6.7.0,101-500 ms,3
2026-05-11,ACTIONABLE_NOTIFICATION_DETAILS,ANDROID,6.7.0,101-500 ms,37
2026-05-11,UPLOADED_DOCUMENT_EVIDENCE,ANDROID,6.7.0,101-500 ms,230
2026-05-11,ISSUERS_LIST,ANDROID,6.7.0,101-500 ms,32
2026-05-11,ISSUED_DOCUMENT_DETAILS,ANDROID,6.6.1,101-500 ms,4
2026-05-11,DOWNLOAD_DOCUMENT,ANDROID,6.7.0,101-500 ms,2
2026-05-11,DOCUMENT_SELECTION_ISSUED_LIST,ANDROID,6.7.0,101-500 ms,5
2026-05-11,QR_VERIFICATION,ANDROID,6.7.0,101-500 ms,559
2026-05-11,ISSUED_DOCUMENT_DETAILS,ANDROID,6.5.1,101-500 ms,18
2026-05-11,ISSUED_DOCUMENT_EVIDENCE,ANDROID,6.6.2,101-500 ms,7
2026-05-11,NON_ACTIONABLE_NOTIFICATION_DETAILS,ANDROID,6.7.0,101-500 ms,63413
2026-05-11,DOWNLOAD_SELF_SIGN_DOCUMENT,ANDROID,6.7.0,101-500 ms,50
2026-05-11,ISSUED_DOCUMENT_DETAILS,ANDROID,6.7.0,101-500 ms,3629
2026-05-11,ISSUED_DOCUMENT_EVIDENCE,ANDROID,6.7.0,101-500 ms,158
2026-05-11,ISSUED_DOCUMENT_DETAILS,ANDROID,6.6.0,101-500 ms,62
2026-05-11,DOCUMENTS_LIST,ANDROID,6.6.2,101-500 ms,1
2026-05-11,NOTIFICATIONS_LIST,ANDROID,6.7.0,101-500 ms,71537
2026-05-11,ISSUED_DOCUMENT_DETAILS,ANDROID,6.5.0,101-500 ms,10
2026-05-11,SHARE_DOCUMENT,ANDROID,6.7.0,101-500 ms,1
2026-05-11,ISSUED_DOCUMENT_DETAILS,ANDROID,6.6.2,101-500 ms,136
2026-05-11,DOCUMENTS_LIST,ANDROID,6.7.0,101-500 ms,51
2026-05-11,ISSUED_DOCUMENT_EVIDENCE,ANDROID,6.5.0,101-500 ms,1
2026-05-11,DOWNLOAD_SELF_SIGN_DOCUMENT,ANDROID,6.7.0,5001-10000 ms,7
2026-05-11,DOCUMENTS_LIST,ANDROID,6.6.1,5001-10000 ms,33
2026-05-11,ISSUED_DOCUMENT_DETAILS,ANDROID,6.6.0,5001-10000 ms,87
2026-05-11,DOCUMENTS_LIST,ANDROID,6.7.0,5001-10000 ms,4246
2026-05-11,ISSUED_DOCUMENT_DETAILS,ANDROID,6.5.0,5001-10000 ms,12
2026-05-11,DOCUMENTS_LIST,ANDROID,6.5.0,5001-10000 ms,50
2026-05-11,ISSUED_DOCUMENT_DETAILS,ANDROID,6.6.2,5001-10000 ms,242
2026-05-11,ISSUED_DOCUMENT_EVIDENCE,ANDROID,6.6.2,5001-10000 ms,959
2026-05-11,ISSUERS_LIST,ANDROID,6.7.0,5001-10000 ms,1751
2026-05-11,ISSUED_DOCUMENT_DETAILS,ANDROID,6.7.0,5001-10000 ms,1583
2026-05-11,ISSUED_DOCUMENT_EVIDENCE,ANDROID,6.5.0,5001-10000 ms,46
2026-05-11,UPLOADED_DOCUMENT_EVIDENCE,ANDROID,6.7.0,5001-10000 ms,36
2026-05-11,ACTIONABLE_NOTIFICATION_DETAILS,ANDROID,6.7.0,5001-10000 ms,10410
2026-05-11,NOTIFICATIONS_LIST,ANDROID,6.7.0,5001-10000 ms,1749
2026-05-11,DOCUMENTS_LIST,ANDROID,6.5.1,5001-10000 ms,96
2026-05-11,SHARE_DOCUMENT,ANDROID,6.7.0,5001-10000 ms,22
2026-05-11,DOCUMENTS_LIST,ANDROID,6.6.0,5001-10000 ms,666
2026-05-11,QR_VERIFICATION,ANDROID,6.7.0,5001-10000 ms,169
2026-05-11,ISSUED_DOCUMENT_EVIDENCE,ANDROID,6.6.1,5001-10000 ms,17
2026-05-11,ISSUED_DOCUMENT_EVIDENCE,ANDROID,6.7.0,5001-10000 ms,6850
2026-05-11,ISSUED_DOCUMENT_EVIDENCE,ANDROID,6.5.1,5001-10000 ms,62
2026-05-11,DOCUMENTS_LIST,ANDROID,6.6.2,5001-10000 ms,1672
2026-05-11,DOWNLOAD_DOCUMENT,ANDROID,6.7.0,5001-10000 ms,52
2026-05-11,ISSUED_DOCUMENT_DETAILS,ANDROID,6.6.1,5001-10000 ms,6
2026-05-11,DOCUMENT_SELECTION_ISSUED_LIST,ANDROID,6.7.0,5001-10000 ms,1
2026-05-11,ISSUED_DOCUMENT_DETAILS,ANDROID,6.5.1,5001-10000 ms,15
2026-05-11,NON_ACTIONABLE_NOTIFICATION_DETAILS,ANDROID,6.7.0,5001-10000 ms,452
2026-05-11,ISSUED_DOCUMENT_EVIDENCE,ANDROID,6.6.0,5001-10000 ms,399
2026-05-11,SHARE_DOCUMENT,ANDROID,6.7.0,501-1000 ms,20
2026-05-11,ISSUED_DOCUMENT_DETAILS,ANDROID,6.6.0,501-1000 ms,734
2026-05-11,ISSUED_DOCUMENT_DETAILS,ANDROID,6.7.0,501-1000 ms,18466
2026-05-11,ISSUED_DOCUMENT_DETAILS,ANDROID,6.6.2,501-1000 ms,1677
2026-05-11,UPLOADED_DOCUMENT_EVIDENCE,ANDROID,6.7.0,501-1000 ms,313
2026-05-11,DOCUMENTS_LIST,ANDROID,6.7.0,501-1000 ms,10
2026-05-11,ISSUED_DOCUMENT_DETAILS,ANDROID,6.5.0,501-1000 ms,70
2026-05-11,QR_VERIFICATION,ANDROID,6.7.0,501-1000 ms,3006
2026-05-11,ISSUED_DOCUMENT_EVIDENCE,ANDROID,6.7.0,501-1000 ms,721
2026-05-11,ISSUED_DOCUMENT_EVIDENCE,ANDROID,6.5.1,501-1000 ms,2
2026-05-11,ISSUED_DOCUMENT_EVIDENCE,ANDROID,6.6.1,501-1000 ms,1
2026-05-11,DOWNLOAD_SELF_SIGN_DOCUMENT,ANDROID,6.7.0,501-1000 ms,59
2026-05-11,ISSUERS_LIST,ANDROID,6.7.0,501-1000 ms,3
2026-05-11,ACTIONABLE_NOTIFICATION_DETAILS,ANDROID,6.7.0,501-1000 ms,14
2026-05-11,DOCUMENT_SELECTION_ISSUED_LIST,ANDROID,6.7.0,501-1000 ms,24
2026-05-11,DOWNLOAD_DOCUMENT,ANDROID,6.7.0,501-1000 ms,44
2026-05-11,NON_ACTIONABLE_NOTIFICATION_DETAILS,ANDROID,6.7.0,501-1000 ms,10124
2026-05-11,ISSUED_DOCUMENT_DETAILS,ANDROID,6.6.1,501-1000 ms,34
2026-05-11,ISSUED_DOCUMENT_EVIDENCE,ANDROID,6.6.2,501-1000 ms,41
2026-05-11,ISSUED_DOCUMENT_DETAILS,ANDROID,6.5.1,501-1000 ms,125
2026-05-11,NOTIFICATIONS_LIST,ANDROID,6.7.0,501-1000 ms,11818
2026-05-11,ISSUED_DOCUMENT_EVIDENCE,ANDROID,6.6.0,501-1000 ms,27
2026-05-11,NON_ACTIONABLE_NOTIFICATION_DETAILS,ANDROID,6.7.0,51-100 ms,91
2026-05-11,NOTIFICATIONS_LIST,ANDROID,6.7.0,51-100 ms,2471
2026-05-11,ISSUED_DOCUMENT_EVIDENCE,ANDROID,6.7.0,51-100 ms,2
2026-05-11,DOCUMENTS_LIST,ANDROID,6.7.0,51-100 ms,1
2026-05-11,ACTIONABLE_NOTIFICATION_DETAILS,ANDROID,6.7.0,51-100 ms,8
2026-05-11,DOCUMENTS_LIST,ANDROID,6.5.1,< 0 ms,1
2026-05-11,NON_ACTIONABLE_NOTIFICATION_DETAILS,ANDROID,6.7.0,< 0 ms,1
2026-05-11,DOCUMENTS_LIST,ANDROID,6.6.2,< 0 ms,15
2026-05-11,DOCUMENTS_LIST,ANDROID,6.6.0,< 0 ms,4
2026-05-11,DOCUMENTS_LIST,ANDROID,6.7.0,< 0 ms,116
2026-05-11,ACTIONABLE_NOTIFICATION_DETAILS,ANDROID,6.7.0,< 0 ms,114
2026-05-11,ISSUED_DOCUMENT_EVIDENCE,ANDROID,6.6.2,< 0 ms,1
2026-05-11,ISSUED_DOCUMENT_EVIDENCE,ANDROID,6.7.0,< 0 ms,1
2026-05-11,ISSUED_DOCUMENT_DETAILS,ANDROID,6.7.0,< 0 ms,1
2026-05-11,ISSUERS_LIST,ANDROID,6.7.0,< 0 ms,13
2026-05-11,DOCUMENTS_LIST,ANDROID,6.6.1,< 0 ms,1
2026-05-11,NOTIFICATIONS_LIST,ANDROID,6.7.0,< 0 ms,1
2026-05-11,ISSUED_DOCUMENT_EVIDENCE,ANDROID,6.6.0,< 0 ms,1
2026-05-11,ISSUED_DOCUMENT_DETAILS,ANDROID,6.6.2,< 0 ms,1
2026-05-11,DOCUMENTS_LIST,ANDROID,6.5.0,= 0 ms,43
2026-05-11,NON_ACTIONABLE_NOTIFICATION_DETAILS,ANDROID,6.7.0,= 0 ms,493
2026-05-11,UPLOADED_DOCUMENT_EVIDENCE,ANDROID,6.7.0,= 0 ms,8
2026-05-11,DOCUMENTS_LIST,ANDROID,6.6.1,= 0 ms,22
2026-05-11,ISSUED_DOCUMENT_DETAILS,ANDROID,6.6.1,= 0 ms,31
2026-05-11,ACTIONABLE_NOTIFICATION_DETAILS,ANDROID,6.7.0,= 0 ms,3456
2026-05-11,ISSUERS_LIST,ANDROID,6.7.0,= 0 ms,3196
2026-05-11,DOCUMENTS_LIST,ANDROID,6.6.0,= 0 ms,593
2026-05-11,DOCUMENTS_LIST,ANDROID,6.7.0,= 0 ms,9465
2026-05-11,DOCUMENTS_LIST,ANDROID,6.5.1,= 0 ms,70
2026-05-11,ISSUED_DOCUMENT_EVIDENCE,ANDROID,6.5.1,= 0 ms,71
2026-05-11,ISSUED_DOCUMENT_EVIDENCE,ANDROID,6.6.1,= 0 ms,24
2026-05-11,DOWNLOAD_SELF_SIGN_DOCUMENT,ANDROID,6.7.0,= 0 ms,2
2026-05-11,NOTIFICATIONS_LIST,ANDROID,6.7.0,= 0 ms,4474
2026-05-11,ISSUED_DOCUMENT_DETAILS,ANDROID,6.6.2,= 0 ms,1121
2026-05-11,ISSUED_DOCUMENT_DETAILS,ANDROID,6.5.0,= 0 ms,32
2026-05-11,ISSUED_DOCUMENT_EVIDENCE,ANDROID,6.6.2,= 0 ms,1045
2026-05-11,DOCUMENTS_LIST,ANDROID,6.6.2,= 0 ms,1410
2026-05-11,ISSUED_DOCUMENT_EVIDENCE,ANDROID,6.5.0,= 0 ms,33
2026-05-11,SHARE_DOCUMENT,ANDROID,6.7.0,= 0 ms,11
2026-05-11,QR_VERIFICATION,ANDROID,6.7.0,= 0 ms,38
2026-05-11,ISSUED_DOCUMENT_DETAILS,ANDROID,6.7.0,= 0 ms,282
2026-05-11,ISSUED_DOCUMENT_DETAILS,ANDROID,6.5.1,= 0 ms,89
2026-05-11,ISSUED_DOCUMENT_EVIDENCE,ANDROID,6.6.0,= 0 ms,482
2026-05-11,ISSUED_DOCUMENT_EVIDENCE,ANDROID,6.7.0,= 0 ms,1023
2026-05-11,ISSUED_DOCUMENT_DETAILS,ANDROID,6.6.0,= 0 ms,535
2026-05-11,DOWNLOAD_DOCUMENT,ANDROID,6.7.0,= 0 ms,10
2026-05-12,ACTIONABLE_NOTIFICATION_DETAILS,ANDROID,6.7.0,1-50 ms,8
2026-05-12,NON_ACTIONABLE_NOTIFICATION_DETAILS,ANDROID,6.7.0,1-50 ms,1
2026-05-12,NOTIFICATIONS_LIST,ANDROID,6.7.0,1-50 ms,9
2026-05-12,ISSUED_DOCUMENT_EVIDENCE,ANDROID,6.5.1,10000+ ms,130
2026-05-12,DOWNLOAD_DOCUMENT,ANDROID,6.7.0,10000+ ms,68
2026-05-12,ISSUED_DOCUMENT_EVIDENCE,ANDROID,6.6.2,10000+ ms,1570
2026-05-12,SHARE_DOCUMENT,ANDROID,6.7.0,10000+ ms,59
2026-05-12,QR_VERIFICATION,ANDROID,6.7.0,10000+ ms,522
2026-05-12,NON_ACTIONABLE_NOTIFICATION_DETAILS,ANDROID,6.7.0,10000+ ms,304
2026-05-12,DOCUMENTS_LIST,ANDROID,6.6.0,10000+ ms,442
2026-05-12,DOCUMENTS_LIST,ANDROID,6.6.1,10000+ ms,21
2026-05-12,UPLOADED_DOCUMENT_EVIDENCE,ANDROID,6.7.0,10000+ ms,47
2026-05-12,ISSUERS_LIST,ANDROID,6.7.0,10000+ ms,2600
2026-05-12,DOCUMENTS_LIST,ANDROID,6.6.2,10000+ ms,791
2026-05-12,ISSUED_DOCUMENT_EVIDENCE,ANDROID,6.6.0,10000+ ms,874
2026-05-12,ACTIONABLE_NOTIFICATION_DETAILS,ANDROID,6.7.0,10000+ ms,5528
2026-05-12,DOCUMENTS_LIST,ANDROID,6.5.1,10000+ ms,59
2026-05-12,ISSUED_DOCUMENT_DETAILS,ANDROID,6.6.1,10000+ ms,24
2026-05-12,ISSUED_DOCUMENT_DETAILS,ANDROID,6.7.0,10000+ ms,4115
2026-05-12,ISSUED_DOCUMENT_EVIDENCE,ANDROID,6.7.0,10000+ ms,8428
2026-05-12,NOTIFICATIONS_LIST,ANDROID,6.7.0,10000+ ms,1831
2026-05-12,DOWNLOAD_SELF_SIGN_DOCUMENT,ANDROID,6.7.0,10000+ ms,40
2026-05-12,ISSUED_DOCUMENT_EVIDENCE,ANDROID,6.6.1,10000+ ms,28
2026-05-12,DOCUMENT_SELECTION_ISSUED_LIST,ANDROID,6.7.0,10000+ ms,27
2026-05-12,ISSUED_DOCUMENT_DETAILS,ANDROID,6.5.0,10000+ ms,63
2026-05-12,ISSUED_DOCUMENT_DETAILS,ANDROID,6.6.2,10000+ ms,1304
2026-05-12,DOCUMENTS_LIST,ANDROID,6.7.0,10000+ ms,2277
2026-05-12,ISSUED_DOCUMENT_DETAILS,ANDROID,6.5.1,10000+ ms,124
2026-05-12,ISSUED_DOCUMENT_EVIDENCE,ANDROID,6.5.0,10000+ ms,84
2026-05-12,DOCUMENTS_LIST,ANDROID,6.5.0,10000+ ms,32
2026-05-12,DOCUMENT_SELECTION_UPLOADED_LIST,ANDROID,6.7.0,10000+ ms,3
2026-05-12,ISSUED_DOCUMENT_DETAILS,ANDROID,6.6.0,10000+ ms,710
2026-05-12,NOTIFICATIONS_LIST,ANDROID,6.7.0,1001-5000 ms,14280
2026-05-12,ISSUED_DOCUMENT_DETAILS,ANDROID,6.6.1,1001-5000 ms,45
2026-05-12,DOCUMENTS_LIST,ANDROID,6.6.2,1001-5000 ms,14615
2026-05-12,DOCUMENTS_LIST,ANDROID,6.7.0,1001-5000 ms,109946
2026-05-12,ISSUED_DOCUMENT_DETAILS,ANDROID,6.5.1,1001-5000 ms,135
2026-05-12,DOCUMENTS_LIST,ANDROID,6.5.1,1001-5000 ms,1132
2026-05-12,ACTIONABLE_NOTIFICATION_DETAILS,ANDROID,6.7.0,1001-5000 ms,14610
2026-05-12,ISSUED_DOCUMENT_DETAILS,ANDROID,6.6.2,1001-5000 ms,1685
2026-05-12,DOCUMENTS_LIST,ANDROID,6.5.0,1001-5000 ms,532
2026-05-12,DOWNLOAD_DOCUMENT,ANDROID,6.7.0,1001-5000 ms,448
2026-05-12,ISSUED_DOCUMENT_DETAILS,ANDROID,6.7.0,1001-5000 ms,14686
2026-05-12,DOWNLOAD_SELF_SIGN_DOCUMENT,ANDROID,6.7.0,1001-5000 ms,52
2026-05-12,ISSUED_DOCUMENT_EVIDENCE,ANDROID,6.6.1,1001-5000 ms,26
2026-05-12,DOCUMENT_SELECTION_ISSUED_LIST,ANDROID,6.7.0,1001-5000 ms,22
2026-05-12,ISSUED_DOCUMENT_EVIDENCE,ANDROID,6.6.2,1001-5000 ms,1345
2026-05-12,ISSUED_DOCUMENT_DETAILS,ANDROID,6.6.0,1001-5000 ms,924
2026-05-12,ISSUED_DOCUMENT_EVIDENCE,ANDROID,6.6.0,1001-5000 ms,657
2026-05-12,ISSUERS_LIST,ANDROID,6.7.0,1001-5000 ms,49188
2026-05-12,DOCUMENTS_LIST,ANDROID,6.6.0,1001-5000 ms,7312
2026-05-12,ISSUED_DOCUMENT_EVIDENCE,ANDROID,6.5.0,1001-5000 ms,47
2026-05-12,UPLOADED_DOCUMENT_EVIDENCE,ANDROID,6.7.0,1001-5000 ms,349
2026-05-12,ISSUED_DOCUMENT_EVIDENCE,ANDROID,6.5.1,1001-5000 ms,96
2026-05-12,ISSUED_DOCUMENT_DETAILS,ANDROID,6.5.0,1001-5000 ms,66
2026-05-12,NON_ACTIONABLE_NOTIFICATION_DETAILS,ANDROID,6.7.0,1001-5000 ms,6119
2026-05-12,ISSUED_DOCUMENT_EVIDENCE,ANDROID,6.7.0,1001-5000 ms,16902
2026-05-12,DOCUMENTS_LIST,ANDROID,6.6.1,1001-5000 ms,284
2026-05-12,QR_VERIFICATION,ANDROID,6.7.0,1001-5000 ms,2255
2026-05-12,SHARE_DOCUMENT,ANDROID,6.7.0,1001-5000 ms,305
2026-05-12,QR_VERIFICATION,ANDROID,6.7.0,101-500 ms,723
2026-05-12,ISSUED_DOCUMENT_EVIDENCE,ANDROID,6.5.0,101-500 ms,1
2026-05-12,ISSUED_DOCUMENT_DETAILS,ANDROID,6.6.2,101-500 ms,134
2026-05-12,ACTIONABLE_NOTIFICATION_DETAILS,ANDROID,6.7.0,101-500 ms,57
2026-05-12,ISSUED_DOCUMENT_EVIDENCE,ANDROID,6.6.0,101-500 ms,3
2026-05-12,DOCUMENT_SELECTION_ISSUED_LIST,ANDROID,6.7.0,101-500 ms,7
2026-05-12,NOTIFICATIONS_LIST,ANDROID,6.7.0,101-500 ms,77185
2026-05-12,ISSUED_DOCUMENT_EVIDENCE,ANDROID,6.5.1,101-500 ms,1
2026-05-12,ISSUERS_LIST,ANDROID,6.7.0,101-500 ms,27
2026-05-12,DOCUMENTS_LIST,ANDROID,6.7.0,101-500 ms,50
2026-05-12,DOWNLOAD_SELF_SIGN_DOCUMENT,ANDROID,6.7.0,101-500 ms,39
2026-05-12,NON_ACTIONABLE_NOTIFICATION_DETAILS,ANDROID,6.7.0,101-500 ms,66827
2026-05-12,ISSUED_DOCUMENT_DETAILS,ANDROID,6.5.0,101-500 ms,8
2026-05-12,DOCUMENTS_LIST,ANDROID,6.6.2,101-500 ms,1
2026-05-12,ISSUED_DOCUMENT_DETAILS,ANDROID,6.6.0,101-500 ms,84
2026-05-12,ISSUED_DOCUMENT_DETAILS,ANDROID,6.5.1,101-500 ms,11
2026-05-12,ISSUED_DOCUMENT_EVIDENCE,ANDROID,6.7.0,101-500 ms,206
2026-05-12,ISSUED_DOCUMENT_DETAILS,ANDROID,6.7.0,101-500 ms,4549
2026-05-12,UPLOADED_DOCUMENT_EVIDENCE,ANDROID,6.7.0,101-500 ms,284
2026-05-12,ISSUED_DOCUMENT_DETAILS,ANDROID,6.6.1,101-500 ms,2
2026-05-12,ISSUED_DOCUMENT_EVIDENCE,ANDROID,6.6.2,101-500 ms,9
2026-05-12,DOCUMENTS_LIST,ANDROID,6.5.1,5001-10000 ms,105
2026-05-12,ISSUED_DOCUMENT_DETAILS,ANDROID,6.7.0,5001-10000 ms,1592
2026-05-12,SHARE_DOCUMENT,ANDROID,6.7.0,5001-10000 ms,36
2026-05-12,NON_ACTIONABLE_NOTIFICATION_DETAILS,ANDROID,6.7.0,5001-10000 ms,404
2026-05-12,ISSUERS_LIST,ANDROID,6.7.0,5001-10000 ms,2107
2026-05-12,ISSUED_DOCUMENT_EVIDENCE,ANDROID,6.7.0,5001-10000 ms,7536
2026-05-12,ISSUED_DOCUMENT_DETAILS,ANDROID,6.6.1,5001-10000 ms,1
2026-05-12,QR_VERIFICATION,ANDROID,6.7.0,5001-10000 ms,159
2026-05-12,DOCUMENTS_LIST,ANDROID,6.6.1,5001-10000 ms,28
2026-05-12,ISSUED_DOCUMENT_EVIDENCE,ANDROID,6.6.2,5001-10000 ms,768
2026-05-12,UPLOADED_DOCUMENT_EVIDENCE,ANDROID,6.7.0,5001-10000 ms,50
2026-05-12,ISSUED_DOCUMENT_EVIDENCE,ANDROID,6.5.1,5001-10000 ms,49
2026-05-12,ISSUED_DOCUMENT_DETAILS,ANDROID,6.5.1,5001-10000 ms,22
2026-05-12,DOCUMENTS_LIST,ANDROID,6.6.0,5001-10000 ms,727
2026-05-12,DOCUMENTS_LIST,ANDROID,6.7.0,5001-10000 ms,4009
2026-05-12,ISSUED_DOCUMENT_DETAILS,ANDROID,6.5.0,5001-10000 ms,16
2026-05-12,DOWNLOAD_DOCUMENT,ANDROID,6.7.0,5001-10000 ms,40
2026-05-12,DOCUMENT_SELECTION_ISSUED_LIST,ANDROID,6.7.0,5001-10000 ms,2
2026-05-12,ISSUED_DOCUMENT_DETAILS,ANDROID,6.6.0,5001-10000 ms,85
2026-05-12,ISSUED_DOCUMENT_EVIDENCE,ANDROID,6.6.0,5001-10000 ms,394
2026-05-12,ACTIONABLE_NOTIFICATION_DETAILS,ANDROID,6.7.0,5001-10000 ms,12706
2026-05-12,DOWNLOAD_SELF_SIGN_DOCUMENT,ANDROID,6.7.0,5001-10000 ms,7
2026-05-12,ISSUED_DOCUMENT_DETAILS,ANDROID,6.6.2,5001-10000 ms,182
2026-05-12,NOTIFICATIONS_LIST,ANDROID,6.7.0,5001-10000 ms,1344
2026-05-12,ISSUED_DOCUMENT_EVIDENCE,ANDROID,6.5.0,5001-10000 ms,20
2026-05-12,ISSUED_DOCUMENT_EVIDENCE,ANDROID,6.6.1,5001-10000 ms,19
2026-05-12,DOCUMENTS_LIST,ANDROID,6.5.0,5001-10000 ms,44
2026-05-12,DOCUMENTS_LIST,ANDROID,6.6.2,5001-10000 ms,1471
2026-05-12,DOWNLOAD_SELF_SIGN_DOCUMENT,ANDROID,6.7.0,501-1000 ms,48
2026-05-12,ISSUERS_LIST,ANDROID,6.7.0,501-1000 ms,3
2026-05-12,UPLOADED_DOCUMENT_EVIDENCE,ANDROID,6.7.0,501-1000 ms,347
2026-05-12,DOCUMENTS_LIST,ANDROID,6.6.2,501-1000 ms,1
2026-05-12,ISSUED_DOCUMENT_EVIDENCE,ANDROID,6.6.2,501-1000 ms,48
2026-05-12,ISSUED_DOCUMENT_DETAILS,ANDROID,6.6.1,501-1000 ms,31
2026-05-12,ISSUED_DOCUMENT_DETAILS,ANDROID,6.7.0,501-1000 ms,20130
2026-05-12,ISSUED_DOCUMENT_DETAILS,ANDROID,6.5.0,501-1000 ms,50
2026-05-12,ISSUED_DOCUMENT_EVIDENCE,ANDROID,6.7.0,501-1000 ms,899
2026-05-12,ISSUED_DOCUMENT_DETAILS,ANDROID,6.6.2,501-1000 ms,1436
2026-05-12,DOCUMENT_SELECTION_ISSUED_LIST,ANDROID,6.7.0,501-1000 ms,22
2026-05-12,ISSUED_DOCUMENT_DETAILS,ANDROID,6.5.1,501-1000 ms,121
2026-05-12,ISSUED_DOCUMENT_EVIDENCE,ANDROID,6.6.0,501-1000 ms,26
2026-05-12,DOCUMENTS_LIST,ANDROID,6.7.0,501-1000 ms,13
2026-05-12,ISSUED_DOCUMENT_EVIDENCE,ANDROID,6.5.0,501-1000 ms,2
2026-05-12,DOWNLOAD_DOCUMENT,ANDROID,6.7.0,501-1000 ms,35
2026-05-12,ACTIONABLE_NOTIFICATION_DETAILS,ANDROID,6.7.0,501-1000 ms,19
2026-05-12,ISSUED_DOCUMENT_DETAILS,ANDROID,6.6.0,501-1000 ms,709
2026-05-12,ISSUED_DOCUMENT_EVIDENCE,ANDROID,6.5.1,501-1000 ms,5
2026-05-12,NON_ACTIONABLE_NOTIFICATION_DETAILS,ANDROID,6.7.0,501-1000 ms,11300
2026-05-12,SHARE_DOCUMENT,ANDROID,6.7.0,501-1000 ms,21
2026-05-12,QR_VERIFICATION,ANDROID,6.7.0,501-1000 ms,3274
2026-05-12,NOTIFICATIONS_LIST,ANDROID,6.7.0,501-1000 ms,12954
2026-05-12,ACTIONABLE_NOTIFICATION_DETAILS,ANDROID,6.7.0,51-100 ms,13
2026-05-12,ISSUED_DOCUMENT_DETAILS,ANDROID,6.7.0,51-100 ms,1
2026-05-12,DOCUMENTS_LIST,ANDROID,6.7.0,51-100 ms,2
2026-05-12,NON_ACTIONABLE_NOTIFICATION_DETAILS,ANDROID,6.7.0,51-100 ms,99
2026-05-12,ISSUED_DOCUMENT_EVIDENCE,ANDROID,6.7.0,51-100 ms,3
2026-05-12,NOTIFICATIONS_LIST,ANDROID,6.7.0,51-100 ms,2484
2026-05-12,DOCUMENTS_LIST,ANDROID,6.6.2,< 0 ms,14
2026-05-12,ISSUED_DOCUMENT_EVIDENCE,ANDROID,6.7.0,< 0 ms,1
2026-05-12,ISSUED_DOCUMENT_DETAILS,ANDROID,6.7.0,< 0 ms,1
2026-05-12,DOCUMENTS_LIST,ANDROID,6.5.1,< 0 ms,1
2026-05-12,DOCUMENTS_LIST,ANDROID,6.7.0,< 0 ms,112
2026-05-12,ISSUERS_LIST,ANDROID,6.7.0,< 0 ms,15
2026-05-12,DOCUMENTS_LIST,ANDROID,6.6.0,< 0 ms,7
2026-05-12,DOCUMENTS_LIST,ANDROID,6.5.0,< 0 ms,1
2026-05-12,ISSUED_DOCUMENT_EVIDENCE,ANDROID,6.6.2,< 0 ms,2
2026-05-12,NON_ACTIONABLE_NOTIFICATION_DETAILS,ANDROID,6.7.0,< 0 ms,3
2026-05-12,ACTIONABLE_NOTIFICATION_DETAILS,ANDROID,6.7.0,< 0 ms,92
2026-05-12,ISSUED_DOCUMENT_EVIDENCE,ANDROID,6.6.2,= 0 ms,987
2026-05-12,ISSUED_DOCUMENT_EVIDENCE,ANDROID,6.5.1,= 0 ms,92
2026-05-12,SHARE_DOCUMENT,ANDROID,6.7.0,= 0 ms,9
2026-05-12,ACTIONABLE_NOTIFICATION_DETAILS,ANDROID,6.7.0,= 0 ms,3899
2026-05-12,DOCUMENTS_LIST,ANDROID,6.6.0,= 0 ms,544
2026-05-12,ISSUED_DOCUMENT_DETAILS,ANDROID,6.7.0,= 0 ms,273
2026-05-12,ISSUED_DOCUMENT_EVIDENCE,ANDROID,6.6.1,= 0 ms,19
2026-05-12,ISSUED_DOCUMENT_DETAILS,ANDROID,6.6.1,= 0 ms,18
2026-05-12,ISSUED_DOCUMENT_DETAILS,ANDROID,6.5.1,= 0 ms,111
2026-05-12,ISSUED_DOCUMENT_DETAILS,ANDROID,6.6.2,= 0 ms,1047
2026-05-12,NON_ACTIONABLE_NOTIFICATION_DETAILS,ANDROID,6.7.0,= 0 ms,499
2026-05-12,DOCUMENTS_LIST,ANDROID,6.6.1,= 0 ms,9
2026-05-12,DOWNLOAD_SELF_SIGN_DOCUMENT,ANDROID,6.7.0,= 0 ms,3
2026-05-12,DOCUMENTS_LIST,ANDROID,6.7.0,= 0 ms,8811
2026-05-12,ISSUED_DOCUMENT_EVIDENCE,ANDROID,6.7.0,= 0 ms,1158
2026-05-12,NOTIFICATIONS_LIST,ANDROID,6.7.0,= 0 ms,4146
2026-05-12,ISSUED_DOCUMENT_DETAILS,ANDROID,6.6.0,= 0 ms,622
2026-05-12,DOCUMENTS_LIST,ANDROID,6.6.2,= 0 ms,1174
2026-05-12,ISSUED_DOCUMENT_EVIDENCE,ANDROID,6.5.0,= 0 ms,44
2026-05-12,ISSUED_DOCUMENT_DETAILS,ANDROID,6.5.0,= 0 ms,45
2026-05-12,QR_VERIFICATION,ANDROID,6.7.0,= 0 ms,38
2026-05-12,DOCUMENTS_LIST,ANDROID,6.5.1,= 0 ms,67
2026-05-12,DOCUMENTS_LIST,ANDROID,6.5.0,= 0 ms,32
2026-05-12,ISSUERS_LIST,ANDROID,6.7.0,= 0 ms,3348
2026-05-12,DOWNLOAD_DOCUMENT,ANDROID,6.7.0,= 0 ms,6
2026-05-12,ISSUED_DOCUMENT_EVIDENCE,ANDROID,6.6.0,= 0 ms,530
2026-05-12,UPLOADED_DOCUMENT_EVIDENCE,ANDROID,6.7.0,= 0 ms,12
2026-05-12,ACTIONABLE_NOTIFICATION_DETAILS,ANDROID,NA,= 0 ms,1
2026-05-13,ACTIONABLE_NOTIFICATION_DETAILS,ANDROID,6.7.0,1-50 ms,11
2026-05-13,NOTIFICATIONS_LIST,ANDROID,6.7.0,1-50 ms,7
2026-05-13,ISSUED_DOCUMENT_DETAILS,ANDROID,6.6.2,10000+ ms,1089
2026-05-13,DOCUMENTS_LIST,ANDROID,6.6.1,10000+ ms,15
2026-05-13,QR_VERIFICATION,ANDROID,6.7.0,10000+ ms,490
2026-05-13,DOCUMENT_SELECTION_ISSUED_LIST,ANDROID,6.7.0,10000+ ms,16
2026-05-13,DOCUMENT_SELECTION_UPLOADED_LIST,ANDROID,6.7.0,10000+ ms,5
2026-05-13,ISSUED_DOCUMENT_EVIDENCE,ANDROID,6.6.1,10000+ ms,27
2026-05-13,DOWNLOAD_DOCUMENT,ANDROID,6.7.0,10000+ ms,47
2026-05-13,ACTIONABLE_NOTIFICATION_DETAILS,ANDROID,6.7.0,10000+ ms,5745
2026-05-13,DOCUMENTS_LIST,ANDROID,6.5.1,10000+ ms,70
2026-05-13,UPLOADED_DOCUMENT_EVIDENCE,ANDROID,6.7.0,10000+ ms,31
2026-05-13,DOCUMENTS_LIST,ANDROID,6.6.0,10000+ ms,405
2026-05-13,DOCUMENTS_LIST,ANDROID,6.6.2,10000+ ms,743
2026-05-13,ISSUED_DOCUMENT_EVIDENCE,ANDROID,6.6.2,10000+ ms,1355
2026-05-13,ISSUED_DOCUMENT_EVIDENCE,ANDROID,6.5.0,10000+ ms,83
2026-05-13,NON_ACTIONABLE_NOTIFICATION_DETAILS,ANDROID,6.7.0,10000+ ms,305
2026-05-13,DOCUMENTS_LIST,ANDROID,6.5.0,10000+ ms,22
2026-05-13,DOCUMENTS_LIST,ANDROID,6.7.0,10000+ ms,2292
2026-05-13,ISSUED_DOCUMENT_DETAILS,ANDROID,6.7.0,10000+ ms,4633
2026-05-13,ISSUED_DOCUMENT_EVIDENCE,ANDROID,6.6.0,10000+ ms,876
2026-05-13,ISSUERS_LIST,ANDROID,6.7.0,10000+ ms,2784
2026-05-13,ISSUED_DOCUMENT_DETAILS,ANDROID,6.6.1,10000+ ms,24
2026-05-13,SHARE_DOCUMENT,ANDROID,6.7.0,10000+ ms,67
2026-05-13,NOTIFICATIONS_LIST,ANDROID,6.7.0,10000+ ms,1866
2026-05-13,ISSUED_DOCUMENT_DETAILS,ANDROID,6.5.0,10000+ ms,59
2026-05-13,DOWNLOAD_SELF_SIGN_DOCUMENT,ANDROID,6.7.0,10000+ ms,29
2026-05-13,ISSUED_DOCUMENT_EVIDENCE,ANDROID,6.5.1,10000+ ms,122
2026-05-13,ISSUED_DOCUMENT_DETAILS,ANDROID,6.5.1,10000+ ms,125
2026-05-13,ISSUED_DOCUMENT_EVIDENCE,ANDROID,6.7.0,10000+ ms,9204
2026-05-13,ISSUED_DOCUMENT_DETAILS,ANDROID,6.6.0,10000+ ms,744
2026-05-13,DOCUMENTS_LIST,ANDROID,6.6.2,1001-5000 ms,12248
2026-05-13,ISSUERS_LIST,ANDROID,6.7.0,1001-5000 ms,49361
2026-05-13,ISSUED_DOCUMENT_EVIDENCE,ANDROID,6.6.0,1001-5000 ms,663
2026-05-13,SHARE_DOCUMENT,ANDROID,6.7.0,1001-5000 ms,347
2026-05-13,NOTIFICATIONS_LIST,ANDROID,6.7.0,1001-5000 ms,14593
2026-05-13,ISSUED_DOCUMENT_EVIDENCE,ANDROID,6.6.2,1001-5000 ms,1015
2026-05-13,ACTIONABLE_NOTIFICATION_DETAILS,ANDROID,6.7.0,1001-5000 ms,14372
2026-05-13,ISSUED_DOCUMENT_DETAILS,ANDROID,6.7.0,1001-5000 ms,15224
2026-05-13,ISSUED_DOCUMENT_EVIDENCE,ANDROID,6.6.1,1001-5000 ms,27
2026-05-13,DOWNLOAD_DOCUMENT,ANDROID,6.7.0,1001-5000 ms,437
2026-05-13,ISSUED_DOCUMENT_EVIDENCE,ANDROID,6.7.0,1001-5000 ms,16464
2026-05-13,DOCUMENTS_LIST,ANDROID,6.5.0,1001-5000 ms,526
2026-05-13,NON_ACTIONABLE_NOTIFICATION_DETAILS,ANDROID,6.7.0,1001-5000 ms,6320
2026-05-13,ISSUED_DOCUMENT_DETAILS,ANDROID,6.5.1,1001-5000 ms,147
2026-05-13,ISSUED_DOCUMENT_DETAILS,ANDROID,6.5.0,1001-5000 ms,79
2026-05-13,ISSUED_DOCUMENT_DETAILS,ANDROID,6.6.1,1001-5000 ms,36
2026-05-13,ISSUED_DOCUMENT_DETAILS,ANDROID,6.6.0,1001-5000 ms,936
2026-05-13,DOWNLOAD_SELF_SIGN_DOCUMENT,ANDROID,6.7.0,1001-5000 ms,37
2026-05-13,DOCUMENTS_LIST,ANDROID,6.6.1,1001-5000 ms,246
2026-05-13,DOCUMENT_SELECTION_ISSUED_LIST,ANDROID,6.7.0,1001-5000 ms,17
2026-05-13,DOCUMENTS_LIST,ANDROID,6.5.1,1001-5000 ms,1139
2026-05-13,QR_VERIFICATION,ANDROID,6.7.0,1001-5000 ms,2163
2026-05-13,ISSUED_DOCUMENT_EVIDENCE,ANDROID,6.5.1,1001-5000 ms,114
2026-05-13,UPLOADED_DOCUMENT_EVIDENCE,ANDROID,6.7.0,1001-5000 ms,316
2026-05-13,DOCUMENTS_LIST,ANDROID,6.7.0,1001-5000 ms,111406
2026-05-13,ISSUED_DOCUMENT_DETAILS,ANDROID,6.6.2,1001-5000 ms,1523
2026-05-13,DOCUMENTS_LIST,ANDROID,6.6.0,1001-5000 ms,7212
2026-05-13,ISSUED_DOCUMENT_EVIDENCE,ANDROID,6.5.0,1001-5000 ms,57
2026-05-13,ISSUED_DOCUMENT_EVIDENCE,ANDROID,6.7.0,101-500 ms,142
2026-05-13,DOWNLOAD_SELF_SIGN_DOCUMENT,ANDROID,6.7.0,101-500 ms,44
2026-05-13,ACTIONABLE_NOTIFICATION_DETAILS,ANDROID,6.7.0,101-500 ms,64
2026-05-13,UPLOADED_DOCUMENT_EVIDENCE,ANDROID,6.7.0,101-500 ms,292
2026-05-13,DOCUMENTS_LIST,ANDROID,6.7.0,101-500 ms,81
2026-05-13,ISSUED_DOCUMENT_DETAILS,ANDROID,6.6.0,101-500 ms,79
2026-05-13,DOWNLOAD_DOCUMENT,ANDROID,6.7.0,101-500 ms,2
2026-05-13,ISSUED_DOCUMENT_DETAILS,ANDROID,6.5.0,101-500 ms,10
2026-05-13,ISSUED_DOCUMENT_EVIDENCE,ANDROID,6.6.2,101-500 ms,4
2026-05-13,QR_VERIFICATION,ANDROID,6.7.0,101-500 ms,572
2026-05-13,ISSUED_DOCUMENT_DETAILS,ANDROID,6.5.1,101-500 ms,12
2026-05-13,ISSUED_DOCUMENT_DETAILS,ANDROID,6.6.2,101-500 ms,128
2026-05-13,ISSUED_DOCUMENT_DETAILS,ANDROID,6.6.1,101-500 ms,5
2026-05-13,NON_ACTIONABLE_NOTIFICATION_DETAILS,ANDROID,6.7.0,101-500 ms,66722
2026-05-13,ISSUED_DOCUMENT_DETAILS,ANDROID,6.7.0,101-500 ms,4029
2026-05-13,NOTIFICATIONS_LIST,ANDROID,6.7.0,101-500 ms,75619
2026-05-13,ISSUED_DOCUMENT_EVIDENCE,ANDROID,6.6.0,101-500 ms,3
2026-05-13,DOCUMENT_SELECTION_ISSUED_LIST,ANDROID,6.7.0,101-500 ms,10
2026-05-13,ISSUERS_LIST,ANDROID,6.7.0,101-500 ms,43
2026-05-13,ISSUED_DOCUMENT_EVIDENCE,ANDROID,6.5.0,5001-10000 ms,26
2026-05-13,ISSUED_DOCUMENT_EVIDENCE,ANDROID,6.6.2,5001-10000 ms,581
2026-05-13,SHARE_DOCUMENT,ANDROID,6.7.0,5001-10000 ms,43
2026-05-13,ACTIONABLE_NOTIFICATION_DETAILS,ANDROID,6.7.0,5001-10000 ms,12457
2026-05-13,ISSUED_DOCUMENT_DETAILS,ANDROID,6.5.0,5001-10000 ms,7
2026-05-13,QR_VERIFICATION,ANDROID,6.7.0,5001-10000 ms,109
2026-05-13,ISSUED_DOCUMENT_DETAILS,ANDROID,6.7.0,5001-10000 ms,1534
2026-05-13,DOCUMENTS_LIST,ANDROID,6.6.0,5001-10000 ms,717
2026-05-13,ISSUED_DOCUMENT_EVIDENCE,ANDROID,6.6.0,5001-10000 ms,408
2026-05-13,NON_ACTIONABLE_NOTIFICATION_DETAILS,ANDROID,6.7.0,5001-10000 ms,367
2026-05-13,ISSUED_DOCUMENT_EVIDENCE,ANDROID,6.6.1,5001-10000 ms,13
2026-05-13,ISSUED_DOCUMENT_DETAILS,ANDROID,6.6.2,5001-10000 ms,117
2026-05-13,ISSUED_DOCUMENT_EVIDENCE,ANDROID,6.7.0,5001-10000 ms,7224
2026-05-13,DOCUMENTS_LIST,ANDROID,6.5.0,5001-10000 ms,54
2026-05-13,DOCUMENTS_LIST,ANDROID,6.6.2,5001-10000 ms,1229
2026-05-13,ISSUED_DOCUMENT_DETAILS,ANDROID,6.6.0,5001-10000 ms,115
2026-05-13,DOWNLOAD_SELF_SIGN_DOCUMENT,ANDROID,6.7.0,5001-10000 ms,7
2026-05-13,DOCUMENTS_LIST,ANDROID,6.6.1,5001-10000 ms,21
2026-05-13,DOCUMENTS_LIST,ANDROID,6.5.1,5001-10000 ms,103
2026-05-13,ISSUED_DOCUMENT_EVIDENCE,ANDROID,6.5.1,5001-10000 ms,62
2026-05-13,NOTIFICATIONS_LIST,ANDROID,6.7.0,5001-10000 ms,1417
2026-05-13,DOWNLOAD_DOCUMENT,ANDROID,6.7.0,5001-10000 ms,40
2026-05-13,ISSUED_DOCUMENT_DETAILS,ANDROID,6.5.1,5001-10000 ms,22
2026-05-13,ISSUERS_LIST,ANDROID,6.7.0,5001-10000 ms,1868
2026-05-13,ISSUED_DOCUMENT_DETAILS,ANDROID,6.6.1,5001-10000 ms,5
2026-05-13,DOCUMENTS_LIST,ANDROID,6.7.0,5001-10000 ms,4128
2026-05-13,UPLOADED_DOCUMENT_EVIDENCE,ANDROID,6.7.0,5001-10000 ms,37
2026-05-13,ISSUED_DOCUMENT_EVIDENCE,ANDROID,6.5.1,501-1000 ms,4
2026-05-13,NOTIFICATIONS_LIST,ANDROID,6.7.0,501-1000 ms,14636
2026-05-13,DOWNLOAD_DOCUMENT,ANDROID,6.7.0,501-1000 ms,42
2026-05-13,ISSUED_DOCUMENT_EVIDENCE,ANDROID,6.6.1,501-1000 ms,2
2026-05-13,ISSUERS_LIST,ANDROID,6.7.0,501-1000 ms,12
2026-05-13,DOWNLOAD_SELF_SIGN_DOCUMENT,ANDROID,6.7.0,501-1000 ms,52
2026-05-13,SHARE_DOCUMENT,ANDROID,6.7.0,501-1000 ms,27
2026-05-13,ISSUED_DOCUMENT_EVIDENCE,ANDROID,6.6.2,501-1000 ms,27
2026-05-13,ACTIONABLE_NOTIFICATION_DETAILS,ANDROID,6.7.0,501-1000 ms,25
2026-05-13,ISSUED_DOCUMENT_DETAILS,ANDROID,6.6.0,501-1000 ms,641
2026-05-13,UPLOADED_DOCUMENT_EVIDENCE,ANDROID,6.7.0,501-1000 ms,345
2026-05-13,QR_VERIFICATION,ANDROID,6.7.0,501-1000 ms,3226
2026-05-13,NON_ACTIONABLE_NOTIFICATION_DETAILS,ANDROID,6.7.0,501-1000 ms,12898
2026-05-13,DOCUMENTS_LIST,ANDROID,6.7.0,501-1000 ms,13
2026-05-13,ISSUED_DOCUMENT_EVIDENCE,ANDROID,6.6.0,501-1000 ms,18
2026-05-13,ISSUED_DOCUMENT_DETAILS,ANDROID,6.5.1,501-1000 ms,101
2026-05-13,ISSUED_DOCUMENT_DETAILS,ANDROID,6.6.2,501-1000 ms,1122
2026-05-13,ISSUED_DOCUMENT_DETAILS,ANDROID,6.5.0,501-1000 ms,52
2026-05-13,ISSUED_DOCUMENT_EVIDENCE,ANDROID,6.5.0,501-1000 ms,2
2026-05-13,ISSUED_DOCUMENT_EVIDENCE,ANDROID,6.7.0,501-1000 ms,715
2026-05-13,ISSUED_DOCUMENT_DETAILS,ANDROID,6.7.0,501-1000 ms,19602
2026-05-13,ISSUED_DOCUMENT_DETAILS,ANDROID,6.6.1,501-1000 ms,23
2026-05-13,DOCUMENT_SELECTION_ISSUED_LIST,ANDROID,6.7.0,501-1000 ms,13
2026-05-13,NOTIFICATIONS_LIST,ANDROID,6.7.0,51-100 ms,2525
2026-05-13,ACTIONABLE_NOTIFICATION_DETAILS,ANDROID,6.7.0,51-100 ms,15
2026-05-13,ISSUED_DOCUMENT_DETAILS,ANDROID,6.7.0,51-100 ms,3
2026-05-13,NON_ACTIONABLE_NOTIFICATION_DETAILS,ANDROID,6.7.0,51-100 ms,105
2026-05-13,ISSUERS_LIST,ANDROID,6.7.0,51-100 ms,1
2026-05-13,DOCUMENTS_LIST,ANDROID,6.7.0,< 0 ms,107
2026-05-13,ISSUERS_LIST,ANDROID,6.7.0,< 0 ms,11
2026-05-13,DOCUMENTS_LIST,ANDROID,6.6.2,< 0 ms,8
2026-05-13,NON_ACTIONABLE_NOTIFICATION_DETAILS,ANDROID,6.7.0,< 0 ms,2
2026-05-13,DOCUMENTS_LIST,ANDROID,6.5.1,< 0 ms,4
2026-05-13,ACTIONABLE_NOTIFICATION_DETAILS,ANDROID,6.7.0,< 0 ms,97
2026-05-13,DOCUMENTS_LIST,ANDROID,6.6.0,< 0 ms,9
2026-05-13,ISSUED_DOCUMENT_DETAILS,ANDROID,6.6.1,= 0 ms,23
2026-05-13,ISSUED_DOCUMENT_DETAILS,ANDROID,6.5.0,= 0 ms,34
2026-05-13,ISSUED_DOCUMENT_EVIDENCE,ANDROID,6.5.1,= 0 ms,77
2026-05-13,SHARE_DOCUMENT,ANDROID,6.7.0,= 0 ms,5
2026-05-13,NOTIFICATIONS_LIST,ANDROID,6.7.0,= 0 ms,4227
2026-05-13,DOCUMENTS_LIST,ANDROID,6.7.0,= 0 ms,8927
2026-05-13,ISSUED_DOCUMENT_DETAILS,ANDROID,6.5.1,= 0 ms,93
2026-05-13,ISSUED_DOCUMENT_EVIDENCE,ANDROID,6.7.0,= 0 ms,1319
2026-05-13,DOCUMENTS_LIST,ANDROID,6.5.0,= 0 ms,43
2026-05-13,ISSUED_DOCUMENT_EVIDENCE,ANDROID,6.6.0,= 0 ms,506
2026-05-13,ISSUED_DOCUMENT_DETAILS,ANDROID,6.6.0,= 0 ms,577
2026-05-13,DOCUMENTS_LIST,ANDROID,6.6.2,= 0 ms,921
2026-05-13,DOCUMENTS_LIST,ANDROID,6.6.0,= 0 ms,560
2026-05-13,NON_ACTIONABLE_NOTIFICATION_DETAILS,ANDROID,6.7.0,= 0 ms,480
2026-05-13,DOCUMENTS_LIST,ANDROID,6.6.1,= 0 ms,18
2026-05-13,ISSUED_DOCUMENT_DETAILS,ANDROID,6.6.2,= 0 ms,836
2026-05-13,ISSUED_DOCUMENT_EVIDENCE,ANDROID,6.5.0,= 0 ms,43
2026-05-13,DOWNLOAD_DOCUMENT,ANDROID,6.7.0,= 0 ms,11
2026-05-13,ISSUERS_LIST,ANDROID,6.7.0,= 0 ms,3146
2026-05-13,DOCUMENTS_LIST,ANDROID,6.5.1,= 0 ms,87
2026-05-13,ACTIONABLE_NOTIFICATION_DETAILS,ANDROID,6.7.0,= 0 ms,3937
2026-05-13,ISSUED_DOCUMENT_EVIDENCE,ANDROID,6.6.2,= 0 ms,801
2026-05-13,DOWNLOAD_SELF_SIGN_DOCUMENT,ANDROID,6.7.0,= 0 ms,1
2026-05-13,QR_VERIFICATION,ANDROID,6.7.0,= 0 ms,59
2026-05-13,ISSUED_DOCUMENT_EVIDENCE,ANDROID,6.6.1,= 0 ms,23
2026-05-13,ISSUED_DOCUMENT_DETAILS,ANDROID,6.7.0,= 0 ms,357
2026-05-13,UPLOADED_DOCUMENT_EVIDENCE,ANDROID,6.7.0,= 0 ms,12
2026-05-14,NOTIFICATIONS_LIST,ANDROID,6.7.0,1-50 ms,14
2026-05-14,ACTIONABLE_NOTIFICATION_DETAILS,ANDROID,6.7.0,1-50 ms,10
2026-05-14,ISSUED_DOCUMENT_EVIDENCE,ANDROID,6.7.0,10000+ ms,7860
2026-05-14,ISSUED_DOCUMENT_DETAILS,ANDROID,6.7.0,10000+ ms,4353
2026-05-14,QR_VERIFICATION,ANDROID,6.7.0,10000+ ms,505
2026-05-14,ISSUED_DOCUMENT_EVIDENCE,ANDROID,6.6.2,10000+ ms,1021
2026-05-14,DOCUMENTS_LIST,ANDROID,6.7.0,10000+ ms,2275
2026-05-14,ISSUED_DOCUMENT_DETAILS,ANDROID,6.5.0,10000+ ms,59
2026-05-14,DOWNLOAD_SELF_SIGN_DOCUMENT,ANDROID,6.7.0,10000+ ms,38
2026-05-14,ISSUED_DOCUMENT_EVIDENCE,ANDROID,6.6.0,10000+ ms,766
2026-05-14,NON_ACTIONABLE_NOTIFICATION_DETAILS,ANDROID,6.7.0,10000+ ms,309
2026-05-14,ISSUED_DOCUMENT_DETAILS,ANDROID,6.5.1,10000+ ms,98
2026-05-14,ISSUED_DOCUMENT_EVIDENCE,ANDROID,6.5.0,10000+ ms,76
2026-05-14,DOCUMENT_SELECTION_UPLOADED_LIST,ANDROID,6.7.0,10000+ ms,5
2026-05-14,DOCUMENTS_LIST,ANDROID,6.6.2,10000+ ms,583
2026-05-14,ACTIONABLE_NOTIFICATION_DETAILS,ANDROID,6.7.0,10000+ ms,6001
2026-05-14,DOCUMENTS_LIST,ANDROID,6.6.0,10000+ ms,411
2026-05-14,UPLOADED_DOCUMENT_EVIDENCE,ANDROID,6.7.0,10000+ ms,45
2026-05-14,SHARE_DOCUMENT,ANDROID,6.7.0,10000+ ms,74
2026-05-14,DOCUMENTS_LIST,ANDROID,6.5.0,10000+ ms,22
2026-05-14,ISSUED_DOCUMENT_DETAILS,ANDROID,6.6.0,10000+ ms,736
2026-05-14,NOTIFICATIONS_LIST,ANDROID,6.7.0,10000+ ms,1787
2026-05-14,ISSUED_DOCUMENT_DETAILS,ANDROID,6.6.1,10000+ ms,24
2026-05-14,ISSUED_DOCUMENT_EVIDENCE,ANDROID,6.6.1,10000+ ms,26
2026-05-14,DOWNLOAD_DOCUMENT,ANDROID,6.7.0,10000+ ms,58
2026-05-14,DOCUMENTS_LIST,ANDROID,6.5.1,10000+ ms,48
2026-05-14,ISSUERS_LIST,ANDROID,6.7.0,10000+ ms,2739
2026-05-14,ISSUED_DOCUMENT_DETAILS,ANDROID,6.6.2,10000+ ms,938
2026-05-14,ISSUED_DOCUMENT_EVIDENCE,ANDROID,6.5.1,10000+ ms,108
2026-05-14,DOCUMENTS_LIST,ANDROID,6.6.1,10000+ ms,15
2026-05-14,DOCUMENT_SELECTION_ISSUED_LIST,ANDROID,6.7.0,10000+ ms,18
2026-05-14,DOCUMENT_SELECTION_ISSUED_LIST,ANDROID,6.7.0,1001-5000 ms,25
2026-05-14,NOTIFICATIONS_LIST,ANDROID,6.7.0,1001-5000 ms,14519
2026-05-14,DOCUMENTS_LIST,ANDROID,6.5.0,1001-5000 ms,498
2026-05-14,ISSUED_DOCUMENT_EVIDENCE,ANDROID,6.6.2,1001-5000 ms,975
2026-05-14,UPLOADED_DOCUMENT_EVIDENCE,ANDROID,6.7.0,1001-5000 ms,325
2026-05-14,ISSUED_DOCUMENT_EVIDENCE,ANDROID,6.6.0,1001-5000 ms,720
2026-05-14,ISSUED_DOCUMENT_EVIDENCE,ANDROID,6.5.1,1001-5000 ms,103
2026-05-14,DOCUMENTS_LIST,ANDROID,6.6.1,1001-5000 ms,214
2026-05-14,DOWNLOAD_SELF_SIGN_DOCUMENT,ANDROID,6.7.0,1001-5000 ms,47
2026-05-14,ISSUED_DOCUMENT_EVIDENCE,ANDROID,6.5.0,1001-5000 ms,47
2026-05-14,SHARE_DOCUMENT,ANDROID,6.7.0,1001-5000 ms,304
2026-05-14,DOWNLOAD_DOCUMENT,ANDROID,6.7.0,1001-5000 ms,457
2026-05-14,ACTIONABLE_NOTIFICATION_DETAILS,ANDROID,6.7.0,1001-5000 ms,13597
2026-05-14,ISSUERS_LIST,ANDROID,6.7.0,1001-5000 ms,48684
2026-05-14,NON_ACTIONABLE_NOTIFICATION_DETAILS,ANDROID,6.7.0,1001-5000 ms,6022
2026-05-14,QR_VERIFICATION,ANDROID,6.7.0,1001-5000 ms,2246
2026-05-14,ISSUED_DOCUMENT_DETAILS,ANDROID,6.5.0,1001-5000 ms,74
2026-05-14,ISSUED_DOCUMENT_DETAILS,ANDROID,6.6.2,1001-5000 ms,1197
2026-05-14,ISSUED_DOCUMENT_DETAILS,ANDROID,6.5.1,1001-5000 ms,125
2026-05-14,ISSUED_DOCUMENT_DETAILS,ANDROID,6.7.0,1001-5000 ms,14440
2026-05-14,DOCUMENTS_LIST,ANDROID,6.6.0,1001-5000 ms,6608
2026-05-14,ISSUED_DOCUMENT_DETAILS,ANDROID,6.6.0,1001-5000 ms,824
2026-05-14,ISSUED_DOCUMENT_EVIDENCE,ANDROID,6.6.1,1001-5000 ms,21
2026-05-14,DOCUMENTS_LIST,ANDROID,6.7.0,1001-5000 ms,109311
2026-05-14,ISSUED_DOCUMENT_EVIDENCE,ANDROID,6.7.0,1001-5000 ms,17053
2026-05-14,DOCUMENTS_LIST,ANDROID,6.6.2,1001-5000 ms,10249
2026-05-14,ISSUED_DOCUMENT_DETAILS,ANDROID,6.6.1,1001-5000 ms,28
2026-05-14,DOCUMENTS_LIST,ANDROID,6.5.1,1001-5000 ms,1069
2026-05-14,DOWNLOAD_DOCUMENT,ANDROID,6.7.0,101-500 ms,6
2026-05-14,ISSUED_DOCUMENT_DETAILS,ANDROID,6.6.1,101-500 ms,6
2026-05-14,SHARE_DOCUMENT,ANDROID,6.7.0,101-500 ms,3
2026-05-14,DOCUMENT_SELECTION_UPLOADED_LIST,ANDROID,6.7.0,101-500 ms,3
2026-05-14,DOCUMENTS_LIST,ANDROID,6.7.0,101-500 ms,63
2026-05-14,DOWNLOAD_SELF_SIGN_DOCUMENT,ANDROID,6.7.0,101-500 ms,47
2026-05-14,NON_ACTIONABLE_NOTIFICATION_DETAILS,ANDROID,6.7.0,101-500 ms,66958
2026-05-14,ISSUED_DOCUMENT_DETAILS,ANDROID,6.6.0,101-500 ms,66
2026-05-14,ISSUED_DOCUMENT_EVIDENCE,ANDROID,6.6.0,101-500 ms,1
2026-05-14,DOCUMENT_SELECTION_ISSUED_LIST,ANDROID,6.7.0,101-500 ms,2
2026-05-14,DOCUMENTS_LIST,ANDROID,6.6.0,101-500 ms,1
2026-05-14,ISSUED_DOCUMENT_DETAILS,ANDROID,6.5.1,101-500 ms,5
2026-05-14,ISSUERS_LIST,ANDROID,6.7.0,101-500 ms,33
2026-05-14,DOCUMENTS_LIST,ANDROID,6.6.2,101-500 ms,1
2026-05-14,NOTIFICATIONS_LIST,ANDROID,6.7.0,101-500 ms,76513
2026-05-14,ISSUED_DOCUMENT_DETAILS,ANDROID,6.6.2,101-500 ms,95
2026-05-14,ACTIONABLE_NOTIFICATION_DETAILS,ANDROID,6.7.0,101-500 ms,61
2026-05-14,ISSUED_DOCUMENT_EVIDENCE,ANDROID,6.6.2,101-500 ms,6
2026-05-14,ISSUED_DOCUMENT_EVIDENCE,ANDROID,6.7.0,101-500 ms,169
2026-05-14,ISSUED_DOCUMENT_DETAILS,ANDROID,6.5.0,101-500 ms,3
2026-05-14,QR_VERIFICATION,ANDROID,6.7.0,101-500 ms,554
2026-05-14,UPLOADED_DOCUMENT_EVIDENCE,ANDROID,6.7.0,101-500 ms,247
2026-05-14,ISSUED_DOCUMENT_DETAILS,ANDROID,6.7.0,101-500 ms,4208
2026-05-14,DOCUMENTS_LIST,ANDROID,6.6.0,5001-10000 ms,663
2026-05-14,ISSUED_DOCUMENT_EVIDENCE,ANDROID,6.6.0,5001-10000 ms,325
2026-05-14,NOTIFICATIONS_LIST,ANDROID,6.7.0,5001-10000 ms,1343
2026-05-14,ISSUED_DOCUMENT_DETAILS,ANDROID,6.6.2,5001-10000 ms,132
2026-05-14,UPLOADED_DOCUMENT_EVIDENCE,ANDROID,6.7.0,5001-10000 ms,48
2026-05-14,ISSUED_DOCUMENT_DETAILS,ANDROID,6.5.0,5001-10000 ms,6
2026-05-14,DOCUMENT_SELECTION_UPLOADED_LIST,ANDROID,6.7.0,5001-10000 ms,1
2026-05-14,NON_ACTIONABLE_NOTIFICATION_DETAILS,ANDROID,6.7.0,5001-10000 ms,318
2026-05-14,ISSUERS_LIST,ANDROID,6.7.0,5001-10000 ms,1931
2026-05-14,ISSUED_DOCUMENT_EVIDENCE,ANDROID,6.6.1,5001-10000 ms,16
2026-05-14,ISSUED_DOCUMENT_DETAILS,ANDROID,6.5.1,5001-10000 ms,13
2026-05-14,DOCUMENTS_LIST,ANDROID,6.5.1,5001-10000 ms,88
2026-05-14,ISSUED_DOCUMENT_EVIDENCE,ANDROID,6.5.0,5001-10000 ms,23
2026-05-14,ISSUED_DOCUMENT_DETAILS,ANDROID,6.6.1,5001-10000 ms,4
2026-05-14,DOWNLOAD_DOCUMENT,ANDROID,6.7.0,5001-10000 ms,48
2026-05-14,DOWNLOAD_SELF_SIGN_DOCUMENT,ANDROID,6.7.0,5001-10000 ms,7
2026-05-14,DOCUMENTS_LIST,ANDROID,6.6.2,5001-10000 ms,1176
2026-05-14,ISSUED_DOCUMENT_EVIDENCE,ANDROID,6.7.0,5001-10000 ms,7252
2026-05-14,ISSUED_DOCUMENT_EVIDENCE,ANDROID,6.6.2,5001-10000 ms,556
2026-05-14,QR_VERIFICATION,ANDROID,6.7.0,5001-10000 ms,176
2026-05-14,ISSUED_DOCUMENT_DETAILS,ANDROID,6.7.0,5001-10000 ms,1605
2026-05-14,ACTIONABLE_NOTIFICATION_DETAILS,ANDROID,6.7.0,5001-10000 ms,11784
2026-05-14,SHARE_DOCUMENT,ANDROID,6.7.0,5001-10000 ms,32
2026-05-14,ISSUED_DOCUMENT_DETAILS,ANDROID,6.6.0,5001-10000 ms,87
2026-05-14,DOCUMENTS_LIST,ANDROID,6.7.0,5001-10000 ms,4317
2026-05-14,ISSUED_DOCUMENT_EVIDENCE,ANDROID,6.5.1,5001-10000 ms,55
2026-05-14,DOCUMENTS_LIST,ANDROID,6.6.1,5001-10000 ms,18
2026-05-14,DOCUMENTS_LIST,ANDROID,6.5.0,5001-10000 ms,65
2026-05-14,QR_VERIFICATION,ANDROID,6.7.0,501-1000 ms,3366
2026-05-14,NOTIFICATIONS_LIST,ANDROID,6.7.0,501-1000 ms,12564
2026-05-14,ISSUED_DOCUMENT_DETAILS,ANDROID,6.5.0,501-1000 ms,60
2026-05-14,ISSUED_DOCUMENT_DETAILS,ANDROID,6.6.2,501-1000 ms,989
2026-05-14,ISSUED_DOCUMENT_EVIDENCE,ANDROID,6.6.1,501-1000 ms,1
2026-05-14,ISSUED_DOCUMENT_EVIDENCE,ANDROID,6.6.0,501-1000 ms,17
2026-05-14,ISSUED_DOCUMENT_EVIDENCE,ANDROID,6.5.1,501-1000 ms,3
2026-05-14,DOWNLOAD_DOCUMENT,ANDROID,6.7.0,501-1000 ms,43
2026-05-14,ISSUED_DOCUMENT_DETAILS,ANDROID,6.6.0,501-1000 ms,657
2026-05-14,DOCUMENTS_LIST,ANDROID,6.7.0,501-1000 ms,9
2026-05-14,DOWNLOAD_SELF_SIGN_DOCUMENT,ANDROID,6.7.0,501-1000 ms,68
2026-05-14,ISSUED_DOCUMENT_DETAILS,ANDROID,6.5.1,501-1000 ms,115
2026-05-14,UPLOADED_DOCUMENT_EVIDENCE,ANDROID,6.7.0,501-1000 ms,365
2026-05-14,ISSUED_DOCUMENT_EVIDENCE,ANDROID,6.7.0,501-1000 ms,805
2026-05-14,NON_ACTIONABLE_NOTIFICATION_DETAILS,ANDROID,6.7.0,501-1000 ms,10973
2026-05-14,ISSUED_DOCUMENT_EVIDENCE,ANDROID,6.5.0,501-1000 ms,2
2026-05-14,DOCUMENT_SELECTION_ISSUED_LIST,ANDROID,6.7.0,501-1000 ms,17
2026-05-14,ACTIONABLE_NOTIFICATION_DETAILS,ANDROID,6.7.0,501-1000 ms,23
2026-05-14,ISSUED_DOCUMENT_EVIDENCE,ANDROID,6.6.2,501-1000 ms,30
2026-05-14,ISSUED_DOCUMENT_DETAILS,ANDROID,6.7.0,501-1000 ms,19829
2026-05-14,ISSUERS_LIST,ANDROID,6.7.0,501-1000 ms,4
2026-05-14,ISSUED_DOCUMENT_DETAILS,ANDROID,6.6.1,501-1000 ms,27
2026-05-14,SHARE_DOCUMENT,ANDROID,6.7.0,501-1000 ms,22
2026-05-14,NOTIFICATIONS_LIST,ANDROID,6.7.0,51-100 ms,2635
2026-05-14,ACTIONABLE_NOTIFICATION_DETAILS,ANDROID,6.7.0,51-100 ms,5
2026-05-14,NON_ACTIONABLE_NOTIFICATION_DETAILS,ANDROID,6.7.0,51-100 ms,53
2026-05-14,ACTIONABLE_NOTIFICATION_DETAILS,ANDROID,6.7.0,< 0 ms,105
2026-05-14,ISSUED_DOCUMENT_DETAILS,ANDROID,6.7.0,< 0 ms,1
2026-05-14,DOCUMENTS_LIST,ANDROID,6.7.0,< 0 ms,106
2026-05-14,ISSUERS_LIST,ANDROID,6.7.0,< 0 ms,17
2026-05-14,ISSUED_DOCUMENT_EVIDENCE,ANDROID,6.6.0,< 0 ms,1
2026-05-14,ISSUED_DOCUMENT_EVIDENCE,ANDROID,6.7.0,< 0 ms,3
2026-05-14,DOCUMENTS_LIST,ANDROID,6.6.0,< 0 ms,6
2026-05-14,SHARE_DOCUMENT,ANDROID,6.7.0,< 0 ms,1
2026-05-14,DOCUMENTS_LIST,ANDROID,6.6.2,< 0 ms,12
2026-05-14,DOCUMENTS_LIST,ANDROID,6.5.1,< 0 ms,1
2026-05-14,ACTIONABLE_NOTIFICATION_DETAILS,ANDROID,NA,= 0 ms,3
2026-05-14,DOCUMENT_SELECTION_ISSUED_LIST,ANDROID,6.7.0,= 0 ms,1
2026-05-14,ISSUERS_LIST,ANDROID,NA,= 0 ms,3
2026-05-14,DOCUMENTS_LIST,ANDROID,6.5.0,= 0 ms,30
2026-05-14,SHARE_DOCUMENT,ANDROID,6.7.0,= 0 ms,9
2026-05-14,ISSUED_DOCUMENT_EVIDENCE,ANDROID,6.5.0,= 0 ms,35
2026-05-14,DOCUMENTS_LIST,ANDROID,6.6.2,= 0 ms,769
2026-05-14,ISSUED_DOCUMENT_DETAILS,ANDROID,6.5.0,= 0 ms,40
2026-05-14,ISSUED_DOCUMENT_EVIDENCE,ANDROID,6.5.1,= 0 ms,78
2026-05-14,ISSUED_DOCUMENT_DETAILS,ANDROID,6.7.0,= 0 ms,294
2026-05-14,ISSUED_DOCUMENT_EVIDENCE,ANDROID,6.6.2,= 0 ms,656
2026-05-14,DOCUMENTS_LIST,ANDROID,6.6.0,= 0 ms,497
2026-05-14,NON_ACTIONABLE_NOTIFICATION_DETAILS,ANDROID,6.7.0,= 0 ms,488
2026-05-14,DOWNLOAD_SELF_SIGN_DOCUMENT,ANDROID,6.7.0,= 0 ms,1
2026-05-14,QR_VERIFICATION,ANDROID,6.7.0,= 0 ms,45
2026-05-14,UPLOADED_DOCUMENT_EVIDENCE,ANDROID,6.7.0,= 0 ms,10
2026-05-14,DOCUMENTS_LIST,ANDROID,6.6.1,= 0 ms,14
2026-05-14,ISSUED_DOCUMENT_DETAILS,ANDROID,6.6.2,= 0 ms,723
2026-05-14,NON_ACTIONABLE_NOTIFICATION_DETAILS,ANDROID,NA,= 0 ms,1
2026-05-14,DOWNLOAD_DOCUMENT,ANDROID,6.7.0,= 0 ms,11
2026-05-14,NOTIFICATIONS_LIST,ANDROID,NA,= 0 ms,9
2026-05-14,ISSUERS_LIST,ANDROID,6.7.0,= 0 ms,3195
2026-05-14,ACTIONABLE_NOTIFICATION_DETAILS,ANDROID,6.7.0,= 0 ms,3991
2026-05-14,ISSUED_DOCUMENT_DETAILS,ANDROID,6.6.1,= 0 ms,23
2026-05-14,ISSUED_DOCUMENT_DETAILS,ANDROID,6.5.1,= 0 ms,79
2026-05-14,ISSUED_DOCUMENT_EVIDENCE,ANDROID,6.6.0,= 0 ms,402
2026-05-14,DOCUMENTS_LIST,ANDROID,6.5.1,= 0 ms,80
2026-05-14,ISSUED_DOCUMENT_EVIDENCE,ANDROID,NA,= 0 ms,2
2026-05-14,ISSUED_DOCUMENT_DETAILS,ANDROID,NA,= 0 ms,2
2026-05-14,DOCUMENTS_LIST,ANDROID,NA,= 0 ms,7
2026-05-14,DOCUMENTS_LIST,ANDROID,6.7.0,= 0 ms,8946
2026-05-14,NOTIFICATIONS_LIST,ANDROID,6.7.0,= 0 ms,4054
2026-05-14,ISSUED_DOCUMENT_DETAILS,ANDROID,6.6.0,= 0 ms,470
2026-05-14,ISSUED_DOCUMENT_EVIDENCE,ANDROID,6.6.1,= 0 ms,22
2026-05-14,ISSUED_DOCUMENT_EVIDENCE,ANDROID,6.7.0,= 0 ms,948
2026-05-15,ACTIONABLE_NOTIFICATION_DETAILS,ANDROID,6.7.0,1-50 ms,6
2026-05-15,NOTIFICATIONS_LIST,ANDROID,6.7.0,1-50 ms,6
2026-05-15,UPLOADED_DOCUMENT_EVIDENCE,ANDROID,6.7.0,10000+ ms,36
2026-05-15,ISSUED_DOCUMENT_DETAILS,ANDROID,6.6.2,10000+ ms,829
2026-05-15,DOCUMENTS_LIST,ANDROID,6.5.0,10000+ ms,36
2026-05-15,ISSUERS_LIST,ANDROID,6.7.0,10000+ ms,2655
2026-05-15,ISSUED_DOCUMENT_DETAILS,ANDROID,6.6.0,10000+ ms,619
2026-05-15,DOWNLOAD_SELF_SIGN_DOCUMENT,ANDROID,6.7.0,10000+ ms,20
2026-05-15,ISSUED_DOCUMENT_EVIDENCE,ANDROID,6.5.0,10000+ ms,58
2026-05-15,DOCUMENTS_LIST,ANDROID,6.7.0,10000+ ms,2142
2026-05-15,NOTIFICATIONS_LIST,ANDROID,6.7.0,10000+ ms,1636
2026-05-15,DOWNLOAD_DOCUMENT,ANDROID,6.7.0,10000+ ms,35
2026-05-15,DOCUMENTS_LIST,ANDROID,6.6.0,10000+ ms,331
2026-05-15,DOCUMENT_SELECTION_ISSUED_LIST,ANDROID,6.7.0,10000+ ms,14
2026-05-15,QR_VERIFICATION,ANDROID,6.7.0,10000+ ms,449
2026-05-15,ISSUED_DOCUMENT_DETAILS,ANDROID,6.7.0,10000+ ms,4346
2026-05-15,ISSUED_DOCUMENT_EVIDENCE,ANDROID,6.6.2,10000+ ms,839
2026-05-15,ISSUED_DOCUMENT_EVIDENCE,ANDROID,6.7.0,10000+ ms,6290
2026-05-15,SHARE_DOCUMENT,ANDROID,6.7.0,10000+ ms,49
2026-05-15,DOCUMENTS_LIST,ANDROID,6.6.1,10000+ ms,9
2026-05-15,ACTIONABLE_NOTIFICATION_DETAILS,ANDROID,6.7.0,10000+ ms,5351
2026-05-15,ISSUED_DOCUMENT_EVIDENCE,ANDROID,6.6.0,10000+ ms,622
2026-05-15,DOCUMENTS_LIST,ANDROID,6.6.2,10000+ ms,480
2026-05-15,ISSUED_DOCUMENT_DETAILS,ANDROID,6.5.0,10000+ ms,65
2026-05-15,ISSUED_DOCUMENT_EVIDENCE,ANDROID,6.5.1,10000+ ms,114
2026-05-15,DOCUMENT_SELECTION_UPLOADED_LIST,ANDROID,6.7.0,10000+ ms,6
2026-05-15,ISSUED_DOCUMENT_EVIDENCE,ANDROID,6.6.1,10000+ ms,18
2026-05-15,ISSUED_DOCUMENT_DETAILS,ANDROID,6.5.1,10000+ ms,107
2026-05-15,ISSUED_DOCUMENT_DETAILS,ANDROID,6.6.1,10000+ ms,19
2026-05-15,DOCUMENTS_LIST,ANDROID,6.5.1,10000+ ms,49
2026-05-15,NON_ACTIONABLE_NOTIFICATION_DETAILS,ANDROID,6.7.0,10000+ ms,294
2026-05-15,DOCUMENTS_LIST,ANDROID,6.5.0,1001-5000 ms,501
2026-05-15,SHARE_DOCUMENT,ANDROID,6.7.0,1001-5000 ms,231
2026-05-15,ISSUED_DOCUMENT_DETAILS,ANDROID,6.5.1,1001-5000 ms,138
2026-05-15,UPLOADED_DOCUMENT_EVIDENCE,ANDROID,6.7.0,1001-5000 ms,285
2026-05-15,ISSUERS_LIST,ANDROID,6.7.0,1001-5000 ms,45555
2026-05-15,QR_VERIFICATION,ANDROID,6.7.0,1001-5000 ms,1734
2026-05-15,DOWNLOAD_DOCUMENT,ANDROID,6.7.0,1001-5000 ms,378
2026-05-15,ISSUED_DOCUMENT_DETAILS,ANDROID,6.6.0,1001-5000 ms,715
2026-05-15,ISSUED_DOCUMENT_EVIDENCE,ANDROID,6.5.0,1001-5000 ms,60
2026-05-15,ISSUED_DOCUMENT_EVIDENCE,ANDROID,6.6.0,1001-5000 ms,625
2026-05-15,ISSUED_DOCUMENT_EVIDENCE,ANDROID,6.6.1,1001-5000 ms,18
2026-05-15,NON_ACTIONABLE_NOTIFICATION_DETAILS,ANDROID,6.7.0,1001-5000 ms,5553
2026-05-15,DOCUMENTS_LIST,ANDROID,6.5.1,1001-5000 ms,990
2026-05-15,DOWNLOAD_SELF_SIGN_DOCUMENT,ANDROID,6.7.0,1001-5000 ms,43
2026-05-15,ISSUED_DOCUMENT_DETAILS,ANDROID,6.5.0,1001-5000 ms,60
2026-05-15,DOCUMENT_SELECTION_ISSUED_LIST,ANDROID,6.7.0,1001-5000 ms,21
2026-05-15,ISSUED_DOCUMENT_EVIDENCE,ANDROID,6.6.2,1001-5000 ms,836
2026-05-15,DOCUMENTS_LIST,ANDROID,6.6.1,1001-5000 ms,213
2026-05-15,ISSUED_DOCUMENT_DETAILS,ANDROID,6.6.1,1001-5000 ms,29
2026-05-15,NOTIFICATIONS_LIST,ANDROID,6.7.0,1001-5000 ms,13090
2026-05-15,ISSUED_DOCUMENT_EVIDENCE,ANDROID,6.5.1,1001-5000 ms,99
2026-05-15,DOCUMENTS_LIST,ANDROID,6.7.0,1001-5000 ms,101616
2026-05-15,ISSUED_DOCUMENT_DETAILS,ANDROID,6.7.0,1001-5000 ms,12675
2026-05-15,ACTIONABLE_NOTIFICATION_DETAILS,ANDROID,6.7.0,1001-5000 ms,12539
2026-05-15,DOCUMENTS_LIST,ANDROID,6.6.2,1001-5000 ms,8575
2026-05-15,ISSUED_DOCUMENT_EVIDENCE,ANDROID,6.7.0,1001-5000 ms,16806
2026-05-15,ISSUED_DOCUMENT_DETAILS,ANDROID,6.6.2,1001-5000 ms,966
2026-05-15,DOCUMENTS_LIST,ANDROID,6.6.0,1001-5000 ms,5809
2026-05-15,ISSUED_DOCUMENT_EVIDENCE,ANDROID,6.6.2,101-500 ms,4
2026-05-15,ISSUED_DOCUMENT_EVIDENCE,ANDROID,6.6.0,101-500 ms,3
2026-05-15,NOTIFICATIONS_LIST,ANDROID,6.7.0,101-500 ms,69563
2026-05-15,ISSUED_DOCUMENT_DETAILS,ANDROID,6.7.0,101-500 ms,4369
2026-05-15,DOWNLOAD_SELF_SIGN_DOCUMENT,ANDROID,6.7.0,101-500 ms,57
2026-05-15,DOCUMENTS_LIST,ANDROID,6.7.0,101-500 ms,59
2026-05-15,ISSUED_DOCUMENT_DETAILS,ANDROID,6.6.2,101-500 ms,84
2026-05-15,ACTIONABLE_NOTIFICATION_DETAILS,ANDROID,6.7.0,101-500 ms,49
2026-05-15,UPLOADED_DOCUMENT_EVIDENCE,ANDROID,6.7.0,101-500 ms,252
2026-05-15,SHARE_DOCUMENT,ANDROID,6.7.0,101-500 ms,1
2026-05-15,ISSUERS_LIST,ANDROID,6.7.0,101-500 ms,42
2026-05-15,DOCUMENT_SELECTION_ISSUED_LIST,ANDROID,6.7.0,101-500 ms,4
2026-05-15,ISSUED_DOCUMENT_EVIDENCE,ANDROID,6.7.0,101-500 ms,166
2026-05-15,ISSUED_DOCUMENT_DETAILS,ANDROID,6.5.0,101-500 ms,5
2026-05-15,ISSUED_DOCUMENT_DETAILS,ANDROID,6.6.0,101-500 ms,77
2026-05-15,NON_ACTIONABLE_NOTIFICATION_DETAILS,ANDROID,6.7.0,101-500 ms,63943
2026-05-15,QR_VERIFICATION,ANDROID,6.7.0,101-500 ms,639
2026-05-15,ISSUED_DOCUMENT_DETAILS,ANDROID,6.6.1,101-500 ms,2
2026-05-15,DOCUMENT_SELECTION_UPLOADED_LIST,ANDROID,6.7.0,101-500 ms,2
2026-05-15,ISSUED_DOCUMENT_DETAILS,ANDROID,6.5.1,101-500 ms,9
2026-05-15,DOWNLOAD_DOCUMENT,ANDROID,6.7.0,101-500 ms,5
2026-05-15,DOCUMENTS_LIST,ANDROID,6.7.0,5001-10000 ms,3810
2026-05-15,NOTIFICATIONS_LIST,ANDROID,6.7.0,5001-10000 ms,1270
2026-05-15,ISSUED_DOCUMENT_DETAILS,ANDROID,6.6.2,5001-10000 ms,128
2026-05-15,ISSUED_DOCUMENT_DETAILS,ANDROID,6.7.0,5001-10000 ms,1434
2026-05-15,ISSUED_DOCUMENT_EVIDENCE,ANDROID,6.5.1,5001-10000 ms,47
2026-05-15,ISSUED_DOCUMENT_EVIDENCE,ANDROID,6.7.0,5001-10000 ms,6686
2026-05-15,DOCUMENTS_LIST,ANDROID,6.6.1,5001-10000 ms,25
2026-05-15,QR_VERIFICATION,ANDROID,6.7.0,5001-10000 ms,131
2026-05-15,UPLOADED_DOCUMENT_EVIDENCE,ANDROID,6.7.0,5001-10000 ms,44
2026-05-15,DOCUMENT_SELECTION_ISSUED_LIST,ANDROID,6.7.0,5001-10000 ms,1
2026-05-15,DOCUMENTS_LIST,ANDROID,6.5.0,5001-10000 ms,39
2026-05-15,ISSUED_DOCUMENT_EVIDENCE,ANDROID,6.6.1,5001-10000 ms,15
2026-05-15,DOCUMENTS_LIST,ANDROID,6.5.1,5001-10000 ms,86
2026-05-15,SHARE_DOCUMENT,ANDROID,6.7.0,5001-10000 ms,22
2026-05-15,DOCUMENTS_LIST,ANDROID,6.6.2,5001-10000 ms,884
2026-05-15,ISSUED_DOCUMENT_EVIDENCE,ANDROID,6.6.2,5001-10000 ms,405
2026-05-15,ISSUED_DOCUMENT_DETAILS,ANDROID,6.6.0,5001-10000 ms,79
2026-05-15,ISSUED_DOCUMENT_EVIDENCE,ANDROID,6.6.0,5001-10000 ms,287
2026-05-15,ISSUED_DOCUMENT_DETAILS,ANDROID,6.5.1,5001-10000 ms,11
2026-05-15,DOWNLOAD_SELF_SIGN_DOCUMENT,ANDROID,6.7.0,5001-10000 ms,4
2026-05-15,DOWNLOAD_DOCUMENT,ANDROID,6.7.0,5001-10000 ms,25
2026-05-15,ISSUED_DOCUMENT_EVIDENCE,ANDROID,6.5.0,5001-10000 ms,30
2026-05-15,ISSUED_DOCUMENT_DETAILS,ANDROID,6.5.0,5001-10000 ms,3
2026-05-15,ISSUERS_LIST,ANDROID,6.7.0,5001-10000 ms,1681
2026-05-15,NON_ACTIONABLE_NOTIFICATION_DETAILS,ANDROID,6.7.0,5001-10000 ms,317
2026-05-15,DOCUMENTS_LIST,ANDROID,6.6.0,5001-10000 ms,543
2026-05-15,ACTIONABLE_NOTIFICATION_DETAILS,ANDROID,6.7.0,5001-10000 ms,11428
2026-05-15,ISSUED_DOCUMENT_DETAILS,ANDROID,6.6.1,5001-10000 ms,3
2026-05-15,ISSUED_DOCUMENT_DETAILS,ANDROID,6.5.0,501-1000 ms,54
2026-05-15,ACTIONABLE_NOTIFICATION_DETAILS,ANDROID,6.7.0,501-1000 ms,15
2026-05-15,DOCUMENT_SELECTION_ISSUED_LIST,ANDROID,6.7.0,501-1000 ms,13
2026-05-15,SHARE_DOCUMENT,ANDROID,6.7.0,501-1000 ms,28
2026-05-15,ISSUED_DOCUMENT_EVIDENCE,ANDROID,6.6.0,501-1000 ms,20
2026-05-15,ISSUED_DOCUMENT_DETAILS,ANDROID,6.5.1,501-1000 ms,93
2026-05-15,ISSUED_DOCUMENT_DETAILS,ANDROID,6.6.0,501-1000 ms,626
2026-05-15,ISSUED_DOCUMENT_DETAILS,ANDROID,6.6.1,501-1000 ms,25
2026-05-15,UPLOADED_DOCUMENT_EVIDENCE,ANDROID,6.7.0,501-1000 ms,294
2026-05-15,NOTIFICATIONS_LIST,ANDROID,6.7.0,501-1000 ms,10668
2026-05-15,ISSUED_DOCUMENT_DETAILS,ANDROID,6.6.2,501-1000 ms,835
2026-05-15,DOWNLOAD_DOCUMENT,ANDROID,6.7.0,501-1000 ms,41
2026-05-15,DOWNLOAD_SELF_SIGN_DOCUMENT,ANDROID,6.7.0,501-1000 ms,42
2026-05-15,ISSUERS_LIST,ANDROID,6.7.0,501-1000 ms,5
2026-05-15,ISSUED_DOCUMENT_EVIDENCE,ANDROID,6.5.0,501-1000 ms,3
2026-05-15,QR_VERIFICATION,ANDROID,6.7.0,501-1000 ms,3071
2026-05-15,ISSUED_DOCUMENT_DETAILS,ANDROID,6.7.0,501-1000 ms,19577
2026-05-15,ISSUED_DOCUMENT_EVIDENCE,ANDROID,6.6.1,501-1000 ms,2
2026-05-15,ISSUED_DOCUMENT_EVIDENCE,ANDROID,6.5.1,501-1000 ms,4
2026-05-15,ISSUED_DOCUMENT_EVIDENCE,ANDROID,6.7.0,501-1000 ms,1095
2026-05-15,NON_ACTIONABLE_NOTIFICATION_DETAILS,ANDROID,6.7.0,501-1000 ms,9643
2026-05-15,ISSUED_DOCUMENT_EVIDENCE,ANDROID,6.6.2,501-1000 ms,27
2026-05-15,DOCUMENTS_LIST,ANDROID,6.7.0,501-1000 ms,11
2026-05-15,ISSUED_DOCUMENT_EVIDENCE,ANDROID,6.6.0,51-100 ms,1
2026-05-15,ISSUED_DOCUMENT_EVIDENCE,ANDROID,6.7.0,51-100 ms,4
2026-05-15,NON_ACTIONABLE_NOTIFICATION_DETAILS,ANDROID,6.7.0,51-100 ms,99
2026-05-15,DOCUMENT_SELECTION_UPLOADED_LIST,ANDROID,6.7.0,51-100 ms,4
2026-05-15,ISSUED_DOCUMENT_DETAILS,ANDROID,6.7.0,51-100 ms,2
2026-05-15,NOTIFICATIONS_LIST,ANDROID,6.7.0,51-100 ms,2606
2026-05-15,ACTIONABLE_NOTIFICATION_DETAILS,ANDROID,6.7.0,51-100 ms,4
2026-05-15,DOCUMENTS_LIST,ANDROID,6.6.0,< 0 ms,8
2026-05-15,ISSUERS_LIST,ANDROID,6.7.0,< 0 ms,10
2026-05-15,DOCUMENTS_LIST,ANDROID,6.7.0,< 0 ms,104
2026-05-15,DOCUMENTS_LIST,ANDROID,6.5.1,< 0 ms,1
2026-05-15,DOCUMENTS_LIST,ANDROID,6.5.0,< 0 ms,3
2026-05-15,ACTIONABLE_NOTIFICATION_DETAILS,ANDROID,6.7.0,< 0 ms,81
2026-05-15,DOCUMENTS_LIST,ANDROID,6.6.2,< 0 ms,8
2026-05-15,NON_ACTIONABLE_NOTIFICATION_DETAILS,ANDROID,6.7.0,< 0 ms,1
2026-05-15,NON_ACTIONABLE_NOTIFICATION_DETAILS,ANDROID,6.7.0,= 0 ms,462
2026-05-15,NOTIFICATIONS_LIST,ANDROID,6.7.0,= 0 ms,3818
2026-05-15,ACTIONABLE_NOTIFICATION_DETAILS,ANDROID,NA,= 0 ms,1
2026-05-15,DOCUMENTS_LIST,ANDROID,6.6.0,= 0 ms,480
2026-05-15,ISSUED_DOCUMENT_EVIDENCE,ANDROID,6.6.1,= 0 ms,17
2026-05-15,DOCUMENTS_LIST,ANDROID,6.6.1,= 0 ms,19
2026-05-15,DOCUMENTS_LIST,ANDROID,6.5.1,= 0 ms,64
2026-05-15,NOTIFICATIONS_LIST,ANDROID,NA,= 0 ms,4
2026-05-15,ISSUED_DOCUMENT_EVIDENCE,ANDROID,6.6.0,= 0 ms,377
2026-05-15,ISSUED_DOCUMENT_DETAILS,ANDROID,6.7.0,= 0 ms,350
2026-05-15,DOCUMENTS_LIST,ANDROID,NA,= 0 ms,9
2026-05-15,QR_VERIFICATION,ANDROID,6.7.0,= 0 ms,62
2026-05-15,ISSUERS_LIST,ANDROID,6.7.0,= 0 ms,2895
2026-05-15,ISSUED_DOCUMENT_EVIDENCE,ANDROID,6.6.2,= 0 ms,518
2026-05-15,UPLOADED_DOCUMENT_EVIDENCE,ANDROID,6.7.0,= 0 ms,10
2026-05-15,DOCUMENTS_LIST,ANDROID,6.5.0,= 0 ms,25
2026-05-15,DOWNLOAD_DOCUMENT,ANDROID,6.7.0,= 0 ms,4
2026-05-15,ISSUED_DOCUMENT_DETAILS,ANDROID,NA,= 0 ms,2
2026-05-15,SHARE_DOCUMENT,ANDROID,6.7.0,= 0 ms,3
2026-05-15,ISSUED_DOCUMENT_EVIDENCE,ANDROID,6.5.1,= 0 ms,68
2026-05-15,ISSUED_DOCUMENT_EVIDENCE,ANDROID,6.7.0,= 0 ms,748
2026-05-15,DOCUMENTS_LIST,ANDROID,6.7.0,= 0 ms,8007
2026-05-15,DOCUMENTS_LIST,ANDROID,6.6.2,= 0 ms,626
2026-05-15,ISSUED_DOCUMENT_DETAILS,ANDROID,6.6.2,= 0 ms,583
2026-05-15,ACTIONABLE_NOTIFICATION_DETAILS,ANDROID,6.7.0,= 0 ms,3207
2026-05-15,ISSUED_DOCUMENT_EVIDENCE,ANDROID,6.5.0,= 0 ms,41
2026-05-15,ISSUED_DOCUMENT_DETAILS,ANDROID,6.6.1,= 0 ms,15
2026-05-15,NON_ACTIONABLE_NOTIFICATION_DETAILS,ANDROID,NA,= 0 ms,2
2026-05-15,ISSUED_DOCUMENT_DETAILS,ANDROID,6.5.0,= 0 ms,48
2026-05-15,ISSUED_DOCUMENT_DETAILS,ANDROID,6.5.1,= 0 ms,75
2026-05-15,ISSUED_DOCUMENT_DETAILS,ANDROID,6.6.0,= 0 ms,449
2026-05-16,NOTIFICATIONS_LIST,ANDROID,6.7.0,1-50 ms,8
2026-05-16,ACTIONABLE_NOTIFICATION_DETAILS,ANDROID,6.7.0,1-50 ms,12
2026-05-16,ISSUED_DOCUMENT_DETAILS,ANDROID,6.6.1,10000+ ms,25
2026-05-16,DOWNLOAD_SELF_SIGN_DOCUMENT,ANDROID,6.7.0,10000+ ms,21
2026-05-16,DOCUMENTS_LIST,ANDROID,6.6.2,10000+ ms,436
2026-05-16,ISSUED_DOCUMENT_EVIDENCE,ANDROID,6.6.2,10000+ ms,739
2026-05-16,NOTIFICATIONS_LIST,ANDROID,6.7.0,10000+ ms,1455
2026-05-16,ISSUED_DOCUMENT_EVIDENCE,ANDROID,6.7.0,10000+ ms,5719
2026-05-16,DOCUMENTS_LIST,ANDROID,6.6.1,10000+ ms,16
2026-05-16,ISSUED_DOCUMENT_DETAILS,ANDROID,6.5.0,10000+ ms,56
2026-05-16,NON_ACTIONABLE_NOTIFICATION_DETAILS,ANDROID,6.7.0,10000+ ms,248
2026-05-16,ISSUED_DOCUMENT_EVIDENCE,ANDROID,6.5.0,10000+ ms,50
2026-05-16,ISSUED_DOCUMENT_EVIDENCE,ANDROID,6.6.1,10000+ ms,24
2026-05-16,DOWNLOAD_DOCUMENT,ANDROID,6.7.0,10000+ ms,51
2026-05-16,ISSUED_DOCUMENT_DETAILS,ANDROID,6.7.0,10000+ ms,3748
2026-05-16,SHARE_DOCUMENT,ANDROID,6.7.0,10000+ ms,59
2026-05-16,ISSUED_DOCUMENT_DETAILS,ANDROID,6.5.1,10000+ ms,98
2026-05-16,UPLOADED_DOCUMENT_EVIDENCE,ANDROID,6.7.0,10000+ ms,37
2026-05-16,DOCUMENTS_LIST,ANDROID,6.7.0,10000+ ms,1852
2026-05-16,ACTIONABLE_NOTIFICATION_DETAILS,ANDROID,6.7.0,10000+ ms,5491
2026-05-16,DOCUMENTS_LIST,ANDROID,6.5.0,10000+ ms,20
2026-05-16,ISSUED_DOCUMENT_DETAILS,ANDROID,6.6.2,10000+ ms,710
2026-05-16,QR_VERIFICATION,ANDROID,6.7.0,10000+ ms,411
2026-05-16,ISSUERS_LIST,ANDROID,6.7.0,10000+ ms,2364
2026-05-16,DOCUMENT_SELECTION_ISSUED_LIST,ANDROID,6.7.0,10000+ ms,8
2026-05-16,ISSUED_DOCUMENT_EVIDENCE,ANDROID,6.5.1,10000+ ms,90
2026-05-16,DOCUMENTS_LIST,ANDROID,6.5.1,10000+ ms,41
2026-05-16,ISSUED_DOCUMENT_DETAILS,ANDROID,6.6.0,10000+ ms,575
2026-05-16,ISSUED_DOCUMENT_EVIDENCE,ANDROID,6.6.0,10000+ ms,594
2026-05-16,DOCUMENTS_LIST,ANDROID,6.6.0,10000+ ms,332
2026-05-16,UPLOADED_DOCUMENT_EVIDENCE,ANDROID,6.7.0,1001-5000 ms,263
2026-05-16,NOTIFICATIONS_LIST,ANDROID,6.7.0,1001-5000 ms,11339
2026-05-16,ISSUED_DOCUMENT_EVIDENCE,ANDROID,6.5.0,1001-5000 ms,53
2026-05-16,ISSUED_DOCUMENT_EVIDENCE,ANDROID,6.6.2,1001-5000 ms,656
2026-05-16,DOCUMENTS_LIST,ANDROID,6.6.0,1001-5000 ms,5281
2026-05-16,ISSUED_DOCUMENT_EVIDENCE,ANDROID,6.5.1,1001-5000 ms,106
2026-05-16,ACTIONABLE_NOTIFICATION_DETAILS,ANDROID,6.7.0,1001-5000 ms,12103
2026-05-16,DOCUMENT_SELECTION_ISSUED_LIST,ANDROID,6.7.0,1001-5000 ms,14
2026-05-16,ISSUED_DOCUMENT_EVIDENCE,ANDROID,6.7.0,1001-5000 ms,14894
2026-05-16,QR_VERIFICATION,ANDROID,6.7.0,1001-5000 ms,1553
2026-05-16,ISSUED_DOCUMENT_DETAILS,ANDROID,6.5.1,1001-5000 ms,85
2026-05-16,ISSUED_DOCUMENT_EVIDENCE,ANDROID,6.6.1,1001-5000 ms,18
2026-05-16,DOCUMENTS_LIST,ANDROID,6.6.1,1001-5000 ms,199
2026-05-16,DOCUMENTS_LIST,ANDROID,6.5.0,1001-5000 ms,411
2026-05-16,DOCUMENTS_LIST,ANDROID,6.6.2,1001-5000 ms,7139
2026-05-16,ISSUED_DOCUMENT_DETAILS,ANDROID,6.7.0,1001-5000 ms,11032
2026-05-16,ISSUED_DOCUMENT_DETAILS,ANDROID,6.6.1,1001-5000 ms,16
2026-05-16,DOWNLOAD_SELF_SIGN_DOCUMENT,ANDROID,6.7.0,1001-5000 ms,35
2026-05-16,ISSUED_DOCUMENT_DETAILS,ANDROID,6.6.0,1001-5000 ms,597
2026-05-16,DOWNLOAD_DOCUMENT,ANDROID,6.7.0,1001-5000 ms,370
2026-05-16,ISSUERS_LIST,ANDROID,6.7.0,1001-5000 ms,40213
2026-05-16,NON_ACTIONABLE_NOTIFICATION_DETAILS,ANDROID,6.7.0,1001-5000 ms,5242
2026-05-16,DOCUMENTS_LIST,ANDROID,6.7.0,1001-5000 ms,91118
2026-05-16,DOCUMENTS_LIST,ANDROID,6.5.1,1001-5000 ms,896
2026-05-16,ISSUED_DOCUMENT_DETAILS,ANDROID,6.6.2,1001-5000 ms,809
2026-05-16,DOCUMENT_SELECTION_UPLOADED_LIST,ANDROID,6.7.0,1001-5000 ms,2
2026-05-16,ISSUED_DOCUMENT_DETAILS,ANDROID,6.5.0,1001-5000 ms,45
2026-05-16,ISSUED_DOCUMENT_EVIDENCE,ANDROID,6.6.0,1001-5000 ms,508
2026-05-16,SHARE_DOCUMENT,ANDROID,6.7.0,1001-5000 ms,210
2026-05-16,DOCUMENT_SELECTION_ISSUED_LIST,ANDROID,6.7.0,101-500 ms,7
2026-05-16,NOTIFICATIONS_LIST,ANDROID,6.7.0,101-500 ms,61983
2026-05-16,DOCUMENTS_LIST,ANDROID,6.6.0,101-500 ms,1
2026-05-16,ISSUERS_LIST,ANDROID,6.7.0,101-500 ms,20
2026-05-16,NON_ACTIONABLE_NOTIFICATION_DETAILS,ANDROID,6.7.0,101-500 ms,57270
2026-05-16,UPLOADED_DOCUMENT_EVIDENCE,ANDROID,6.7.0,101-500 ms,207
2026-05-16,ISSUED_DOCUMENT_EVIDENCE,ANDROID,6.6.2,101-500 ms,2
2026-05-16,ISSUED_DOCUMENT_EVIDENCE,ANDROID,6.6.0,101-500 ms,3
2026-05-16,ISSUED_DOCUMENT_DETAILS,ANDROID,6.6.0,101-500 ms,71
2026-05-16,ISSUED_DOCUMENT_DETAILS,ANDROID,6.7.0,101-500 ms,3688
2026-05-16,ISSUED_DOCUMENT_DETAILS,ANDROID,6.5.1,101-500 ms,16
2026-05-16,DOWNLOAD_DOCUMENT,ANDROID,6.7.0,101-500 ms,3
2026-05-16,QR_VERIFICATION,ANDROID,6.7.0,101-500 ms,559
2026-05-16,SHARE_DOCUMENT,ANDROID,6.7.0,101-500 ms,2
2026-05-16,ISSUED_DOCUMENT_DETAILS,ANDROID,6.6.2,101-500 ms,68
2026-05-16,ISSUED_DOCUMENT_EVIDENCE,ANDROID,6.7.0,101-500 ms,132
2026-05-16,DOCUMENT_SELECTION_UPLOADED_LIST,ANDROID,6.7.0,101-500 ms,3
2026-05-16,ISSUED_DOCUMENT_DETAILS,ANDROID,6.6.1,101-500 ms,2
2026-05-16,ACTIONABLE_NOTIFICATION_DETAILS,ANDROID,6.7.0,101-500 ms,46
2026-05-16,DOWNLOAD_SELF_SIGN_DOCUMENT,ANDROID,6.7.0,101-500 ms,32
2026-05-16,DOCUMENTS_LIST,ANDROID,6.7.0,101-500 ms,38
2026-05-16,ISSUED_DOCUMENT_DETAILS,ANDROID,6.5.0,101-500 ms,7
2026-05-16,DOWNLOAD_SELF_SIGN_DOCUMENT,ANDROID,6.7.0,5001-10000 ms,7
2026-05-16,DOCUMENTS_LIST,ANDROID,6.5.1,5001-10000 ms,74
2026-05-16,ISSUED_DOCUMENT_EVIDENCE,ANDROID,6.5.1,5001-10000 ms,36
2026-05-16,QR_VERIFICATION,ANDROID,6.7.0,5001-10000 ms,161
2026-05-16,ISSUED_DOCUMENT_EVIDENCE,ANDROID,6.7.0,5001-10000 ms,5612
2026-05-16,ISSUED_DOCUMENT_EVIDENCE,ANDROID,6.6.0,5001-10000 ms,300
2026-05-16,ISSUED_DOCUMENT_DETAILS,ANDROID,6.6.1,5001-10000 ms,6
2026-05-16,DOCUMENTS_LIST,ANDROID,6.6.0,5001-10000 ms,482
2026-05-16,ISSUED_DOCUMENT_DETAILS,ANDROID,6.6.2,5001-10000 ms,89
2026-05-16,ISSUED_DOCUMENT_DETAILS,ANDROID,6.5.1,5001-10000 ms,10
2026-05-16,SHARE_DOCUMENT,ANDROID,6.7.0,5001-10000 ms,29
2026-05-16,DOWNLOAD_DOCUMENT,ANDROID,6.7.0,5001-10000 ms,32
2026-05-16,ISSUED_DOCUMENT_EVIDENCE,ANDROID,6.6.2,5001-10000 ms,334
2026-05-16,ACTIONABLE_NOTIFICATION_DETAILS,ANDROID,6.7.0,5001-10000 ms,10879
2026-05-16,DOCUMENTS_LIST,ANDROID,6.6.2,5001-10000 ms,717
2026-05-16,ISSUED_DOCUMENT_DETAILS,ANDROID,6.5.0,5001-10000 ms,3
2026-05-16,ISSUED_DOCUMENT_DETAILS,ANDROID,6.7.0,5001-10000 ms,1326
2026-05-16,ISSUERS_LIST,ANDROID,6.7.0,5001-10000 ms,1529
2026-05-16,DOCUMENTS_LIST,ANDROID,6.7.0,5001-10000 ms,3253
2026-05-16,NOTIFICATIONS_LIST,ANDROID,6.7.0,5001-10000 ms,1057
2026-05-16,UPLOADED_DOCUMENT_EVIDENCE,ANDROID,6.7.0,5001-10000 ms,37
2026-05-16,DOCUMENTS_LIST,ANDROID,6.5.0,5001-10000 ms,37
2026-05-16,ISSUED_DOCUMENT_EVIDENCE,ANDROID,6.6.1,5001-10000 ms,7
2026-05-16,NON_ACTIONABLE_NOTIFICATION_DETAILS,ANDROID,6.7.0,5001-10000 ms,278
2026-05-16,DOCUMENTS_LIST,ANDROID,6.6.1,5001-10000 ms,14
2026-05-16,ISSUED_DOCUMENT_DETAILS,ANDROID,6.6.0,5001-10000 ms,81
2026-05-16,ISSUED_DOCUMENT_EVIDENCE,ANDROID,6.5.0,5001-10000 ms,18
2026-05-16,ISSUED_DOCUMENT_DETAILS,ANDROID,6.6.2,501-1000 ms,655
2026-05-16,ISSUED_DOCUMENT_EVIDENCE,ANDROID,6.5.1,501-1000 ms,1
2026-05-16,DOWNLOAD_SELF_SIGN_DOCUMENT,ANDROID,6.7.0,501-1000 ms,32
2026-05-16,DOCUMENTS_LIST,ANDROID,6.7.0,501-1000 ms,10
2026-05-16,ISSUED_DOCUMENT_EVIDENCE,ANDROID,6.7.0,501-1000 ms,961
2026-05-16,QR_VERIFICATION,ANDROID,6.7.0,501-1000 ms,2706
2026-05-16,ISSUED_DOCUMENT_DETAILS,ANDROID,6.6.1,501-1000 ms,16
2026-05-16,UPLOADED_DOCUMENT_EVIDENCE,ANDROID,6.7.0,501-1000 ms,269
2026-05-16,NOTIFICATIONS_LIST,ANDROID,6.7.0,501-1000 ms,9937
2026-05-16,NON_ACTIONABLE_NOTIFICATION_DETAILS,ANDROID,6.7.0,501-1000 ms,9074
2026-05-16,ACTIONABLE_NOTIFICATION_DETAILS,ANDROID,6.7.0,501-1000 ms,16
2026-05-16,DOCUMENT_SELECTION_UPLOADED_LIST,ANDROID,6.7.0,501-1000 ms,2
2026-05-16,ISSUED_DOCUMENT_EVIDENCE,ANDROID,6.6.0,501-1000 ms,21
2026-05-16,ISSUED_DOCUMENT_DETAILS,ANDROID,6.7.0,501-1000 ms,17410
2026-05-16,ISSUED_DOCUMENT_EVIDENCE,ANDROID,6.6.2,501-1000 ms,24
2026-05-16,DOCUMENTS_LIST,ANDROID,6.6.2,501-1000 ms,1
2026-05-16,DOWNLOAD_DOCUMENT,ANDROID,6.7.0,501-1000 ms,53
2026-05-16,ISSUED_DOCUMENT_EVIDENCE,ANDROID,6.5.0,501-1000 ms,1
2026-05-16,ISSUED_DOCUMENT_DETAILS,ANDROID,6.5.0,501-1000 ms,43
2026-05-16,SHARE_DOCUMENT,ANDROID,6.7.0,501-1000 ms,27
2026-05-16,DOCUMENT_SELECTION_ISSUED_LIST,ANDROID,6.7.0,501-1000 ms,17
2026-05-16,ISSUERS_LIST,ANDROID,6.7.0,501-1000 ms,4
2026-05-16,ISSUED_DOCUMENT_DETAILS,ANDROID,6.6.0,501-1000 ms,563
2026-05-16,ISSUED_DOCUMENT_DETAILS,ANDROID,6.5.1,501-1000 ms,120
2026-05-16,DOCUMENTS_LIST,ANDROID,6.7.0,51-100 ms,1
2026-05-16,ACTIONABLE_NOTIFICATION_DETAILS,ANDROID,6.7.0,51-100 ms,4
2026-05-16,NOTIFICATIONS_LIST,ANDROID,6.7.0,51-100 ms,2495
2026-05-16,ISSUED_DOCUMENT_DETAILS,ANDROID,6.7.0,51-100 ms,2
2026-05-16,ISSUED_DOCUMENT_EVIDENCE,ANDROID,6.7.0,51-100 ms,2
2026-05-16,NON_ACTIONABLE_NOTIFICATION_DETAILS,ANDROID,6.7.0,51-100 ms,83
2026-05-16,NON_ACTIONABLE_NOTIFICATION_DETAILS,ANDROID,6.7.0,< 0 ms,1
2026-05-16,DOCUMENTS_LIST,ANDROID,6.7.0,< 0 ms,94
2026-05-16,QR_VERIFICATION,ANDROID,6.7.0,< 0 ms,1
2026-05-16,DOCUMENTS_LIST,ANDROID,6.5.0,< 0 ms,1
2026-05-16,DOCUMENTS_LIST,ANDROID,6.6.0,< 0 ms,8
2026-05-16,ACTIONABLE_NOTIFICATION_DETAILS,ANDROID,6.7.0,< 0 ms,63
2026-05-16,ISSUERS_LIST,ANDROID,6.7.0,< 0 ms,13
2026-05-16,DOCUMENTS_LIST,ANDROID,6.6.2,< 0 ms,7
2026-05-16,ISSUED_DOCUMENT_EVIDENCE,ANDROID,6.6.2,< 0 ms,1
2026-05-16,ACTIONABLE_NOTIFICATION_DETAILS,ANDROID,6.7.0,= 0 ms,2879
2026-05-16,ISSUED_DOCUMENT_DETAILS,ANDROID,6.7.0,= 0 ms,346
2026-05-16,ISSUED_DOCUMENT_DETAILS,ANDROID,6.6.0,= 0 ms,469
2026-05-16,ISSUED_DOCUMENT_EVIDENCE,ANDROID,6.6.0,= 0 ms,393
2026-05-16,DOCUMENTS_LIST,ANDROID,6.7.0,= 0 ms,7412
2026-05-16,DOCUMENTS_LIST,ANDROID,6.6.0,= 0 ms,411
2026-05-16,NON_ACTIONABLE_NOTIFICATION_DETAILS,ANDROID,6.7.0,= 0 ms,470
2026-05-16,DOCUMENTS_LIST,ANDROID,6.6.1,= 0 ms,26
2026-05-16,UPLOADED_DOCUMENT_EVIDENCE,ANDROID,6.7.0,= 0 ms,16
2026-05-16,ISSUED_DOCUMENT_DETAILS,ANDROID,6.6.1,= 0 ms,22
2026-05-16,ISSUERS_LIST,ANDROID,6.7.0,= 0 ms,2571
2026-05-16,SHARE_DOCUMENT,ANDROID,6.7.0,= 0 ms,3
2026-05-16,ISSUED_DOCUMENT_DETAILS,ANDROID,6.6.2,= 0 ms,520
2026-05-16,NOTIFICATIONS_LIST,ANDROID,6.7.0,= 0 ms,3298
2026-05-16,ISSUED_DOCUMENT_EVIDENCE,ANDROID,6.6.2,= 0 ms,445
2026-05-16,DOCUMENT_SELECTION_ISSUED_LIST,ANDROID,6.7.0,= 0 ms,1
2026-05-16,ISSUED_DOCUMENT_DETAILS,ANDROID,6.5.0,= 0 ms,32
2026-05-16,DOCUMENTS_LIST,ANDROID,6.5.1,= 0 ms,60
2026-05-16,DOCUMENTS_LIST,ANDROID,6.6.2,= 0 ms,541
2026-05-16,ISSUED_DOCUMENT_EVIDENCE,ANDROID,6.5.1,= 0 ms,54
2026-05-16,ISSUED_DOCUMENT_DETAILS,ANDROID,6.5.1,= 0 ms,65
2026-05-16,ISSUED_DOCUMENT_EVIDENCE,ANDROID,6.6.1,= 0 ms,13
2026-05-16,QR_VERIFICATION,ANDROID,6.7.0,= 0 ms,61
2026-05-16,DOWNLOAD_DOCUMENT,ANDROID,6.7.0,= 0 ms,7
2026-05-16,NOTIFICATIONS_LIST,ANDROID,NA,= 0 ms,1
2026-05-16,DOCUMENTS_LIST,ANDROID,6.5.0,= 0 ms,23
2026-05-16,ISSUED_DOCUMENT_EVIDENCE,ANDROID,6.5.0,= 0 ms,28
2026-05-16,ISSUED_DOCUMENT_EVIDENCE,ANDROID,6.7.0,= 0 ms,711
2026-05-17,ACTIONABLE_NOTIFICATION_DETAILS,ANDROID,6.7.0,1-50 ms,4
2026-05-17,NOTIFICATIONS_LIST,ANDROID,6.7.0,1-50 ms,5
2026-05-17,DOCUMENT_SELECTION_UPLOADED_LIST,ANDROID,6.7.0,10000+ ms,2
2026-05-17,UPLOADED_DOCUMENT_EVIDENCE,ANDROID,6.7.0,10000+ ms,27
2026-05-17,ISSUED_DOCUMENT_EVIDENCE,ANDROID,6.5.0,10000+ ms,52
2026-05-17,ISSUED_DOCUMENT_EVIDENCE,ANDROID,6.6.1,10000+ ms,15
2026-05-17,ISSUED_DOCUMENT_DETAILS,ANDROID,6.7.0,10000+ ms,3503
2026-05-17,ISSUED_DOCUMENT_EVIDENCE,ANDROID,6.6.2,10000+ ms,599
2026-05-17,DOCUMENT_SELECTION_ISSUED_LIST,ANDROID,6.7.0,10000+ ms,6
2026-05-17,DOCUMENTS_LIST,ANDROID,6.7.0,10000+ ms,1705
2026-05-17,DOCUMENTS_LIST,ANDROID,6.5.1,10000+ ms,58
2026-05-17,ISSUED_DOCUMENT_DETAILS,ANDROID,6.6.1,10000+ ms,19
2026-05-17,DOCUMENTS_LIST,ANDROID,6.6.0,10000+ ms,276
2026-05-17,ISSUERS_LIST,ANDROID,6.7.0,10000+ ms,2292
2026-05-17,ISSUED_DOCUMENT_EVIDENCE,ANDROID,6.7.0,10000+ ms,5328
2026-05-17,ISSUED_DOCUMENT_DETAILS,ANDROID,6.6.0,10000+ ms,477
2026-05-17,ISSUED_DOCUMENT_DETAILS,ANDROID,6.5.0,10000+ ms,57
2026-05-17,DOCUMENTS_LIST,ANDROID,6.5.0,10000+ ms,28
2026-05-17,NON_ACTIONABLE_NOTIFICATION_DETAILS,ANDROID,6.7.0,10000+ ms,259
2026-05-17,ACTIONABLE_NOTIFICATION_DETAILS,ANDROID,6.7.0,10000+ ms,4669
2026-05-17,NOTIFICATIONS_LIST,ANDROID,6.7.0,10000+ ms,1429
2026-05-17,ISSUED_DOCUMENT_DETAILS,ANDROID,6.5.1,10000+ ms,77
2026-05-17,QR_VERIFICATION,ANDROID,6.7.0,10000+ ms,357
2026-05-17,SHARE_DOCUMENT,ANDROID,6.7.0,10000+ ms,47
2026-05-17,DOWNLOAD_DOCUMENT,ANDROID,6.7.0,10000+ ms,46
2026-05-17,DOCUMENTS_LIST,ANDROID,6.6.1,10000+ ms,11
2026-05-17,ISSUED_DOCUMENT_DETAILS,ANDROID,6.6.2,10000+ ms,619
2026-05-17,ISSUED_DOCUMENT_EVIDENCE,ANDROID,6.6.0,10000+ ms,474
2026-05-17,DOCUMENTS_LIST,ANDROID,6.6.2,10000+ ms,393
2026-05-17,DOWNLOAD_SELF_SIGN_DOCUMENT,ANDROID,6.7.0,10000+ ms,18
2026-05-17,ISSUED_DOCUMENT_EVIDENCE,ANDROID,6.5.1,10000+ ms,73
2026-05-17,ISSUED_DOCUMENT_EVIDENCE,ANDROID,6.6.0,1001-5000 ms,464
2026-05-17,DOCUMENTS_LIST,ANDROID,6.6.2,1001-5000 ms,6202
2026-05-17,ISSUED_DOCUMENT_DETAILS,ANDROID,6.6.2,1001-5000 ms,646
2026-05-17,DOCUMENTS_LIST,ANDROID,6.5.0,1001-5000 ms,385
2026-05-17,DOCUMENTS_LIST,ANDROID,6.5.1,1001-5000 ms,804
2026-05-17,DOCUMENT_SELECTION_ISSUED_LIST,ANDROID,6.7.0,1001-5000 ms,9
2026-05-17,ISSUED_DOCUMENT_EVIDENCE,ANDROID,6.5.0,1001-5000 ms,47
2026-05-17,ISSUED_DOCUMENT_EVIDENCE,ANDROID,6.6.1,1001-5000 ms,14
2026-05-17,SHARE_DOCUMENT,ANDROID,6.7.0,1001-5000 ms,145
2026-05-17,DOWNLOAD_SELF_SIGN_DOCUMENT,ANDROID,6.7.0,1001-5000 ms,27
2026-05-17,ISSUERS_LIST,ANDROID,6.7.0,1001-5000 ms,37730
2026-05-17,NOTIFICATIONS_LIST,ANDROID,6.7.0,1001-5000 ms,11058
2026-05-17,QR_VERIFICATION,ANDROID,6.7.0,1001-5000 ms,1410
2026-05-17,ISSUED_DOCUMENT_EVIDENCE,ANDROID,6.6.2,1001-5000 ms,599
2026-05-17,ISSUED_DOCUMENT_DETAILS,ANDROID,6.5.1,1001-5000 ms,99
2026-05-17,UPLOADED_DOCUMENT_EVIDENCE,ANDROID,6.7.0,1001-5000 ms,239
2026-05-17,DOCUMENTS_LIST,ANDROID,6.6.1,1001-5000 ms,182
2026-05-17,ISSUED_DOCUMENT_DETAILS,ANDROID,6.6.1,1001-5000 ms,16
2026-05-17,DOCUMENTS_LIST,ANDROID,6.6.0,1001-5000 ms,4700
2026-05-17,ISSUED_DOCUMENT_DETAILS,ANDROID,6.7.0,1001-5000 ms,10212
2026-05-17,NON_ACTIONABLE_NOTIFICATION_DETAILS,ANDROID,6.7.0,1001-5000 ms,5431
2026-05-17,ISSUED_DOCUMENT_DETAILS,ANDROID,6.6.0,1001-5000 ms,525
2026-05-17,DOCUMENTS_LIST,ANDROID,6.7.0,1001-5000 ms,84548
2026-05-17,ACTIONABLE_NOTIFICATION_DETAILS,ANDROID,6.7.0,1001-5000 ms,11798
2026-05-17,ISSUED_DOCUMENT_EVIDENCE,ANDROID,6.7.0,1001-5000 ms,12967
2026-05-17,DOWNLOAD_DOCUMENT,ANDROID,6.7.0,1001-5000 ms,306
2026-05-17,ISSUED_DOCUMENT_DETAILS,ANDROID,6.5.0,1001-5000 ms,46
2026-05-17,ISSUED_DOCUMENT_EVIDENCE,ANDROID,6.5.1,1001-5000 ms,83
2026-05-17,DOCUMENT_SELECTION_ISSUED_LIST,ANDROID,6.7.0,101-500 ms,5
2026-05-17,NOTIFICATIONS_LIST,ANDROID,6.7.0,101-500 ms,57992
2026-05-17,UPLOADED_DOCUMENT_EVIDENCE,ANDROID,6.7.0,101-500 ms,172
2026-05-17,ISSUED_DOCUMENT_DETAILS,ANDROID,6.7.0,101-500 ms,3846
2026-05-17,NON_ACTIONABLE_NOTIFICATION_DETAILS,ANDROID,6.7.0,101-500 ms,53995
2026-05-17,ACTIONABLE_NOTIFICATION_DETAILS,ANDROID,6.7.0,101-500 ms,49
2026-05-17,ISSUED_DOCUMENT_EVIDENCE,ANDROID,6.6.2,101-500 ms,7
2026-05-17,ISSUED_DOCUMENT_EVIDENCE,ANDROID,6.6.0,101-500 ms,3
2026-05-17,SHARE_DOCUMENT,ANDROID,6.7.0,101-500 ms,5
2026-05-17,DOCUMENT_SELECTION_UPLOADED_LIST,ANDROID,6.7.0,101-500 ms,5
2026-05-17,QR_VERIFICATION,ANDROID,6.7.0,101-500 ms,536
2026-05-17,DOWNLOAD_DOCUMENT,ANDROID,6.7.0,101-500 ms,7
2026-05-17,ISSUED_DOCUMENT_DETAILS,ANDROID,6.6.0,101-500 ms,50
2026-05-17,ISSUED_DOCUMENT_DETAILS,ANDROID,6.5.1,101-500 ms,7
2026-05-17,DOWNLOAD_SELF_SIGN_DOCUMENT,ANDROID,6.7.0,101-500 ms,19
2026-05-17,ISSUED_DOCUMENT_DETAILS,ANDROID,6.6.2,101-500 ms,51
2026-05-17,DOCUMENTS_LIST,ANDROID,6.7.0,101-500 ms,48
2026-05-17,ISSUED_DOCUMENT_DETAILS,ANDROID,6.6.1,101-500 ms,1
2026-05-17,ISSUED_DOCUMENT_EVIDENCE,ANDROID,6.7.0,101-500 ms,167
2026-05-17,ISSUERS_LIST,ANDROID,6.7.0,101-500 ms,16
2026-05-17,ISSUED_DOCUMENT_DETAILS,ANDROID,6.5.0,101-500 ms,5
2026-05-17,ISSUED_DOCUMENT_EVIDENCE,ANDROID,6.5.1,101-500 ms,1
2026-05-17,ACTIONABLE_NOTIFICATION_DETAILS,ANDROID,6.7.0,5001-10000 ms,10038
2026-05-17,ISSUED_DOCUMENT_EVIDENCE,ANDROID,6.6.0,5001-10000 ms,237
2026-05-17,NON_ACTIONABLE_NOTIFICATION_DETAILS,ANDROID,6.7.0,5001-10000 ms,283
2026-05-17,ISSUED_DOCUMENT_DETAILS,ANDROID,6.6.0,5001-10000 ms,81
2026-05-17,DOCUMENT_SELECTION_ISSUED_LIST,ANDROID,6.7.0,5001-10000 ms,1
2026-05-17,ISSUERS_LIST,ANDROID,6.7.0,5001-10000 ms,1213
2026-05-17,QR_VERIFICATION,ANDROID,6.7.0,5001-10000 ms,116
2026-05-17,DOCUMENTS_LIST,ANDROID,6.6.1,5001-10000 ms,11
2026-05-17,ISSUED_DOCUMENT_EVIDENCE,ANDROID,6.5.1,5001-10000 ms,36
2026-05-17,ISSUED_DOCUMENT_EVIDENCE,ANDROID,6.7.0,5001-10000 ms,5505
2026-05-17,DOCUMENTS_LIST,ANDROID,6.6.0,5001-10000 ms,451
2026-05-17,SHARE_DOCUMENT,ANDROID,6.7.0,5001-10000 ms,14
2026-05-17,DOCUMENTS_LIST,ANDROID,6.6.2,5001-10000 ms,597
2026-05-17,ISSUED_DOCUMENT_EVIDENCE,ANDROID,6.5.0,5001-10000 ms,21
2026-05-17,DOWNLOAD_DOCUMENT,ANDROID,6.7.0,5001-10000 ms,20
2026-05-17,DOWNLOAD_SELF_SIGN_DOCUMENT,ANDROID,6.7.0,5001-10000 ms,4
2026-05-17,ISSUED_DOCUMENT_EVIDENCE,ANDROID,6.6.1,5001-10000 ms,10
2026-05-17,ISSUED_DOCUMENT_DETAILS,ANDROID,6.6.2,5001-10000 ms,96
2026-05-17,NOTIFICATIONS_LIST,ANDROID,6.7.0,5001-10000 ms,1036
2026-05-17,DOCUMENTS_LIST,ANDROID,6.5.0,5001-10000 ms,31
2026-05-17,ISSUED_DOCUMENT_DETAILS,ANDROID,6.5.1,5001-10000 ms,12
2026-05-17,ISSUED_DOCUMENT_DETAILS,ANDROID,6.7.0,5001-10000 ms,1254
2026-05-17,UPLOADED_DOCUMENT_EVIDENCE,ANDROID,6.7.0,5001-10000 ms,40
2026-05-17,DOCUMENTS_LIST,ANDROID,6.5.1,5001-10000 ms,65
2026-05-17,ISSUED_DOCUMENT_DETAILS,ANDROID,6.6.1,5001-10000 ms,2
2026-05-17,ISSUED_DOCUMENT_EVIDENCE,ANDROID,6.6.2,5001-10000 ms,326
2026-05-17,ISSUED_DOCUMENT_DETAILS,ANDROID,6.5.0,5001-10000 ms,2
2026-05-17,DOCUMENTS_LIST,ANDROID,6.7.0,5001-10000 ms,2944
2026-05-17,DOCUMENT_SELECTION_ISSUED_LIST,ANDROID,6.7.0,501-1000 ms,19
2026-05-17,ISSUED_DOCUMENT_EVIDENCE,ANDROID,6.6.1,501-1000 ms,1
2026-05-17,ISSUED_DOCUMENT_EVIDENCE,ANDROID,6.5.1,501-1000 ms,5
2026-05-17,ISSUED_DOCUMENT_EVIDENCE,ANDROID,6.6.0,501-1000 ms,36
2026-05-17,ACTIONABLE_NOTIFICATION_DETAILS,ANDROID,6.7.0,501-1000 ms,16
2026-05-17,ISSUED_DOCUMENT_DETAILS,ANDROID,6.6.1,501-1000 ms,15
2026-05-17,UPLOADED_DOCUMENT_EVIDENCE,ANDROID,6.7.0,501-1000 ms,205
2026-05-17,QR_VERIFICATION,ANDROID,6.7.0,501-1000 ms,2475
2026-05-17,DOWNLOAD_SELF_SIGN_DOCUMENT,ANDROID,6.7.0,501-1000 ms,20
2026-05-17,SHARE_DOCUMENT,ANDROID,6.7.0,501-1000 ms,26
2026-05-17,ISSUED_DOCUMENT_EVIDENCE,ANDROID,6.6.2,501-1000 ms,22
2026-05-17,DOCUMENTS_LIST,ANDROID,6.7.0,501-1000 ms,9
2026-05-17,ISSUED_DOCUMENT_DETAILS,ANDROID,6.5.1,501-1000 ms,82
2026-05-17,ISSUED_DOCUMENT_DETAILS,ANDROID,6.5.0,501-1000 ms,43
2026-05-17,ISSUERS_LIST,ANDROID,6.7.0,501-1000 ms,7
2026-05-17,ISSUED_DOCUMENT_DETAILS,ANDROID,6.7.0,501-1000 ms,15881
2026-05-17,NOTIFICATIONS_LIST,ANDROID,6.7.0,501-1000 ms,9115
2026-05-17,DOWNLOAD_DOCUMENT,ANDROID,6.7.0,501-1000 ms,33
2026-05-17,ISSUED_DOCUMENT_EVIDENCE,ANDROID,6.7.0,501-1000 ms,1108
2026-05-17,ISSUED_DOCUMENT_DETAILS,ANDROID,6.6.2,501-1000 ms,641
2026-05-17,NON_ACTIONABLE_NOTIFICATION_DETAILS,ANDROID,6.7.0,501-1000 ms,8529
2026-05-17,DOCUMENTS_LIST,ANDROID,6.6.2,501-1000 ms,1
2026-05-17,ISSUED_DOCUMENT_DETAILS,ANDROID,6.6.0,501-1000 ms,534
2026-05-17,ACTIONABLE_NOTIFICATION_DETAILS,ANDROID,6.7.0,51-100 ms,8
2026-05-17,ISSUED_DOCUMENT_EVIDENCE,ANDROID,6.7.0,51-100 ms,1
2026-05-17,NOTIFICATIONS_LIST,ANDROID,6.7.0,51-100 ms,2619
2026-05-17,DOCUMENT_SELECTION_UPLOADED_LIST,ANDROID,6.7.0,51-100 ms,1
2026-05-17,NON_ACTIONABLE_NOTIFICATION_DETAILS,ANDROID,6.7.0,51-100 ms,106
2026-05-17,ACTIONABLE_NOTIFICATION_DETAILS,ANDROID,6.7.0,< 0 ms,63
2026-05-17,DOCUMENTS_LIST,ANDROID,6.7.0,< 0 ms,89
2026-05-17,DOCUMENTS_LIST,ANDROID,6.6.2,< 0 ms,6
2026-05-17,ISSUERS_LIST,ANDROID,6.7.0,< 0 ms,6
2026-05-17,DOCUMENTS_LIST,ANDROID,6.5.1,< 0 ms,1
2026-05-17,DOCUMENTS_LIST,ANDROID,6.6.0,< 0 ms,6
2026-05-17,ISSUED_DOCUMENT_EVIDENCE,ANDROID,6.6.2,< 0 ms,1
2026-05-17,DOCUMENTS_LIST,ANDROID,6.6.0,= 0 ms,355
2026-05-17,ISSUED_DOCUMENT_DETAILS,ANDROID,6.7.0,= 0 ms,338
2026-05-17,SHARE_DOCUMENT,ANDROID,6.7.0,= 0 ms,4
2026-05-17,DOCUMENTS_LIST,ANDROID,6.6.1,= 0 ms,13
2026-05-17,ISSUERS_LIST,ANDROID,6.7.0,= 0 ms,2234
2026-05-17,ISSUED_DOCUMENT_EVIDENCE,ANDROID,6.5.0,= 0 ms,16
2026-05-17,ISSUED_DOCUMENT_DETAILS,ANDROID,6.6.2,= 0 ms,420
2026-05-17,DOCUMENTS_LIST,ANDROID,NA,= 0 ms,1
2026-05-17,DOCUMENTS_LIST,ANDROID,6.5.1,= 0 ms,67
2026-05-17,NON_ACTIONABLE_NOTIFICATION_DETAILS,ANDROID,6.7.0,= 0 ms,414
2026-05-17,ISSUED_DOCUMENT_EVIDENCE,ANDROID,6.6.0,= 0 ms,316
2026-05-17,ISSUED_DOCUMENT_EVIDENCE,ANDROID,6.6.1,= 0 ms,8
2026-05-17,ISSUED_DOCUMENT_DETAILS,ANDROID,6.5.0,= 0 ms,21
2026-05-17,DOCUMENTS_LIST,ANDROID,6.6.2,= 0 ms,452
2026-05-17,ISSUED_DOCUMENT_DETAILS,ANDROID,6.6.1,= 0 ms,9
2026-05-17,UPLOADED_DOCUMENT_EVIDENCE,ANDROID,6.7.0,= 0 ms,12
2026-05-17,ISSUED_DOCUMENT_DETAILS,ANDROID,6.5.1,= 0 ms,61
2026-05-17,ISSUED_DOCUMENT_EVIDENCE,ANDROID,6.5.1,= 0 ms,53
2026-05-17,QR_VERIFICATION,ANDROID,6.7.0,= 0 ms,44
2026-05-17,DOCUMENTS_LIST,ANDROID,6.5.0,= 0 ms,22
2026-05-17,DOWNLOAD_SELF_SIGN_DOCUMENT,ANDROID,6.7.0,= 0 ms,1
2026-05-17,ACTIONABLE_NOTIFICATION_DETAILS,ANDROID,6.7.0,= 0 ms,2603
2026-05-17,DOCUMENTS_LIST,ANDROID,6.7.0,= 0 ms,6991
2026-05-17,ISSUED_DOCUMENT_EVIDENCE,ANDROID,6.7.0,= 0 ms,724
2026-05-17,DOWNLOAD_DOCUMENT,ANDROID,6.7.0,= 0 ms,3
2026-05-17,NOTIFICATIONS_LIST,ANDROID,6.7.0,= 0 ms,3359
2026-05-17,ISSUED_DOCUMENT_DETAILS,ANDROID,6.6.0,= 0 ms,366
2026-05-17,ISSUED_DOCUMENT_EVIDENCE,ANDROID,6.6.2,= 0 ms,380
2026-05-17,ISSUED_DOCUMENT_EVIDENCE,ANDROID,NA,= 0 ms,1
2026-05-18,ACTIONABLE_NOTIFICATION_DETAILS,ANDROID,6.7.0,1-50 ms,12
2026-05-18,NOTIFICATIONS_LIST,ANDROID,6.7.0,1-50 ms,10
2026-05-18,DOWNLOAD_DOCUMENT,ANDROID,6.7.0,10000+ ms,63
2026-05-18,DOCUMENTS_LIST,ANDROID,6.7.0,10000+ ms,2345
2026-05-18,DOCUMENTS_LIST,ANDROID,6.6.0,10000+ ms,347
2026-05-18,ISSUED_DOCUMENT_EVIDENCE,ANDROID,6.6.1,10000+ ms,27
2026-05-18,ISSUED_DOCUMENT_DETAILS,ANDROID,6.7.0,10000+ ms,4627
2026-05-18,ISSUED_DOCUMENT_DETAILS,ANDROID,6.6.2,10000+ ms,681
2026-05-18,ISSUED_DOCUMENT_EVIDENCE,ANDROID,6.6.0,10000+ ms,788
2026-05-18,ISSUED_DOCUMENT_EVIDENCE,ANDROID,6.5.0,10000+ ms,71
2026-05-18,DOCUMENT_SELECTION_UPLOADED_LIST,ANDROID,6.7.0,10000+ ms,2
2026-05-18,DOCUMENT_SELECTION_ISSUED_LIST,ANDROID,6.7.0,10000+ ms,17
2026-05-18,ISSUED_DOCUMENT_DETAILS,ANDROID,6.5.0,10000+ ms,58
2026-05-18,DOCUMENTS_LIST,ANDROID,6.6.2,10000+ ms,371
2026-05-18,UPLOADED_DOCUMENT_EVIDENCE,ANDROID,6.7.0,10000+ ms,42
2026-05-18,ISSUED_DOCUMENT_EVIDENCE,ANDROID,6.7.0,10000+ ms,9666
2026-05-18,NOTIFICATIONS_LIST,ANDROID,6.7.0,10000+ ms,1825
2026-05-18,DOWNLOAD_SELF_SIGN_DOCUMENT,ANDROID,6.7.0,10000+ ms,30
2026-05-18,ISSUED_DOCUMENT_EVIDENCE,ANDROID,6.5.1,10000+ ms,130
2026-05-18,DOCUMENTS_LIST,ANDROID,6.5.1,10000+ ms,63
2026-05-18,ISSUED_DOCUMENT_DETAILS,ANDROID,6.5.1,10000+ ms,111
2026-05-18,ISSUERS_LIST,ANDROID,6.7.0,10000+ ms,2878
2026-05-18,NON_ACTIONABLE_NOTIFICATION_DETAILS,ANDROID,6.7.0,10000+ ms,311
2026-05-18,SHARE_DOCUMENT,ANDROID,6.7.0,10000+ ms,77
2026-05-18,ISSUED_DOCUMENT_DETAILS,ANDROID,6.6.1,10000+ ms,22
2026-05-18,ISSUED_DOCUMENT_DETAILS,ANDROID,6.6.0,10000+ ms,628
2026-05-18,ISSUED_DOCUMENT_EVIDENCE,ANDROID,6.6.2,10000+ ms,772
2026-05-18,DOCUMENTS_LIST,ANDROID,6.5.0,10000+ ms,29
2026-05-18,ACTIONABLE_NOTIFICATION_DETAILS,ANDROID,6.7.0,10000+ ms,6244
2026-05-18,QR_VERIFICATION,ANDROID,6.7.0,10000+ ms,522
2026-05-18,DOCUMENTS_LIST,ANDROID,6.6.1,10000+ ms,11
2026-05-18,ISSUERS_LIST,ANDROID,6.7.0,1001-5000 ms,53167
2026-05-18,UPLOADED_DOCUMENT_EVIDENCE,ANDROID,6.7.0,1001-5000 ms,365
2026-05-18,ISSUED_DOCUMENT_EVIDENCE,ANDROID,6.6.0,1001-5000 ms,569
2026-05-18,SHARE_DOCUMENT,ANDROID,6.7.0,1001-5000 ms,325
2026-05-18,ACTIONABLE_NOTIFICATION_DETAILS,ANDROID,6.7.0,1001-5000 ms,13107
2026-05-18,ISSUED_DOCUMENT_EVIDENCE,ANDROID,6.6.2,1001-5000 ms,622
2026-05-18,ISSUED_DOCUMENT_DETAILS,ANDROID,6.7.0,1001-5000 ms,16631
2026-05-18,DOCUMENTS_LIST,ANDROID,6.5.0,1001-5000 ms,528
2026-05-18,NON_ACTIONABLE_NOTIFICATION_DETAILS,ANDROID,6.7.0,1001-5000 ms,6978
2026-05-18,ISSUED_DOCUMENT_EVIDENCE,ANDROID,6.6.1,1001-5000 ms,19
2026-05-18,QR_VERIFICATION,ANDROID,6.7.0,1001-5000 ms,2449
2026-05-18,ISSUED_DOCUMENT_DETAILS,ANDROID,6.6.0,1001-5000 ms,770
2026-05-18,DOCUMENTS_LIST,ANDROID,6.5.1,1001-5000 ms,1078
2026-05-18,ISSUED_DOCUMENT_DETAILS,ANDROID,6.6.1,1001-5000 ms,29
2026-05-18,ISSUED_DOCUMENT_DETAILS,ANDROID,6.5.1,1001-5000 ms,150
2026-05-18,DOWNLOAD_DOCUMENT,ANDROID,6.7.0,1001-5000 ms,493
2026-05-18,DOCUMENTS_LIST,ANDROID,6.6.2,1001-5000 ms,6923
2026-05-18,DOCUMENTS_LIST,ANDROID,6.6.0,1001-5000 ms,6147
2026-05-18,DOCUMENTS_LIST,ANDROID,6.6.1,1001-5000 ms,223
2026-05-18,ISSUED_DOCUMENT_DETAILS,ANDROID,6.5.0,1001-5000 ms,63
2026-05-18,ISSUED_DOCUMENT_EVIDENCE,ANDROID,6.5.1,1001-5000 ms,94
2026-05-18,NOTIFICATIONS_LIST,ANDROID,6.7.0,1001-5000 ms,16005
2026-05-18,ISSUED_DOCUMENT_EVIDENCE,ANDROID,6.7.0,1001-5000 ms,17003
2026-05-18,DOCUMENTS_LIST,ANDROID,6.7.0,1001-5000 ms,122452
2026-05-18,DOWNLOAD_SELF_SIGN_DOCUMENT,ANDROID,6.7.0,1001-5000 ms,35
2026-05-18,DOCUMENT_SELECTION_ISSUED_LIST,ANDROID,6.7.0,1001-5000 ms,18
2026-05-18,ISSUED_DOCUMENT_EVIDENCE,ANDROID,6.5.0,1001-5000 ms,51
2026-05-18,ISSUED_DOCUMENT_DETAILS,ANDROID,6.6.2,1001-5000 ms,870
2026-05-18,ISSUED_DOCUMENT_DETAILS,ANDROID,6.5.1,101-500 ms,12
2026-05-18,QR_VERIFICATION,ANDROID,6.7.0,101-500 ms,542
2026-05-18,ISSUED_DOCUMENT_EVIDENCE,ANDROID,6.5.0,101-500 ms,4
2026-05-18,ISSUED_DOCUMENT_DETAILS,ANDROID,6.6.2,101-500 ms,60
2026-05-18,SHARE_DOCUMENT,ANDROID,6.7.0,101-500 ms,7
2026-05-18,DOCUMENT_SELECTION_ISSUED_LIST,ANDROID,6.7.0,101-500 ms,2
2026-05-18,ISSUED_DOCUMENT_EVIDENCE,ANDROID,6.6.0,101-500 ms,6
2026-05-18,DOCUMENTS_LIST,ANDROID,6.7.0,101-500 ms,66
2026-05-18,ACTIONABLE_NOTIFICATION_DETAILS,ANDROID,6.7.0,101-500 ms,37
2026-05-18,ISSUED_DOCUMENT_EVIDENCE,ANDROID,6.7.0,101-500 ms,374
2026-05-18,UPLOADED_DOCUMENT_EVIDENCE,ANDROID,6.7.0,101-500 ms,288
2026-05-18,ISSUED_DOCUMENT_DETAILS,ANDROID,6.5.0,101-500 ms,8
2026-05-18,DOWNLOAD_DOCUMENT,ANDROID,6.7.0,101-500 ms,6
2026-05-18,ISSUED_DOCUMENT_DETAILS,ANDROID,6.6.0,101-500 ms,52
2026-05-18,NON_ACTIONABLE_NOTIFICATION_DETAILS,ANDROID,6.7.0,101-500 ms,74073
2026-05-18,ISSUED_DOCUMENT_EVIDENCE,ANDROID,6.6.2,101-500 ms,15
2026-05-18,ISSUED_DOCUMENT_DETAILS,ANDROID,6.6.1,101-500 ms,2
2026-05-18,DOCUMENT_SELECTION_UPLOADED_LIST,ANDROID,6.7.0,101-500 ms,3
2026-05-18,ISSUED_DOCUMENT_EVIDENCE,ANDROID,6.5.1,101-500 ms,3
2026-05-18,ISSUERS_LIST,ANDROID,6.7.0,101-500 ms,30
2026-05-18,DOWNLOAD_SELF_SIGN_DOCUMENT,ANDROID,6.7.0,101-500 ms,52
2026-05-18,ISSUED_DOCUMENT_DETAILS,ANDROID,6.7.0,101-500 ms,4064
2026-05-18,NOTIFICATIONS_LIST,ANDROID,6.7.0,101-500 ms,84655
2026-05-18,ISSUED_DOCUMENT_EVIDENCE,ANDROID,6.6.2,5001-10000 ms,375
2026-05-18,ISSUERS_LIST,ANDROID,6.7.0,5001-10000 ms,2617
2026-05-18,DOCUMENTS_LIST,ANDROID,6.6.2,5001-10000 ms,800
2026-05-18,ISSUED_DOCUMENT_EVIDENCE,ANDROID,6.6.0,5001-10000 ms,339
2026-05-18,ISSUED_DOCUMENT_DETAILS,ANDROID,6.6.2,5001-10000 ms,99
2026-05-18,DOWNLOAD_DOCUMENT,ANDROID,6.7.0,5001-10000 ms,45
2026-05-18,ACTIONABLE_NOTIFICATION_DETAILS,ANDROID,6.7.0,5001-10000 ms,10806
2026-05-18,DOCUMENTS_LIST,ANDROID,6.6.1,5001-10000 ms,28
2026-05-18,ISSUED_DOCUMENT_DETAILS,ANDROID,6.5.0,5001-10000 ms,5
2026-05-18,DOCUMENTS_LIST,ANDROID,6.5.1,5001-10000 ms,107
2026-05-18,QR_VERIFICATION,ANDROID,6.7.0,5001-10000 ms,192
2026-05-18,ISSUED_DOCUMENT_EVIDENCE,ANDROID,6.7.0,5001-10000 ms,8164
2026-05-18,ISSUED_DOCUMENT_DETAILS,ANDROID,6.5.1,5001-10000 ms,9
2026-05-18,UPLOADED_DOCUMENT_EVIDENCE,ANDROID,6.7.0,5001-10000 ms,36
2026-05-18,ISSUED_DOCUMENT_DETAILS,ANDROID,6.6.1,5001-10000 ms,2
2026-05-18,ISSUED_DOCUMENT_EVIDENCE,ANDROID,6.5.1,5001-10000 ms,53
2026-05-18,ISSUED_DOCUMENT_EVIDENCE,ANDROID,6.5.0,5001-10000 ms,31
2026-05-18,DOCUMENT_SELECTION_ISSUED_LIST,ANDROID,6.7.0,5001-10000 ms,3
2026-05-18,ISSUED_DOCUMENT_EVIDENCE,ANDROID,6.6.1,5001-10000 ms,17
2026-05-18,DOCUMENTS_LIST,ANDROID,6.5.0,5001-10000 ms,53
2026-05-18,ISSUED_DOCUMENT_DETAILS,ANDROID,6.7.0,5001-10000 ms,1763
2026-05-18,DOCUMENTS_LIST,ANDROID,6.6.0,5001-10000 ms,583
2026-05-18,NON_ACTIONABLE_NOTIFICATION_DETAILS,ANDROID,6.7.0,5001-10000 ms,384
2026-05-18,DOWNLOAD_SELF_SIGN_DOCUMENT,ANDROID,6.7.0,5001-10000 ms,4
2026-05-18,ISSUED_DOCUMENT_DETAILS,ANDROID,6.6.0,5001-10000 ms,93
2026-05-18,SHARE_DOCUMENT,ANDROID,6.7.0,5001-10000 ms,32
2026-05-18,DOCUMENTS_LIST,ANDROID,6.7.0,5001-10000 ms,4770
2026-05-18,NOTIFICATIONS_LIST,ANDROID,6.7.0,5001-10000 ms,1377
2026-05-18,ISSUED_DOCUMENT_EVIDENCE,ANDROID,6.6.2,501-1000 ms,39
2026-05-18,ACTIONABLE_NOTIFICATION_DETAILS,ANDROID,6.7.0,501-1000 ms,20
2026-05-18,ISSUERS_LIST,ANDROID,6.7.0,501-1000 ms,5
2026-05-18,UPLOADED_DOCUMENT_EVIDENCE,ANDROID,6.7.0,501-1000 ms,375
2026-05-18,DOWNLOAD_SELF_SIGN_DOCUMENT,ANDROID,6.7.0,501-1000 ms,61
2026-05-18,ISSUED_DOCUMENT_DETAILS,ANDROID,6.6.2,501-1000 ms,687
2026-05-18,DOCUMENT_SELECTION_ISSUED_LIST,ANDROID,6.7.0,501-1000 ms,14
2026-05-18,DOCUMENTS_LIST,ANDROID,6.7.0,501-1000 ms,11
2026-05-18,ISSUED_DOCUMENT_EVIDENCE,ANDROID,6.5.1,501-1000 ms,4
2026-05-18,ISSUED_DOCUMENT_DETAILS,ANDROID,6.6.0,501-1000 ms,590
2026-05-18,DOCUMENTS_LIST,ANDROID,6.6.0,501-1000 ms,1
2026-05-18,ISSUED_DOCUMENT_DETAILS,ANDROID,6.6.1,501-1000 ms,23
2026-05-18,NOTIFICATIONS_LIST,ANDROID,6.7.0,501-1000 ms,14813
2026-05-18,ISSUED_DOCUMENT_EVIDENCE,ANDROID,6.7.0,501-1000 ms,1259
2026-05-18,DOWNLOAD_DOCUMENT,ANDROID,6.7.0,501-1000 ms,52
2026-05-18,QR_VERIFICATION,ANDROID,6.7.0,501-1000 ms,3395
2026-05-18,NON_ACTIONABLE_NOTIFICATION_DETAILS,ANDROID,6.7.0,501-1000 ms,13076
2026-05-18,ISSUED_DOCUMENT_DETAILS,ANDROID,6.7.0,501-1000 ms,21117
2026-05-18,ISSUED_DOCUMENT_DETAILS,ANDROID,6.5.1,501-1000 ms,112
2026-05-18,ISSUED_DOCUMENT_EVIDENCE,ANDROID,6.6.0,501-1000 ms,32
2026-05-18,SHARE_DOCUMENT,ANDROID,6.7.0,501-1000 ms,38
2026-05-18,ISSUED_DOCUMENT_DETAILS,ANDROID,6.5.0,501-1000 ms,60
2026-05-18,ISSUED_DOCUMENT_EVIDENCE,ANDROID,6.6.1,501-1000 ms,1
2026-05-18,ISSUED_DOCUMENT_EVIDENCE,ANDROID,6.5.0,501-1000 ms,2
2026-05-18,ISSUERS_LIST,ANDROID,6.7.0,51-100 ms,2
2026-05-18,ISSUED_DOCUMENT_DETAILS,ANDROID,6.7.0,51-100 ms,1
2026-05-18,ACTIONABLE_NOTIFICATION_DETAILS,ANDROID,6.7.0,51-100 ms,9
2026-05-18,NOTIFICATIONS_LIST,ANDROID,6.7.0,51-100 ms,2907
2026-05-18,ISSUED_DOCUMENT_EVIDENCE,ANDROID,6.7.0,51-100 ms,1
2026-05-18,QR_VERIFICATION,ANDROID,6.7.0,51-100 ms,1
2026-05-18,NON_ACTIONABLE_NOTIFICATION_DETAILS,ANDROID,6.7.0,51-100 ms,91
2026-05-18,DOCUMENTS_LIST,ANDROID,6.7.0,51-100 ms,2
2026-05-18,NOTIFICATIONS_LIST,ANDROID,6.7.0,< 0 ms,1
2026-05-18,DOCUMENTS_LIST,ANDROID,6.6.2,< 0 ms,8
2026-05-18,ISSUED_DOCUMENT_EVIDENCE,ANDROID,6.6.0,< 0 ms,1
2026-05-18,DOCUMENTS_LIST,ANDROID,6.6.1,< 0 ms,2
2026-05-18,ACTIONABLE_NOTIFICATION_DETAILS,ANDROID,6.7.0,< 0 ms,102
2026-05-18,NON_ACTIONABLE_NOTIFICATION_DETAILS,ANDROID,6.7.0,< 0 ms,4
2026-05-18,DOCUMENTS_LIST,ANDROID,6.6.0,< 0 ms,1
2026-05-18,DOCUMENTS_LIST,ANDROID,6.7.0,< 0 ms,130
2026-05-18,ISSUERS_LIST,ANDROID,6.7.0,< 0 ms,8
2026-05-18,UPLOADED_DOCUMENT_EVIDENCE,ANDROID,6.7.0,= 0 ms,13
2026-05-18,DOCUMENTS_LIST,ANDROID,6.6.1,= 0 ms,13
2026-05-18,DOCUMENTS_LIST,ANDROID,6.5.1,= 0 ms,75
2026-05-18,ISSUED_DOCUMENT_EVIDENCE,ANDROID,6.7.0,= 0 ms,1471
2026-05-18,DOCUMENTS_LIST,ANDROID,6.6.2,= 0 ms,529
2026-05-18,NOTIFICATIONS_LIST,ANDROID,6.7.0,= 0 ms,4405
2026-05-18,DOWNLOAD_DOCUMENT,ANDROID,6.7.0,= 0 ms,9
2026-05-18,DOWNLOAD_SELF_SIGN_DOCUMENT,ANDROID,6.7.0,= 0 ms,2
2026-05-18,DOCUMENTS_LIST,ANDROID,6.5.0,= 0 ms,54
2026-05-18,ISSUED_DOCUMENT_EVIDENCE,ANDROID,6.5.1,= 0 ms,65
2026-05-18,ISSUED_DOCUMENT_DETAILS,ANDROID,6.6.1,= 0 ms,23
2026-05-18,SHARE_DOCUMENT,ANDROID,6.7.0,= 0 ms,4
2026-05-18,ISSUED_DOCUMENT_EVIDENCE,ANDROID,6.6.1,= 0 ms,23
2026-05-18,ISSUED_DOCUMENT_EVIDENCE,ANDROID,6.5.0,= 0 ms,44
2026-05-18,ISSUED_DOCUMENT_DETAILS,ANDROID,6.5.0,= 0 ms,35
2026-05-18,ISSUERS_LIST,ANDROID,6.7.0,= 0 ms,3489
2026-05-18,ISSUED_DOCUMENT_DETAILS,ANDROID,6.6.2,= 0 ms,428
2026-05-18,NON_ACTIONABLE_NOTIFICATION_DETAILS,ANDROID,6.7.0,= 0 ms,550
2026-05-18,ISSUED_DOCUMENT_DETAILS,ANDROID,6.7.0,= 0 ms,303
2026-05-18,ISSUED_DOCUMENT_DETAILS,ANDROID,6.6.0,= 0 ms,421
2026-05-18,QR_VERIFICATION,ANDROID,6.7.0,= 0 ms,43
2026-05-18,ACTIONABLE_NOTIFICATION_DETAILS,ANDROID,6.7.0,= 0 ms,4392
2026-05-18,ISSUED_DOCUMENT_EVIDENCE,ANDROID,6.6.0,= 0 ms,391
2026-05-18,DOCUMENTS_LIST,ANDROID,6.7.0,= 0 ms,9586
2026-05-18,DOCUMENTS_LIST,ANDROID,6.6.0,= 0 ms,487
2026-05-18,ISSUED_DOCUMENT_EVIDENCE,ANDROID,6.6.2,= 0 ms,375
2026-05-18,ISSUED_DOCUMENT_DETAILS,ANDROID,6.5.1,= 0 ms,53
2026-05-19,NOTIFICATIONS_LIST,ANDROID,6.7.0,1-50 ms,5
2026-05-19,ACTIONABLE_NOTIFICATION_DETAILS,ANDROID,6.7.0,1-50 ms,7
2026-05-19,QR_VERIFICATION,ANDROID,6.7.0,10000+ ms,554
2026-05-19,NOTIFICATIONS_LIST,ANDROID,6.7.0,10000+ ms,2008
2026-05-19,ISSUED_DOCUMENT_DETAILS,ANDROID,6.6.0,10000+ ms,643
2026-05-19,DOCUMENTS_LIST,ANDROID,6.7.0,10000+ ms,2571
2026-05-19,ISSUED_DOCUMENT_DETAILS,ANDROID,6.7.0,10000+ ms,4932
2026-05-19,ISSUED_DOCUMENT_DETAILS,ANDROID,6.5.0,10000+ ms,60
2026-05-19,ISSUED_DOCUMENT_EVIDENCE,ANDROID,6.5.1,10000+ ms,116
2026-05-19,SHARE_DOCUMENT,ANDROID,6.7.0,10000+ ms,72
2026-05-19,ISSUED_DOCUMENT_EVIDENCE,ANDROID,6.5.0,10000+ ms,61
2026-05-19,NON_ACTIONABLE_NOTIFICATION_DETAILS,ANDROID,6.7.0,10000+ ms,388
2026-05-19,DOCUMENTS_LIST,ANDROID,6.5.0,10000+ ms,28
2026-05-19,ISSUED_DOCUMENT_EVIDENCE,ANDROID,6.6.0,10000+ ms,654
2026-05-19,ACTIONABLE_NOTIFICATION_DETAILS,ANDROID,6.7.0,10000+ ms,5448
2026-05-19,ISSUED_DOCUMENT_DETAILS,ANDROID,6.6.2,10000+ ms,561
2026-05-19,DOCUMENTS_LIST,ANDROID,6.6.2,10000+ ms,377
2026-05-19,UPLOADED_DOCUMENT_EVIDENCE,ANDROID,6.7.0,10000+ ms,31
2026-05-19,ISSUED_DOCUMENT_EVIDENCE,ANDROID,6.6.1,10000+ ms,18
2026-05-19,DOCUMENTS_LIST,ANDROID,6.5.1,10000+ ms,55
2026-05-19,DOCUMENTS_LIST,ANDROID,6.6.0,10000+ ms,348
2026-05-19,ISSUED_DOCUMENT_DETAILS,ANDROID,6.6.1,10000+ ms,17
2026-05-19,DOCUMENT_SELECTION_UPLOADED_LIST,ANDROID,6.7.0,10000+ ms,1
2026-05-19,ISSUED_DOCUMENT_EVIDENCE,ANDROID,6.7.0,10000+ ms,8427
2026-05-19,DOCUMENTS_LIST,ANDROID,6.6.1,10000+ ms,11
2026-05-19,ISSUED_DOCUMENT_EVIDENCE,ANDROID,6.6.2,10000+ ms,643
2026-05-19,ISSUED_DOCUMENT_DETAILS,ANDROID,6.5.1,10000+ ms,100
2026-05-19,DOCUMENT_SELECTION_ISSUED_LIST,ANDROID,6.7.0,10000+ ms,15
2026-05-19,DOWNLOAD_DOCUMENT,ANDROID,6.7.0,10000+ ms,60
2026-05-19,DOWNLOAD_SELF_SIGN_DOCUMENT,ANDROID,6.7.0,10000+ ms,33
2026-05-19,ISSUERS_LIST,ANDROID,6.7.0,10000+ ms,3010
2026-05-19,DOWNLOAD_DOCUMENT,ANDROID,6.7.0,1001-5000 ms,475
2026-05-19,ISSUED_DOCUMENT_DETAILS,ANDROID,6.6.2,1001-5000 ms,770
2026-05-19,SHARE_DOCUMENT,ANDROID,6.7.0,1001-5000 ms,320
2026-05-19,ISSUED_DOCUMENT_DETAILS,ANDROID,6.6.0,1001-5000 ms,725
2026-05-19,ISSUED_DOCUMENT_EVIDENCE,ANDROID,6.6.0,1001-5000 ms,549
2026-05-19,UPLOADED_DOCUMENT_EVIDENCE,ANDROID,6.7.0,1001-5000 ms,397
2026-05-19,DOCUMENTS_LIST,ANDROID,6.6.0,1001-5000 ms,6101
2026-05-19,ISSUED_DOCUMENT_EVIDENCE,ANDROID,6.6.1,1001-5000 ms,26
2026-05-19,ISSUED_DOCUMENT_EVIDENCE,ANDROID,6.5.0,1001-5000 ms,57
2026-05-19,DOCUMENTS_LIST,ANDROID,6.6.1,1001-5000 ms,204
2026-05-19,ISSUED_DOCUMENT_DETAILS,ANDROID,6.6.1,1001-5000 ms,17
2026-05-19,DOCUMENT_SELECTION_ISSUED_LIST,ANDROID,6.7.0,1001-5000 ms,16
2026-05-19,DOCUMENTS_LIST,ANDROID,6.5.0,1001-5000 ms,497
2026-05-19,ISSUED_DOCUMENT_EVIDENCE,ANDROID,6.5.1,1001-5000 ms,99
2026-05-19,ACTIONABLE_NOTIFICATION_DETAILS,ANDROID,6.7.0,1001-5000 ms,13514
2026-05-19,ISSUED_DOCUMENT_DETAILS,ANDROID,6.7.0,1001-5000 ms,16189
2026-05-19,ISSUED_DOCUMENT_DETAILS,ANDROID,6.5.1,1001-5000 ms,146
2026-05-19,DOCUMENTS_LIST,ANDROID,6.6.2,1001-5000 ms,5856
2026-05-19,NOTIFICATIONS_LIST,ANDROID,6.7.0,1001-5000 ms,15833
2026-05-19,DOWNLOAD_SELF_SIGN_DOCUMENT,ANDROID,6.7.0,1001-5000 ms,33
2026-05-19,ISSUED_DOCUMENT_EVIDENCE,ANDROID,6.6.2,1001-5000 ms,539
2026-05-19,DOCUMENTS_LIST,ANDROID,6.7.0,1001-5000 ms,121707
2026-05-19,QR_VERIFICATION,ANDROID,6.7.0,1001-5000 ms,2512
2026-05-19,ISSUERS_LIST,ANDROID,6.7.0,1001-5000 ms,53657
2026-05-19,ISSUED_DOCUMENT_EVIDENCE,ANDROID,6.7.0,1001-5000 ms,17751
2026-05-19,DOCUMENTS_LIST,ANDROID,6.5.1,1001-5000 ms,1005
2026-05-19,ISSUED_DOCUMENT_DETAILS,ANDROID,6.5.0,1001-5000 ms,63
2026-05-19,NON_ACTIONABLE_NOTIFICATION_DETAILS,ANDROID,6.7.0,1001-5000 ms,6544
2026-05-19,ISSUED_DOCUMENT_DETAILS,ANDROID,6.6.2,101-500 ms,62
2026-05-19,ISSUED_DOCUMENT_DETAILS,ANDROID,6.7.0,101-500 ms,4236
2026-05-19,DOCUMENT_SELECTION_ISSUED_LIST,ANDROID,6.7.0,101-500 ms,5
2026-05-19,DOCUMENT_SELECTION_UPLOADED_LIST,ANDROID,6.7.0,101-500 ms,3
2026-05-19,ISSUED_DOCUMENT_EVIDENCE,ANDROID,6.6.2,101-500 ms,1
2026-05-19,QR_VERIFICATION,ANDROID,6.7.0,101-500 ms,556
2026-05-19,NON_ACTIONABLE_NOTIFICATION_DETAILS,ANDROID,6.7.0,101-500 ms,76287
2026-05-19,ISSUERS_LIST,ANDROID,6.7.0,101-500 ms,40
2026-05-19,ISSUED_DOCUMENT_EVIDENCE,ANDROID,6.6.0,101-500 ms,2
2026-05-19,DOWNLOAD_DOCUMENT,ANDROID,6.7.0,101-500 ms,8
2026-05-19,UPLOADED_DOCUMENT_EVIDENCE,ANDROID,6.7.0,101-500 ms,291
2026-05-19,DOCUMENTS_LIST,ANDROID,6.7.0,101-500 ms,89
2026-05-19,ISSUED_DOCUMENT_EVIDENCE,ANDROID,6.7.0,101-500 ms,217
2026-05-19,ACTIONABLE_NOTIFICATION_DETAILS,ANDROID,6.7.0,101-500 ms,41
2026-05-19,SHARE_DOCUMENT,ANDROID,6.7.0,101-500 ms,4
2026-05-19,ISSUED_DOCUMENT_DETAILS,ANDROID,6.5.0,101-500 ms,8
2026-05-19,ISSUED_DOCUMENT_DETAILS,ANDROID,6.6.1,101-500 ms,2
2026-05-19,NOTIFICATIONS_LIST,ANDROID,6.7.0,101-500 ms,86338
2026-05-19,DOWNLOAD_SELF_SIGN_DOCUMENT,ANDROID,6.7.0,101-500 ms,72
2026-05-19,ISSUED_DOCUMENT_DETAILS,ANDROID,6.6.0,101-500 ms,47
2026-05-19,ISSUED_DOCUMENT_DETAILS,ANDROID,6.5.1,101-500 ms,8
2026-05-19,ISSUED_DOCUMENT_EVIDENCE,ANDROID,6.6.0,5001-10000 ms,338
2026-05-19,ISSUED_DOCUMENT_DETAILS,ANDROID,6.5.0,5001-10000 ms,6
2026-05-19,ISSUED_DOCUMENT_DETAILS,ANDROID,6.6.0,5001-10000 ms,72
2026-05-19,ISSUED_DOCUMENT_EVIDENCE,ANDROID,6.6.2,5001-10000 ms,361
2026-05-19,DOCUMENTS_LIST,ANDROID,6.5.1,5001-10000 ms,92
2026-05-19,ACTIONABLE_NOTIFICATION_DETAILS,ANDROID,6.7.0,5001-10000 ms,11105
2026-05-19,DOCUMENTS_LIST,ANDROID,6.7.0,5001-10000 ms,4393
2026-05-19,ISSUED_DOCUMENT_DETAILS,ANDROID,6.6.2,5001-10000 ms,71
2026-05-19,ISSUED_DOCUMENT_DETAILS,ANDROID,6.5.1,5001-10000 ms,14
2026-05-19,ISSUERS_LIST,ANDROID,6.7.0,5001-10000 ms,2034
2026-05-19,UPLOADED_DOCUMENT_EVIDENCE,ANDROID,6.7.0,5001-10000 ms,40
2026-05-19,DOCUMENT_SELECTION_ISSUED_LIST,ANDROID,6.7.0,5001-10000 ms,2
2026-05-19,ISSUED_DOCUMENT_EVIDENCE,ANDROID,6.6.1,5001-10000 ms,8
2026-05-19,DOCUMENTS_LIST,ANDROID,6.6.1,5001-10000 ms,20
2026-05-19,DOCUMENTS_LIST,ANDROID,6.6.0,5001-10000 ms,525
2026-05-19,ISSUED_DOCUMENT_EVIDENCE,ANDROID,6.5.1,5001-10000 ms,53
2026-05-19,NON_ACTIONABLE_NOTIFICATION_DETAILS,ANDROID,6.7.0,5001-10000 ms,380
2026-05-19,ISSUED_DOCUMENT_DETAILS,ANDROID,6.7.0,5001-10000 ms,1643
2026-05-19,NOTIFICATIONS_LIST,ANDROID,6.7.0,5001-10000 ms,1573
2026-05-19,ISSUED_DOCUMENT_DETAILS,ANDROID,6.6.1,5001-10000 ms,3
2026-05-19,DOWNLOAD_DOCUMENT,ANDROID,6.7.0,5001-10000 ms,43
2026-05-19,ISSUED_DOCUMENT_EVIDENCE,ANDROID,6.5.0,5001-10000 ms,23
2026-05-19,SHARE_DOCUMENT,ANDROID,6.7.0,5001-10000 ms,41
2026-05-19,DOCUMENTS_LIST,ANDROID,6.5.0,5001-10000 ms,52
2026-05-19,DOCUMENTS_LIST,ANDROID,6.6.2,5001-10000 ms,577
2026-05-19,DOWNLOAD_SELF_SIGN_DOCUMENT,ANDROID,6.7.0,5001-10000 ms,9
2026-05-19,QR_VERIFICATION,ANDROID,6.7.0,5001-10000 ms,184
2026-05-19,ISSUED_DOCUMENT_EVIDENCE,ANDROID,6.7.0,5001-10000 ms,8561
2026-05-19,ISSUED_DOCUMENT_EVIDENCE,ANDROID,6.6.0,501-1000 ms,13
2026-05-19,ISSUERS_LIST,ANDROID,6.7.0,501-1000 ms,1
2026-05-19,ISSUED_DOCUMENT_DETAILS,ANDROID,6.5.1,501-1000 ms,101
2026-05-19,UPLOADED_DOCUMENT_EVIDENCE,ANDROID,6.7.0,501-1000 ms,431
2026-05-19,DOCUMENTS_LIST,ANDROID,6.7.0,501-1000 ms,7
2026-05-19,SHARE_DOCUMENT,ANDROID,6.7.0,501-1000 ms,28
2026-05-19,DOWNLOAD_SELF_SIGN_DOCUMENT,ANDROID,6.7.0,501-1000 ms,69
2026-05-19,ISSUED_DOCUMENT_EVIDENCE,ANDROID,6.6.2,501-1000 ms,22
2026-05-19,NON_ACTIONABLE_NOTIFICATION_DETAILS,ANDROID,6.7.0,501-1000 ms,11851
2026-05-19,ISSUED_DOCUMENT_DETAILS,ANDROID,6.6.0,501-1000 ms,577
2026-05-19,ISSUED_DOCUMENT_DETAILS,ANDROID,6.7.0,501-1000 ms,21405
2026-05-19,ISSUED_DOCUMENT_EVIDENCE,ANDROID,6.5.1,501-1000 ms,5
2026-05-19,NOTIFICATIONS_LIST,ANDROID,6.7.0,501-1000 ms,13617
2026-05-19,ACTIONABLE_NOTIFICATION_DETAILS,ANDROID,6.7.0,501-1000 ms,22
2026-05-19,DOWNLOAD_DOCUMENT,ANDROID,6.7.0,501-1000 ms,46
2026-05-19,ISSUED_DOCUMENT_DETAILS,ANDROID,6.5.0,501-1000 ms,52
2026-05-19,QR_VERIFICATION,ANDROID,6.7.0,501-1000 ms,3639
2026-05-19,ISSUED_DOCUMENT_DETAILS,ANDROID,6.6.1,501-1000 ms,20
2026-05-19,ISSUED_DOCUMENT_DETAILS,ANDROID,6.6.2,501-1000 ms,523
2026-05-19,ISSUED_DOCUMENT_EVIDENCE,ANDROID,6.5.0,501-1000 ms,2
2026-05-19,DOCUMENT_SELECTION_ISSUED_LIST,ANDROID,6.7.0,501-1000 ms,12
2026-05-19,ISSUED_DOCUMENT_EVIDENCE,ANDROID,6.7.0,501-1000 ms,1112
2026-05-19,NON_ACTIONABLE_NOTIFICATION_DETAILS,ANDROID,6.7.0,51-100 ms,104
2026-05-19,ACTIONABLE_NOTIFICATION_DETAILS,ANDROID,6.7.0,51-100 ms,11
2026-05-19,ISSUED_DOCUMENT_DETAILS,ANDROID,6.7.0,51-100 ms,2
2026-05-19,NOTIFICATIONS_LIST,ANDROID,6.7.0,51-100 ms,3065
2026-05-19,ISSUERS_LIST,ANDROID,6.7.0,51-100 ms,2
2026-05-19,ISSUERS_LIST,ANDROID,6.7.0,< 0 ms,17
2026-05-19,DOCUMENTS_LIST,ANDROID,6.6.2,< 0 ms,5
2026-05-19,ISSUED_DOCUMENT_DETAILS,ANDROID,6.7.0,< 0 ms,1
2026-05-19,ISSUED_DOCUMENT_EVIDENCE,ANDROID,6.7.0,< 0 ms,1
2026-05-19,NON_ACTIONABLE_NOTIFICATION_DETAILS,ANDROID,6.7.0,< 0 ms,4
2026-05-19,ACTIONABLE_NOTIFICATION_DETAILS,ANDROID,6.7.0,< 0 ms,91
2026-05-19,DOCUMENTS_LIST,ANDROID,6.5.1,< 0 ms,1
2026-05-19,DOCUMENTS_LIST,ANDROID,6.6.0,< 0 ms,7
2026-05-19,DOCUMENTS_LIST,ANDROID,6.7.0,< 0 ms,111
2026-05-19,ISSUED_DOCUMENT_DETAILS,ANDROID,6.6.0,= 0 ms,408
2026-05-19,ISSUERS_LIST,ANDROID,6.7.0,= 0 ms,3436
2026-05-19,ISSUED_DOCUMENT_DETAILS,ANDROID,6.6.2,= 0 ms,354
2026-05-19,ISSUERS_LIST,ANDROID,NA,= 0 ms,3
2026-05-19,DOCUMENTS_LIST,ANDROID,6.6.1,= 0 ms,15
2026-05-19,DOCUMENTS_LIST,ANDROID,6.7.0,= 0 ms,9753
2026-05-19,ISSUED_DOCUMENT_EVIDENCE,ANDROID,6.6.0,= 0 ms,358
2026-05-19,DOCUMENTS_LIST,ANDROID,6.5.0,= 0 ms,28
2026-05-19,ISSUED_DOCUMENT_EVIDENCE,ANDROID,6.5.0,= 0 ms,35
2026-05-19,ACTIONABLE_NOTIFICATION_DETAILS,ANDROID,6.7.0,= 0 ms,4034
2026-05-19,DOCUMENTS_LIST,ANDROID,6.5.1,= 0 ms,67
2026-05-19,ISSUED_DOCUMENT_DETAILS,ANDROID,NA,= 0 ms,2
2026-05-19,UPLOADED_DOCUMENT_EVIDENCE,ANDROID,6.7.0,= 0 ms,14
2026-05-19,ISSUED_DOCUMENT_EVIDENCE,ANDROID,6.7.0,= 0 ms,978
2026-05-19,ACTIONABLE_NOTIFICATION_DETAILS,ANDROID,NA,= 0 ms,1
2026-05-19,ISSUED_DOCUMENT_EVIDENCE,ANDROID,6.5.1,= 0 ms,66
2026-05-19,DOCUMENTS_LIST,ANDROID,NA,= 0 ms,3
2026-05-19,DOWNLOAD_SELF_SIGN_DOCUMENT,ANDROID,6.7.0,= 0 ms,2
2026-05-19,DOWNLOAD_DOCUMENT,ANDROID,6.7.0,= 0 ms,10
2026-05-19,NON_ACTIONABLE_NOTIFICATION_DETAILS,ANDROID,6.7.0,= 0 ms,602
2026-05-19,DOCUMENTS_LIST,ANDROID,6.6.0,= 0 ms,457
2026-05-19,ISSUED_DOCUMENT_EVIDENCE,ANDROID,NA,= 0 ms,2
2026-05-19,NOTIFICATIONS_LIST,ANDROID,NA,= 0 ms,5
2026-05-19,NON_ACTIONABLE_NOTIFICATION_DETAILS,ANDROID,NA,= 0 ms,2
2026-05-19,ISSUED_DOCUMENT_DETAILS,ANDROID,6.5.1,= 0 ms,76
2026-05-19,QR_VERIFICATION,ANDROID,6.7.0,= 0 ms,35
2026-05-19,ISSUED_DOCUMENT_DETAILS,ANDROID,6.5.0,= 0 ms,35
2026-05-19,ISSUED_DOCUMENT_EVIDENCE,ANDROID,6.6.2,= 0 ms,307
2026-05-19,ISSUED_DOCUMENT_DETAILS,ANDROID,6.7.0,= 0 ms,310
2026-05-19,ISSUED_DOCUMENT_EVIDENCE,ANDROID,6.6.1,= 0 ms,9
2026-05-19,SHARE_DOCUMENT,ANDROID,6.7.0,= 0 ms,5
2026-05-19,DOCUMENTS_LIST,ANDROID,6.6.2,= 0 ms,445
2026-05-19,NOTIFICATIONS_LIST,ANDROID,6.7.0,= 0 ms,4684
2026-05-19,ISSUED_DOCUMENT_DETAILS,ANDROID,6.6.1,= 0 ms,20
2026-05-20,NOTIFICATIONS_LIST,ANDROID,6.7.0,1-50 ms,7
2026-05-20,ACTIONABLE_NOTIFICATION_DETAILS,ANDROID,6.7.0,1-50 ms,10
2026-05-20,DOCUMENTS_LIST,ANDROID,6.7.0,10000+ ms,2572
2026-05-20,UPLOADED_DOCUMENT_EVIDENCE,ANDROID,6.7.0,10000+ ms,49
2026-05-20,DOCUMENT_SELECTION_UPLOADED_LIST,ANDROID,6.7.0,10000+ ms,3
2026-05-20,DOCUMENT_SELECTION_ISSUED_LIST,ANDROID,6.7.0,10000+ ms,12
2026-05-20,ISSUED_DOCUMENT_EVIDENCE,ANDROID,6.5.1,10000+ ms,109
2026-05-20,NOTIFICATIONS_LIST,ANDROID,6.7.0,10000+ ms,1835
2026-05-20,ISSUED_DOCUMENT_DETAILS,ANDROID,6.5.1,10000+ ms,112
2026-05-20,SHARE_DOCUMENT,ANDROID,6.7.0,10000+ ms,91
2026-05-20,DOCUMENTS_LIST,ANDROID,6.6.2,10000+ ms,293
2026-05-20,ISSUERS_LIST,ANDROID,6.7.0,10000+ ms,2913
2026-05-20,DOWNLOAD_SELF_SIGN_DOCUMENT,ANDROID,6.7.0,10000+ ms,32
2026-05-20,DOCUMENTS_LIST,ANDROID,6.6.1,10000+ ms,9
2026-05-20,QR_VERIFICATION,ANDROID,6.7.0,10000+ ms,560
2026-05-20,NON_ACTIONABLE_NOTIFICATION_DETAILS,ANDROID,6.7.0,10000+ ms,286
2026-05-20,DOCUMENTS_LIST,ANDROID,6.5.1,10000+ ms,53
2026-05-20,ISSUED_DOCUMENT_DETAILS,ANDROID,6.5.0,10000+ ms,63
2026-05-20,ISSUED_DOCUMENT_DETAILS,ANDROID,6.6.2,10000+ ms,506
2026-05-20,DOWNLOAD_DOCUMENT,ANDROID,6.7.0,10000+ ms,63
2026-05-20,ACTIONABLE_NOTIFICATION_DETAILS,ANDROID,6.7.0,10000+ ms,6480
2026-05-20,ISSUED_DOCUMENT_EVIDENCE,ANDROID,6.6.2,10000+ ms,577
2026-05-20,ISSUED_DOCUMENT_EVIDENCE,ANDROID,6.5.0,10000+ ms,64
2026-05-20,ISSUED_DOCUMENT_EVIDENCE,ANDROID,6.6.1,10000+ ms,6
2026-05-20,DOCUMENTS_LIST,ANDROID,6.5.0,10000+ ms,27
2026-05-20,ISSUED_DOCUMENT_EVIDENCE,ANDROID,6.7.0,10000+ ms,8210
2026-05-20,ISSUED_DOCUMENT_DETAILS,ANDROID,6.7.0,10000+ ms,5008
2026-05-20,ISSUED_DOCUMENT_EVIDENCE,ANDROID,6.6.0,10000+ ms,641
2026-05-20,DOCUMENTS_LIST,ANDROID,6.6.0,10000+ ms,349
2026-05-20,ISSUED_DOCUMENT_DETAILS,ANDROID,6.6.1,10000+ ms,17
2026-05-20,ISSUED_DOCUMENT_DETAILS,ANDROID,6.6.0,10000+ ms,591
2026-05-20,DOCUMENTS_LIST,ANDROID,6.5.0,1001-5000 ms,487
2026-05-20,ISSUED_DOCUMENT_EVIDENCE,ANDROID,6.6.1,1001-5000 ms,20
2026-05-20,NON_ACTIONABLE_NOTIFICATION_DETAILS,ANDROID,6.7.0,1001-5000 ms,6747
2026-05-20,ISSUED_DOCUMENT_EVIDENCE,ANDROID,6.7.0,1001-5000 ms,18560
2026-05-20,DOCUMENTS_LIST,ANDROID,6.6.1,1001-5000 ms,177
2026-05-20,SHARE_DOCUMENT,ANDROID,6.7.0,1001-5000 ms,301
2026-05-20,DOWNLOAD_SELF_SIGN_DOCUMENT,ANDROID,6.7.0,1001-5000 ms,61
2026-05-20,DOCUMENTS_LIST,ANDROID,6.6.0,1001-5000 ms,5840
2026-05-20,ISSUED_DOCUMENT_EVIDENCE,ANDROID,6.5.1,1001-5000 ms,100
2026-05-20,QR_VERIFICATION,ANDROID,6.7.0,1001-5000 ms,2542
2026-05-20,DOCUMENTS_LIST,ANDROID,6.5.1,1001-5000 ms,991
2026-05-20,ISSUED_DOCUMENT_DETAILS,ANDROID,6.5.1,1001-5000 ms,138
2026-05-20,ISSUED_DOCUMENT_DETAILS,ANDROID,6.6.1,1001-5000 ms,25
2026-05-20,ISSUERS_LIST,ANDROID,6.7.0,1001-5000 ms,54361
2026-05-20,DOCUMENTS_LIST,ANDROID,6.7.0,1001-5000 ms,122590
2026-05-20,DOCUMENT_SELECTION_ISSUED_LIST,ANDROID,6.7.0,1001-5000 ms,15
2026-05-20,ISSUED_DOCUMENT_DETAILS,ANDROID,6.6.2,1001-5000 ms,664
2026-05-20,ISSUED_DOCUMENT_EVIDENCE,ANDROID,6.6.2,1001-5000 ms,496
2026-05-20,DOCUMENTS_LIST,ANDROID,6.6.2,1001-5000 ms,5278
2026-05-20,ISSUED_DOCUMENT_DETAILS,ANDROID,6.6.0,1001-5000 ms,745
2026-05-20,NOTIFICATIONS_LIST,ANDROID,6.7.0,1001-5000 ms,16039
2026-05-20,UPLOADED_DOCUMENT_EVIDENCE,ANDROID,6.7.0,1001-5000 ms,379
2026-05-20,DOWNLOAD_DOCUMENT,ANDROID,6.7.0,1001-5000 ms,479
2026-05-20,ISSUED_DOCUMENT_DETAILS,ANDROID,6.7.0,1001-5000 ms,16605
2026-05-20,ACTIONABLE_NOTIFICATION_DETAILS,ANDROID,6.7.0,1001-5000 ms,13448
2026-05-20,ISSUED_DOCUMENT_DETAILS,ANDROID,6.5.0,1001-5000 ms,57
2026-05-20,ISSUED_DOCUMENT_EVIDENCE,ANDROID,6.6.0,1001-5000 ms,601
2026-05-20,ISSUED_DOCUMENT_EVIDENCE,ANDROID,6.5.0,1001-5000 ms,61
2026-05-20,ISSUED_DOCUMENT_DETAILS,ANDROID,6.6.2,101-500 ms,53
2026-05-20,SHARE_DOCUMENT,ANDROID,6.7.0,101-500 ms,3
2026-05-20,ISSUED_DOCUMENT_EVIDENCE,ANDROID,6.6.2,101-500 ms,3
2026-05-20,UPLOADED_DOCUMENT_EVIDENCE,ANDROID,6.7.0,101-500 ms,256
2026-05-20,ISSUED_DOCUMENT_EVIDENCE,ANDROID,6.5.0,101-500 ms,1
2026-05-20,ISSUED_DOCUMENT_EVIDENCE,ANDROID,6.6.0,101-500 ms,3
2026-05-20,ISSUED_DOCUMENT_DETAILS,ANDROID,6.5.1,101-500 ms,9
2026-05-20,ISSUED_DOCUMENT_EVIDENCE,ANDROID,6.7.0,101-500 ms,191
2026-05-20,ISSUED_DOCUMENT_EVIDENCE,ANDROID,6.5.1,101-500 ms,1
2026-05-20,ISSUERS_LIST,ANDROID,6.7.0,101-500 ms,34
2026-05-20,ACTIONABLE_NOTIFICATION_DETAILS,ANDROID,6.7.0,101-500 ms,55
2026-05-20,NOTIFICATIONS_LIST,ANDROID,6.7.0,101-500 ms,85080
2026-05-20,DOWNLOAD_DOCUMENT,ANDROID,6.7.0,101-500 ms,4
2026-05-20,DOCUMENT_SELECTION_UPLOADED_LIST,ANDROID,6.7.0,101-500 ms,3
2026-05-20,ISSUED_DOCUMENT_DETAILS,ANDROID,6.5.0,101-500 ms,6
2026-05-20,DOCUMENT_SELECTION_ISSUED_LIST,ANDROID,6.7.0,101-500 ms,3
2026-05-20,DOWNLOAD_SELF_SIGN_DOCUMENT,ANDROID,6.7.0,101-500 ms,49
2026-05-20,QR_VERIFICATION,ANDROID,6.7.0,101-500 ms,667
2026-05-20,ISSUED_DOCUMENT_DETAILS,ANDROID,6.6.0,101-500 ms,68
2026-05-20,ISSUED_DOCUMENT_DETAILS,ANDROID,6.7.0,101-500 ms,4388
2026-05-20,NON_ACTIONABLE_NOTIFICATION_DETAILS,ANDROID,6.7.0,101-500 ms,75732
2026-05-20,DOCUMENTS_LIST,ANDROID,6.7.0,101-500 ms,81
2026-05-20,UPLOADED_DOCUMENT_EVIDENCE,ANDROID,6.7.0,5001-10000 ms,52
2026-05-20,NON_ACTIONABLE_NOTIFICATION_DETAILS,ANDROID,6.7.0,5001-10000 ms,393
2026-05-20,ISSUED_DOCUMENT_EVIDENCE,ANDROID,6.7.0,5001-10000 ms,8892
2026-05-20,NOTIFICATIONS_LIST,ANDROID,6.7.0,5001-10000 ms,1501
2026-05-20,ISSUED_DOCUMENT_EVIDENCE,ANDROID,6.5.1,5001-10000 ms,62
2026-05-20,DOCUMENTS_LIST,ANDROID,6.6.0,5001-10000 ms,563
2026-05-20,DOCUMENTS_LIST,ANDROID,6.7.0,5001-10000 ms,4836
2026-05-20,ISSUED_DOCUMENT_EVIDENCE,ANDROID,6.6.0,5001-10000 ms,341
2026-05-20,ISSUED_DOCUMENT_EVIDENCE,ANDROID,6.6.1,5001-10000 ms,10
2026-05-20,ISSUED_DOCUMENT_DETAILS,ANDROID,6.5.1,5001-10000 ms,10
2026-05-20,ISSUED_DOCUMENT_EVIDENCE,ANDROID,6.5.0,5001-10000 ms,31
2026-05-20,DOCUMENTS_LIST,ANDROID,6.6.1,5001-10000 ms,23
2026-05-20,DOWNLOAD_SELF_SIGN_DOCUMENT,ANDROID,6.7.0,5001-10000 ms,9
2026-05-20,ISSUERS_LIST,ANDROID,6.7.0,5001-10000 ms,2277
2026-05-20,ISSUED_DOCUMENT_DETAILS,ANDROID,6.7.0,5001-10000 ms,1640
2026-05-20,DOCUMENTS_LIST,ANDROID,6.5.0,5001-10000 ms,44
2026-05-20,ISSUED_DOCUMENT_DETAILS,ANDROID,6.6.1,5001-10000 ms,2
2026-05-20,ACTIONABLE_NOTIFICATION_DETAILS,ANDROID,6.7.0,5001-10000 ms,10983
2026-05-20,ISSUED_DOCUMENT_DETAILS,ANDROID,6.6.2,5001-10000 ms,72
2026-05-20,SHARE_DOCUMENT,ANDROID,6.7.0,5001-10000 ms,37
2026-05-20,ISSUED_DOCUMENT_DETAILS,ANDROID,6.6.0,5001-10000 ms,80
2026-05-20,ISSUED_DOCUMENT_DETAILS,ANDROID,6.5.0,5001-10000 ms,8
2026-05-20,DOCUMENT_SELECTION_ISSUED_LIST,ANDROID,6.7.0,5001-10000 ms,1
2026-05-20,ISSUED_DOCUMENT_EVIDENCE,ANDROID,6.6.2,5001-10000 ms,311
2026-05-20,DOCUMENTS_LIST,ANDROID,6.5.1,5001-10000 ms,90
2026-05-20,DOCUMENTS_LIST,ANDROID,6.6.2,5001-10000 ms,609
2026-05-20,DOWNLOAD_DOCUMENT,ANDROID,6.7.0,5001-10000 ms,56
2026-05-20,QR_VERIFICATION,ANDROID,6.7.0,5001-10000 ms,153
2026-05-20,ISSUED_DOCUMENT_DETAILS,ANDROID,6.6.1,501-1000 ms,16
2026-05-20,ISSUED_DOCUMENT_EVIDENCE,ANDROID,6.5.1,501-1000 ms,6
2026-05-20,ISSUED_DOCUMENT_EVIDENCE,ANDROID,6.7.0,501-1000 ms,1136
2026-05-20,ISSUED_DOCUMENT_EVIDENCE,ANDROID,6.6.0,501-1000 ms,22
2026-05-20,NON_ACTIONABLE_NOTIFICATION_DETAILS,ANDROID,6.7.0,501-1000 ms,12835
2026-05-20,NOTIFICATIONS_LIST,ANDROID,6.7.0,501-1000 ms,14478
2026-05-20,UPLOADED_DOCUMENT_EVIDENCE,ANDROID,6.7.0,501-1000 ms,411
2026-05-20,ISSUED_DOCUMENT_EVIDENCE,ANDROID,6.6.2,501-1000 ms,19
2026-05-20,ISSUED_DOCUMENT_EVIDENCE,ANDROID,6.5.0,501-1000 ms,4
2026-05-20,ISSUED_DOCUMENT_DETAILS,ANDROID,6.5.1,501-1000 ms,111
2026-05-20,ISSUED_DOCUMENT_DETAILS,ANDROID,6.6.2,501-1000 ms,515
2026-05-20,ISSUED_DOCUMENT_DETAILS,ANDROID,6.6.0,501-1000 ms,600
2026-05-20,DOWNLOAD_DOCUMENT,ANDROID,6.7.0,501-1000 ms,34
2026-05-20,QR_VERIFICATION,ANDROID,6.7.0,501-1000 ms,3743
2026-05-20,ISSUED_DOCUMENT_DETAILS,ANDROID,6.5.0,501-1000 ms,71
2026-05-20,ISSUERS_LIST,ANDROID,6.7.0,501-1000 ms,4
2026-05-20,SHARE_DOCUMENT,ANDROID,6.7.0,501-1000 ms,18
2026-05-20,ACTIONABLE_NOTIFICATION_DETAILS,ANDROID,6.7.0,501-1000 ms,27
2026-05-20,ISSUED_DOCUMENT_DETAILS,ANDROID,6.7.0,501-1000 ms,21532
2026-05-20,ISSUED_DOCUMENT_EVIDENCE,ANDROID,6.6.1,501-1000 ms,1
2026-05-20,DOCUMENTS_LIST,ANDROID,6.7.0,501-1000 ms,15
2026-05-20,DOCUMENT_SELECTION_ISSUED_LIST,ANDROID,6.7.0,501-1000 ms,20
2026-05-20,DOWNLOAD_SELF_SIGN_DOCUMENT,ANDROID,6.7.0,501-1000 ms,59
2026-05-20,DOCUMENT_SELECTION_UPLOADED_LIST,ANDROID,6.7.0,501-1000 ms,1
2026-05-20,NON_ACTIONABLE_NOTIFICATION_DETAILS,ANDROID,6.7.0,51-100 ms,74
2026-05-20,ISSUERS_LIST,ANDROID,6.7.0,51-100 ms,1
2026-05-20,DOCUMENTS_LIST,ANDROID,6.7.0,51-100 ms,6
2026-05-20,ISSUED_DOCUMENT_EVIDENCE,ANDROID,6.7.0,51-100 ms,1
2026-05-20,ISSUED_DOCUMENT_DETAILS,ANDROID,6.6.2,51-100 ms,1
2026-05-20,NOTIFICATIONS_LIST,ANDROID,6.7.0,51-100 ms,3109
2026-05-20,ACTIONABLE_NOTIFICATION_DETAILS,ANDROID,6.7.0,51-100 ms,10
2026-05-20,ISSUED_DOCUMENT_EVIDENCE,ANDROID,6.6.0,< 0 ms,1
2026-05-20,NON_ACTIONABLE_NOTIFICATION_DETAILS,ANDROID,6.7.0,< 0 ms,3
2026-05-20,DOCUMENTS_LIST,ANDROID,6.5.1,< 0 ms,1
2026-05-20,DOCUMENTS_LIST,ANDROID,6.7.0,< 0 ms,124
2026-05-20,NOTIFICATIONS_LIST,ANDROID,6.7.0,< 0 ms,1
2026-05-20,ISSUED_DOCUMENT_EVIDENCE,ANDROID,6.7.0,< 0 ms,1
2026-05-20,DOCUMENTS_LIST,ANDROID,6.6.0,< 0 ms,6
2026-05-20,ACTIONABLE_NOTIFICATION_DETAILS,ANDROID,6.7.0,< 0 ms,125
2026-05-20,DOCUMENTS_LIST,ANDROID,6.6.2,< 0 ms,8
2026-05-20,ISSUED_DOCUMENT_DETAILS,ANDROID,6.7.0,< 0 ms,1
2026-05-20,ISSUERS_LIST,ANDROID,6.7.0,< 0 ms,6
2026-05-20,ISSUED_DOCUMENT_EVIDENCE,ANDROID,6.6.0,= 0 ms,364
2026-05-20,ISSUED_DOCUMENT_EVIDENCE,ANDROID,6.6.2,= 0 ms,373
2026-05-20,DOWNLOAD_DOCUMENT,ANDROID,6.7.0,= 0 ms,16
2026-05-20,ISSUED_DOCUMENT_EVIDENCE,ANDROID,6.5.1,= 0 ms,63
2026-05-20,ISSUED_DOCUMENT_DETAILS,ANDROID,6.6.0,= 0 ms,397
2026-05-20,DOCUMENTS_LIST,ANDROID,NA,= 0 ms,2
2026-05-20,QR_VERIFICATION,ANDROID,6.7.0,= 0 ms,41
2026-05-20,DOCUMENTS_LIST,ANDROID,6.6.2,= 0 ms,400
2026-05-20,DOCUMENTS_LIST,ANDROID,6.5.0,= 0 ms,32
2026-05-20,ISSUED_DOCUMENT_DETAILS,ANDROID,6.5.0,= 0 ms,32
2026-05-20,DOCUMENTS_LIST,ANDROID,6.6.1,= 0 ms,13
2026-05-20,ACTIONABLE_NOTIFICATION_DETAILS,ANDROID,6.7.0,= 0 ms,4165
2026-05-20,NOTIFICATIONS_LIST,ANDROID,6.7.0,= 0 ms,4888
2026-05-20,ISSUED_DOCUMENT_EVIDENCE,ANDROID,6.7.0,= 0 ms,1004
2026-05-20,ISSUED_DOCUMENT_EVIDENCE,ANDROID,6.5.0,= 0 ms,32
2026-05-20,ISSUERS_LIST,ANDROID,6.7.0,= 0 ms,3480
2026-05-20,ISSUED_DOCUMENT_DETAILS,ANDROID,6.7.0,= 0 ms,316
2026-05-20,DOCUMENTS_LIST,ANDROID,6.6.0,= 0 ms,476
2026-05-20,UPLOADED_DOCUMENT_EVIDENCE,ANDROID,6.7.0,= 0 ms,19
2026-05-20,NON_ACTIONABLE_NOTIFICATION_DETAILS,ANDROID,6.7.0,= 0 ms,597
2026-05-20,DOCUMENTS_LIST,ANDROID,6.5.1,= 0 ms,55
2026-05-20,ISSUED_DOCUMENT_DETAILS,ANDROID,6.6.2,= 0 ms,397
2026-05-20,ISSUED_DOCUMENT_EVIDENCE,ANDROID,6.6.1,= 0 ms,16
2026-05-20,ISSUED_DOCUMENT_DETAILS,ANDROID,6.5.1,= 0 ms,64
2026-05-20,DOWNLOAD_SELF_SIGN_DOCUMENT,ANDROID,6.7.0,= 0 ms,3
2026-05-20,SHARE_DOCUMENT,ANDROID,6.7.0,= 0 ms,10
2026-05-20,DOCUMENTS_LIST,ANDROID,6.7.0,= 0 ms,9964
2026-05-20,ISSUED_DOCUMENT_DETAILS,ANDROID,6.6.1,= 0 ms,17
2026-05-21,NOTIFICATIONS_LIST,ANDROID,6.7.0,1-50 ms,7
2026-05-21,ACTIONABLE_NOTIFICATION_DETAILS,ANDROID,6.7.0,1-50 ms,7
2026-05-21,DOCUMENT_SELECTION_UPLOADED_LIST,ANDROID,6.7.0,10000+ ms,1
2026-05-21,DOCUMENTS_LIST,ANDROID,6.7.0,10000+ ms,2743
2026-05-21,UPLOADED_DOCUMENT_EVIDENCE,ANDROID,6.7.0,10000+ ms,36
2026-05-21,ACTIONABLE_NOTIFICATION_DETAILS,ANDROID,6.7.0,10000+ ms,6362
2026-05-21,ISSUED_DOCUMENT_DETAILS,ANDROID,6.6.1,10000+ ms,18
2026-05-21,DOCUMENT_SELECTION_ISSUED_LIST,ANDROID,6.7.0,10000+ ms,15
2026-05-21,DOCUMENTS_LIST,ANDROID,6.5.1,10000+ ms,56
2026-05-21,ISSUED_DOCUMENT_EVIDENCE,ANDROID,6.5.0,10000+ ms,64
2026-05-21,DOCUMENTS_LIST,ANDROID,6.6.0,10000+ ms,362
2026-05-21,QR_VERIFICATION,ANDROID,6.7.0,10000+ ms,570
2026-05-21,ISSUED_DOCUMENT_DETAILS,ANDROID,6.6.2,10000+ ms,511
2026-05-21,DOCUMENTS_LIST,ANDROID,6.6.2,10000+ ms,306
2026-05-21,ISSUED_DOCUMENT_EVIDENCE,ANDROID,6.6.1,10000+ ms,9
2026-05-21,DOCUMENTS_LIST,ANDROID,6.6.1,10000+ ms,11
2026-05-21,ISSUED_DOCUMENT_EVIDENCE,ANDROID,6.7.0,10000+ ms,8831
2026-05-21,DOWNLOAD_DOCUMENT,ANDROID,6.7.0,10000+ ms,83
2026-05-21,ISSUED_DOCUMENT_EVIDENCE,ANDROID,6.6.2,10000+ ms,547
2026-05-21,ISSUED_DOCUMENT_EVIDENCE,ANDROID,6.5.1,10000+ ms,130
2026-05-21,ISSUED_DOCUMENT_DETAILS,ANDROID,6.5.0,10000+ ms,53
2026-05-21,SHARE_DOCUMENT,ANDROID,6.7.0,10000+ ms,76
2026-05-21,ISSUED_DOCUMENT_DETAILS,ANDROID,6.6.0,10000+ ms,608
2026-05-21,DOWNLOAD_SELF_SIGN_DOCUMENT,ANDROID,6.7.0,10000+ ms,43
2026-05-21,ISSUED_DOCUMENT_EVIDENCE,ANDROID,6.6.0,10000+ ms,636
2026-05-21,ISSUERS_LIST,ANDROID,6.7.0,10000+ ms,3015
2026-05-21,NON_ACTIONABLE_NOTIFICATION_DETAILS,ANDROID,6.7.0,10000+ ms,385
2026-05-21,DOCUMENTS_LIST,ANDROID,6.5.0,10000+ ms,25
2026-05-21,ISSUED_DOCUMENT_DETAILS,ANDROID,6.5.1,10000+ ms,104
2026-05-21,NOTIFICATIONS_LIST,ANDROID,6.7.0,10000+ ms,2010
2026-05-21,ISSUED_DOCUMENT_DETAILS,ANDROID,6.7.0,10000+ ms,5008
2026-05-21,SHARE_DOCUMENT,ANDROID,6.7.0,1001-5000 ms,300
2026-05-21,ISSUED_DOCUMENT_DETAILS,ANDROID,6.5.1,1001-5000 ms,144
2026-05-21,ISSUED_DOCUMENT_DETAILS,ANDROID,6.6.0,1001-5000 ms,704
2026-05-21,ACTIONABLE_NOTIFICATION_DETAILS,ANDROID,6.7.0,1001-5000 ms,13648
2026-05-21,ISSUERS_LIST,ANDROID,6.7.0,1001-5000 ms,53346
2026-05-21,UPLOADED_DOCUMENT_EVIDENCE,ANDROID,6.7.0,1001-5000 ms,335
2026-05-21,DOCUMENTS_LIST,ANDROID,6.6.1,1001-5000 ms,173
2026-05-21,QR_VERIFICATION,ANDROID,6.7.0,1001-5000 ms,2442
2026-05-21,DOCUMENTS_LIST,ANDROID,6.6.0,1001-5000 ms,5775
2026-05-21,DOCUMENT_SELECTION_UPLOADED_LIST,ANDROID,6.7.0,1001-5000 ms,1
2026-05-21,ISSUED_DOCUMENT_EVIDENCE,ANDROID,6.6.2,1001-5000 ms,425
2026-05-21,ISSUED_DOCUMENT_DETAILS,ANDROID,6.6.1,1001-5000 ms,19
2026-05-21,ISSUED_DOCUMENT_EVIDENCE,ANDROID,6.6.1,1001-5000 ms,18
2026-05-21,NOTIFICATIONS_LIST,ANDROID,6.7.0,1001-5000 ms,15685
2026-05-21,ISSUED_DOCUMENT_DETAILS,ANDROID,6.6.2,1001-5000 ms,610
2026-05-21,ISSUED_DOCUMENT_EVIDENCE,ANDROID,6.5.0,1001-5000 ms,48
2026-05-21,ISSUED_DOCUMENT_EVIDENCE,ANDROID,6.5.1,1001-5000 ms,97
2026-05-21,DOCUMENTS_LIST,ANDROID,6.6.2,1001-5000 ms,4931
2026-05-21,NON_ACTIONABLE_NOTIFICATION_DETAILS,ANDROID,6.7.0,1001-5000 ms,6603
2026-05-21,DOCUMENT_SELECTION_ISSUED_LIST,ANDROID,6.7.0,1001-5000 ms,12
2026-05-21,ISSUED_DOCUMENT_DETAILS,ANDROID,6.5.0,1001-5000 ms,73
2026-05-21,DOWNLOAD_SELF_SIGN_DOCUMENT,ANDROID,6.7.0,1001-5000 ms,58
2026-05-21,DOCUMENTS_LIST,ANDROID,6.5.1,1001-5000 ms,1000
2026-05-21,ISSUED_DOCUMENT_DETAILS,ANDROID,6.7.0,1001-5000 ms,16055
2026-05-21,DOCUMENTS_LIST,ANDROID,6.5.0,1001-5000 ms,456
2026-05-21,DOWNLOAD_DOCUMENT,ANDROID,6.7.0,1001-5000 ms,455
2026-05-21,ISSUED_DOCUMENT_EVIDENCE,ANDROID,6.7.0,1001-5000 ms,17837
2026-05-21,DOCUMENTS_LIST,ANDROID,6.7.0,1001-5000 ms,121338
2026-05-21,ISSUED_DOCUMENT_EVIDENCE,ANDROID,6.6.0,1001-5000 ms,526
2026-05-21,NON_ACTIONABLE_NOTIFICATION_DETAILS,ANDROID,6.7.0,101-500 ms,74733
2026-05-21,DOWNLOAD_SELF_SIGN_DOCUMENT,ANDROID,6.7.0,101-500 ms,68
2026-05-21,ISSUED_DOCUMENT_EVIDENCE,ANDROID,6.7.0,101-500 ms,210
2026-05-21,ISSUED_DOCUMENT_EVIDENCE,ANDROID,6.5.0,101-500 ms,1
2026-05-21,DOCUMENT_SELECTION_UPLOADED_LIST,ANDROID,6.7.0,101-500 ms,2
2026-05-21,ISSUED_DOCUMENT_EVIDENCE,ANDROID,6.6.2,101-500 ms,2
2026-05-21,DOCUMENTS_LIST,ANDROID,6.7.0,101-500 ms,73
2026-05-21,QR_VERIFICATION,ANDROID,6.7.0,101-500 ms,674
2026-05-21,ISSUED_DOCUMENT_EVIDENCE,ANDROID,6.5.1,101-500 ms,1
2026-05-21,ISSUED_DOCUMENT_DETAILS,ANDROID,6.5.1,101-500 ms,15
2026-05-21,DOWNLOAD_DOCUMENT,ANDROID,6.7.0,101-500 ms,4
2026-05-21,ISSUED_DOCUMENT_DETAILS,ANDROID,6.6.0,101-500 ms,60
2026-05-21,ISSUED_DOCUMENT_DETAILS,ANDROID,6.7.0,101-500 ms,4826
2026-05-21,ISSUED_DOCUMENT_DETAILS,ANDROID,6.5.0,101-500 ms,5
2026-05-21,ISSUED_DOCUMENT_DETAILS,ANDROID,6.6.1,101-500 ms,2
2026-05-21,ISSUERS_LIST,ANDROID,6.7.0,101-500 ms,34
2026-05-21,SHARE_DOCUMENT,ANDROID,6.7.0,101-500 ms,3
2026-05-21,NOTIFICATIONS_LIST,ANDROID,6.7.0,101-500 ms,83575
2026-05-21,UPLOADED_DOCUMENT_EVIDENCE,ANDROID,6.7.0,101-500 ms,333
2026-05-21,ACTIONABLE_NOTIFICATION_DETAILS,ANDROID,6.7.0,101-500 ms,54
2026-05-21,DOCUMENT_SELECTION_ISSUED_LIST,ANDROID,6.7.0,101-500 ms,1
2026-05-21,ISSUED_DOCUMENT_EVIDENCE,ANDROID,6.6.0,101-500 ms,3
2026-05-21,ISSUED_DOCUMENT_DETAILS,ANDROID,6.6.2,101-500 ms,55
2026-05-21,NOTIFICATIONS_LIST,ANDROID,6.7.0,5001-10000 ms,1630
2026-05-21,ISSUED_DOCUMENT_DETAILS,ANDROID,6.5.0,5001-10000 ms,7
2026-05-21,QR_VERIFICATION,ANDROID,6.7.0,5001-10000 ms,178
2026-05-21,ISSUED_DOCUMENT_EVIDENCE,ANDROID,6.6.2,5001-10000 ms,258
2026-05-21,DOCUMENTS_LIST,ANDROID,6.7.0,5001-10000 ms,4622
2026-05-21,ACTIONABLE_NOTIFICATION_DETAILS,ANDROID,6.7.0,5001-10000 ms,11146
2026-05-21,DOWNLOAD_SELF_SIGN_DOCUMENT,ANDROID,6.7.0,5001-10000 ms,7
2026-05-21,DOCUMENT_SELECTION_ISSUED_LIST,ANDROID,6.7.0,5001-10000 ms,3
2026-05-21,DOCUMENTS_LIST,ANDROID,6.6.2,5001-10000 ms,502
2026-05-21,ISSUERS_LIST,ANDROID,6.7.0,5001-10000 ms,2297
2026-05-21,SHARE_DOCUMENT,ANDROID,6.7.0,5001-10000 ms,23
2026-05-21,ISSUED_DOCUMENT_EVIDENCE,ANDROID,6.5.0,5001-10000 ms,27
2026-05-21,ISSUED_DOCUMENT_DETAILS,ANDROID,6.6.0,5001-10000 ms,76
2026-05-21,DOWNLOAD_DOCUMENT,ANDROID,6.7.0,5001-10000 ms,36
2026-05-21,ISSUED_DOCUMENT_EVIDENCE,ANDROID,6.7.0,5001-10000 ms,8973
2026-05-21,UPLOADED_DOCUMENT_EVIDENCE,ANDROID,6.7.0,5001-10000 ms,47
2026-05-21,DOCUMENTS_LIST,ANDROID,6.6.0,5001-10000 ms,512
2026-05-21,ISSUED_DOCUMENT_EVIDENCE,ANDROID,6.5.1,5001-10000 ms,43
2026-05-21,DOCUMENTS_LIST,ANDROID,6.5.0,5001-10000 ms,27
2026-05-21,ISSUED_DOCUMENT_DETAILS,ANDROID,6.6.1,5001-10000 ms,4
2026-05-21,ISSUED_DOCUMENT_DETAILS,ANDROID,6.7.0,5001-10000 ms,1613
2026-05-21,ISSUED_DOCUMENT_EVIDENCE,ANDROID,6.6.0,5001-10000 ms,319
2026-05-21,DOCUMENTS_LIST,ANDROID,6.6.1,5001-10000 ms,20
2026-05-21,ISSUED_DOCUMENT_EVIDENCE,ANDROID,6.6.1,5001-10000 ms,16
2026-05-21,NON_ACTIONABLE_NOTIFICATION_DETAILS,ANDROID,6.7.0,5001-10000 ms,362
2026-05-21,ISSUED_DOCUMENT_DETAILS,ANDROID,6.6.2,5001-10000 ms,59
2026-05-21,DOCUMENTS_LIST,ANDROID,6.5.1,5001-10000 ms,74
2026-05-21,ISSUED_DOCUMENT_DETAILS,ANDROID,6.5.1,5001-10000 ms,10
2026-05-21,NOTIFICATIONS_LIST,ANDROID,6.7.0,501-1000 ms,14201
2026-05-21,ISSUED_DOCUMENT_DETAILS,ANDROID,6.6.2,501-1000 ms,495
2026-05-21,ISSUED_DOCUMENT_DETAILS,ANDROID,6.7.0,501-1000 ms,21814
2026-05-21,ISSUED_DOCUMENT_EVIDENCE,ANDROID,6.6.1,501-1000 ms,1
2026-05-21,DOWNLOAD_SELF_SIGN_DOCUMENT,ANDROID,6.7.0,501-1000 ms,56
2026-05-21,SHARE_DOCUMENT,ANDROID,6.7.0,501-1000 ms,16
2026-05-21,ACTIONABLE_NOTIFICATION_DETAILS,ANDROID,6.7.0,501-1000 ms,26
2026-05-21,NON_ACTIONABLE_NOTIFICATION_DETAILS,ANDROID,6.7.0,501-1000 ms,12447
2026-05-21,DOCUMENTS_LIST,ANDROID,6.6.0,501-1000 ms,1
2026-05-21,QR_VERIFICATION,ANDROID,6.7.0,501-1000 ms,3653
2026-05-21,ISSUED_DOCUMENT_DETAILS,ANDROID,6.5.0,501-1000 ms,45
2026-05-21,ISSUED_DOCUMENT_EVIDENCE,ANDROID,6.6.2,501-1000 ms,19
2026-05-21,UPLOADED_DOCUMENT_EVIDENCE,ANDROID,6.7.0,501-1000 ms,389
2026-05-21,DOCUMENTS_LIST,ANDROID,6.7.0,501-1000 ms,12
2026-05-21,ISSUED_DOCUMENT_DETAILS,ANDROID,6.6.1,501-1000 ms,18
2026-05-21,ISSUED_DOCUMENT_EVIDENCE,ANDROID,6.7.0,501-1000 ms,1052
2026-05-21,DOWNLOAD_DOCUMENT,ANDROID,6.7.0,501-1000 ms,46
2026-05-21,ISSUED_DOCUMENT_EVIDENCE,ANDROID,6.6.0,501-1000 ms,19
2026-05-21,DOCUMENT_SELECTION_ISSUED_LIST,ANDROID,6.7.0,501-1000 ms,18
2026-05-21,ISSUERS_LIST,ANDROID,6.7.0,501-1000 ms,11
2026-05-21,ISSUED_DOCUMENT_DETAILS,ANDROID,6.5.1,501-1000 ms,97
2026-05-21,ISSUED_DOCUMENT_EVIDENCE,ANDROID,6.5.1,501-1000 ms,5
2026-05-21,ISSUED_DOCUMENT_DETAILS,ANDROID,6.6.0,501-1000 ms,534
2026-05-21,NOTIFICATIONS_LIST,ANDROID,6.7.0,51-100 ms,2928
2026-05-21,NON_ACTIONABLE_NOTIFICATION_DETAILS,ANDROID,6.7.0,51-100 ms,99
2026-05-21,ISSUED_DOCUMENT_DETAILS,ANDROID,6.7.0,51-100 ms,1
2026-05-21,DOCUMENTS_LIST,ANDROID,6.7.0,51-100 ms,1
2026-05-21,ACTIONABLE_NOTIFICATION_DETAILS,ANDROID,6.7.0,51-100 ms,12
2026-05-21,ACTIONABLE_NOTIFICATION_DETAILS,ANDROID,6.7.0,< 0 ms,111
2026-05-21,ISSUED_DOCUMENT_EVIDENCE,ANDROID,6.6.2,< 0 ms,1
2026-05-21,DOCUMENTS_LIST,ANDROID,6.6.2,< 0 ms,2
2026-05-21,ISSUED_DOCUMENT_DETAILS,ANDROID,6.7.0,< 0 ms,1
2026-05-21,DOCUMENTS_LIST,ANDROID,6.6.0,< 0 ms,6
2026-05-21,DOCUMENTS_LIST,ANDROID,6.7.0,< 0 ms,110
2026-05-21,ISSUED_DOCUMENT_EVIDENCE,ANDROID,6.7.0,< 0 ms,1
2026-05-21,ISSUED_DOCUMENT_DETAILS,ANDROID,6.6.0,< 0 ms,1
2026-05-21,NON_ACTIONABLE_NOTIFICATION_DETAILS,ANDROID,6.7.0,< 0 ms,1
2026-05-21,ISSUERS_LIST,ANDROID,6.7.0,< 0 ms,11
2026-05-21,ISSUED_DOCUMENT_DETAILS,ANDROID,6.5.0,= 0 ms,37
2026-05-21,DOCUMENTS_LIST,ANDROID,6.7.0,= 0 ms,10005
2026-05-21,QR_VERIFICATION,ANDROID,6.7.0,= 0 ms,55
2026-05-21,ISSUED_DOCUMENT_DETAILS,ANDROID,6.6.0,= 0 ms,478
2026-05-21,ISSUED_DOCUMENT_DETAILS,ANDROID,6.7.0,= 0 ms,330
2026-05-21,DOCUMENTS_LIST,ANDROID,6.5.1,= 0 ms,71
2026-05-21,UPLOADED_DOCUMENT_EVIDENCE,ANDROID,6.7.0,= 0 ms,14
2026-05-21,DOCUMENTS_LIST,ANDROID,NA,= 0 ms,9
2026-05-21,ISSUED_DOCUMENT_EVIDENCE,ANDROID,6.6.0,= 0 ms,422
2026-05-21,DOWNLOAD_DOCUMENT,ANDROID,6.7.0,= 0 ms,11
2026-05-21,ISSUED_DOCUMENT_EVIDENCE,ANDROID,6.7.0,= 0 ms,1065
2026-05-21,DOCUMENTS_LIST,ANDROID,6.6.0,= 0 ms,505
2026-05-21,ISSUED_DOCUMENT_EVIDENCE,ANDROID,6.6.1,= 0 ms,15
2026-05-21,DOCUMENTS_LIST,ANDROID,6.6.1,= 0 ms,12
2026-05-21,DOCUMENTS_LIST,ANDROID,6.5.0,= 0 ms,23
2026-05-21,DOCUMENTS_LIST,ANDROID,6.6.2,= 0 ms,392
2026-05-21,NOTIFICATIONS_LIST,ANDROID,6.7.0,= 0 ms,4837
2026-05-21,ISSUED_DOCUMENT_DETAILS,ANDROID,6.5.1,= 0 ms,95
2026-05-21,ACTIONABLE_NOTIFICATION_DETAILS,ANDROID,NA,= 0 ms,1
2026-05-21,ISSUERS_LIST,ANDROID,6.7.0,= 0 ms,3602
2026-05-21,ISSUED_DOCUMENT_DETAILS,ANDROID,6.6.2,= 0 ms,298
2026-05-21,ISSUED_DOCUMENT_EVIDENCE,ANDROID,NA,= 0 ms,1
2026-05-21,ACTIONABLE_NOTIFICATION_DETAILS,ANDROID,6.7.0,= 0 ms,4038
2026-05-21,SHARE_DOCUMENT,ANDROID,6.7.0,= 0 ms,5
2026-05-21,ISSUED_DOCUMENT_EVIDENCE,ANDROID,6.5.1,= 0 ms,86
2026-05-21,ISSUED_DOCUMENT_EVIDENCE,ANDROID,6.5.0,= 0 ms,32
2026-05-21,ISSUERS_LIST,ANDROID,NA,= 0 ms,5
2026-05-21,NON_ACTIONABLE_NOTIFICATION_DETAILS,ANDROID,NA,= 0 ms,5
2026-05-21,NON_ACTIONABLE_NOTIFICATION_DETAILS,ANDROID,6.7.0,= 0 ms,581
2026-05-21,DOWNLOAD_SELF_SIGN_DOCUMENT,ANDROID,6.7.0,= 0 ms,3
2026-05-21,QR_VERIFICATION,ANDROID,NA,= 0 ms,1
2026-05-21,ISSUED_DOCUMENT_DETAILS,ANDROID,6.6.1,= 0 ms,16
2026-05-21,NOTIFICATIONS_LIST,ANDROID,NA,= 0 ms,8
2026-05-21,ISSUED_DOCUMENT_EVIDENCE,ANDROID,6.6.2,= 0 ms,258
2026-05-21,ISSUED_DOCUMENT_DETAILS,ANDROID,NA,= 0 ms,2
2026-05-22,ACTIONABLE_NOTIFICATION_DETAILS,ANDROID,6.7.0,1-50 ms,4
2026-05-22,NOTIFICATIONS_LIST,ANDROID,6.7.0,1-50 ms,4
2026-05-22,DOCUMENT_SELECTION_UPLOADED_LIST,ANDROID,6.7.0,10000+ ms,4
2026-05-22,ACTIONABLE_NOTIFICATION_DETAILS,ANDROID,6.7.0,10000+ ms,7605
2026-05-22,ISSUED_DOCUMENT_EVIDENCE,ANDROID,6.6.2,10000+ ms,397
2026-05-22,ISSUED_DOCUMENT_EVIDENCE,ANDROID,6.5.0,10000+ ms,56
2026-05-22,UPLOADED_DOCUMENT_EVIDENCE,ANDROID,6.7.0,10000+ ms,29
2026-05-22,DOWNLOAD_DOCUMENT,ANDROID,6.7.0,10000+ ms,39
2026-05-22,ISSUERS_LIST,ANDROID,6.7.0,10000+ ms,2865
2026-05-22,DOWNLOAD_SELF_SIGN_DOCUMENT,ANDROID,6.7.0,10000+ ms,26
2026-05-22,DOCUMENTS_LIST,ANDROID,6.5.1,10000+ ms,48
2026-05-22,NON_ACTIONABLE_NOTIFICATION_DETAILS,ANDROID,6.7.0,10000+ ms,337
2026-05-22,DOCUMENTS_LIST,ANDROID,6.6.1,10000+ ms,9
2026-05-22,ISSUED_DOCUMENT_DETAILS,ANDROID,6.5.1,10000+ ms,115
2026-05-22,DOCUMENTS_LIST,ANDROID,6.6.0,10000+ ms,319
2026-05-22,SHARE_DOCUMENT,ANDROID,6.7.0,10000+ ms,37
2026-05-22,DOCUMENTS_LIST,ANDROID,6.5.0,10000+ ms,18
2026-05-22,ISSUED_DOCUMENT_EVIDENCE,ANDROID,6.5.1,10000+ ms,97
2026-05-22,ISSUED_DOCUMENT_EVIDENCE,ANDROID,6.6.1,10000+ ms,12
2026-05-22,ISSUED_DOCUMENT_DETAILS,ANDROID,6.6.1,10000+ ms,15
2026-05-22,DOCUMENT_SELECTION_ISSUED_LIST,ANDROID,6.7.0,10000+ ms,12
2026-05-22,ISSUED_DOCUMENT_DETAILS,ANDROID,6.7.0,10000+ ms,4352
2026-05-22,ISSUED_DOCUMENT_DETAILS,ANDROID,6.6.0,10000+ ms,543
2026-05-22,ISSUED_DOCUMENT_DETAILS,ANDROID,6.6.2,10000+ ms,405
2026-05-22,DOCUMENTS_LIST,ANDROID,6.7.0,10000+ ms,2480
2026-05-22,NOTIFICATIONS_LIST,ANDROID,6.7.0,10000+ ms,1935
2026-05-22,ISSUED_DOCUMENT_EVIDENCE,ANDROID,6.6.0,10000+ ms,497
2026-05-22,DOCUMENTS_LIST,ANDROID,6.6.2,10000+ ms,229
2026-05-22,QR_VERIFICATION,ANDROID,6.7.0,10000+ ms,496
2026-05-22,ISSUED_DOCUMENT_DETAILS,ANDROID,6.5.0,10000+ ms,47
2026-05-22,ISSUED_DOCUMENT_EVIDENCE,ANDROID,6.7.0,10000+ ms,6835
2026-05-22,ISSUED_DOCUMENT_EVIDENCE,ANDROID,6.6.1,1001-5000 ms,21
2026-05-22,ISSUED_DOCUMENT_EVIDENCE,ANDROID,6.5.0,1001-5000 ms,55
2026-05-22,DOCUMENT_SELECTION_ISSUED_LIST,ANDROID,6.7.0,1001-5000 ms,25
2026-05-22,DOWNLOAD_SELF_SIGN_DOCUMENT,ANDROID,6.7.0,1001-5000 ms,41
2026-05-22,ISSUED_DOCUMENT_DETAILS,ANDROID,6.5.1,1001-5000 ms,108
2026-05-22,DOCUMENTS_LIST,ANDROID,6.5.1,1001-5000 ms,889
2026-05-22,NOTIFICATIONS_LIST,ANDROID,6.7.0,1001-5000 ms,14531
2026-05-22,ISSUED_DOCUMENT_DETAILS,ANDROID,6.6.2,1001-5000 ms,497
2026-05-22,ISSUED_DOCUMENT_EVIDENCE,ANDROID,6.6.0,1001-5000 ms,495
2026-05-22,ISSUED_DOCUMENT_DETAILS,ANDROID,6.6.1,1001-5000 ms,19
2026-05-22,DOCUMENTS_LIST,ANDROID,6.6.2,1001-5000 ms,4234
2026-05-22,ISSUED_DOCUMENT_EVIDENCE,ANDROID,6.5.1,1001-5000 ms,101
2026-05-22,DOCUMENTS_LIST,ANDROID,6.6.1,1001-5000 ms,155
2026-05-22,DOCUMENTS_LIST,ANDROID,6.6.0,1001-5000 ms,4943
2026-05-22,ISSUED_DOCUMENT_EVIDENCE,ANDROID,6.6.2,1001-5000 ms,448
2026-05-22,ISSUED_DOCUMENT_DETAILS,ANDROID,6.5.0,1001-5000 ms,60
2026-05-22,ISSUED_DOCUMENT_EVIDENCE,ANDROID,6.7.0,1001-5000 ms,17787
2026-05-22,ISSUED_DOCUMENT_DETAILS,ANDROID,6.6.0,1001-5000 ms,583
2026-05-22,ISSUERS_LIST,ANDROID,6.7.0,1001-5000 ms,47803
2026-05-22,NON_ACTIONABLE_NOTIFICATION_DETAILS,ANDROID,6.7.0,1001-5000 ms,6275
2026-05-22,UPLOADED_DOCUMENT_EVIDENCE,ANDROID,6.7.0,1001-5000 ms,314
2026-05-22,ACTIONABLE_NOTIFICATION_DETAILS,ANDROID,6.7.0,1001-5000 ms,12155
2026-05-22,ISSUED_DOCUMENT_DETAILS,ANDROID,6.7.0,1001-5000 ms,14272
2026-05-22,QR_VERIFICATION,ANDROID,6.7.0,1001-5000 ms,2150
2026-05-22,SHARE_DOCUMENT,ANDROID,6.7.0,1001-5000 ms,250
2026-05-22,DOCUMENTS_LIST,ANDROID,6.5.0,1001-5000 ms,404
2026-05-22,DOWNLOAD_DOCUMENT,ANDROID,6.7.0,1001-5000 ms,360
2026-05-22,DOCUMENTS_LIST,ANDROID,6.7.0,1001-5000 ms,110370
2026-05-22,QR_VERIFICATION,ANDROID,6.7.0,101-500 ms,633
2026-05-22,ISSUED_DOCUMENT_DETAILS,ANDROID,6.5.0,101-500 ms,7
2026-05-22,ISSUED_DOCUMENT_EVIDENCE,ANDROID,6.6.0,101-500 ms,3
2026-05-22,ISSUED_DOCUMENT_DETAILS,ANDROID,6.7.0,101-500 ms,4358
2026-05-22,DOCUMENTS_LIST,ANDROID,6.6.2,101-500 ms,1
2026-05-22,ISSUERS_LIST,ANDROID,6.7.0,101-500 ms,40
2026-05-22,NON_ACTIONABLE_NOTIFICATION_DETAILS,ANDROID,6.7.0,101-500 ms,69406
2026-05-22,ISSUED_DOCUMENT_DETAILS,ANDROID,6.6.2,101-500 ms,46
2026-05-22,DOCUMENTS_LIST,ANDROID,6.7.0,101-500 ms,86
2026-05-22,UPLOADED_DOCUMENT_EVIDENCE,ANDROID,6.7.0,101-500 ms,216
2026-05-22,ISSUED_DOCUMENT_DETAILS,ANDROID,6.6.0,101-500 ms,57
2026-05-22,ACTIONABLE_NOTIFICATION_DETAILS,ANDROID,6.7.0,101-500 ms,49
2026-05-22,DOCUMENT_SELECTION_ISSUED_LIST,ANDROID,6.7.0,101-500 ms,5
2026-05-22,ISSUED_DOCUMENT_EVIDENCE,ANDROID,6.7.0,101-500 ms,193
2026-05-22,DOCUMENT_SELECTION_UPLOADED_LIST,ANDROID,6.7.0,101-500 ms,3
2026-05-22,NOTIFICATIONS_LIST,ANDROID,6.7.0,101-500 ms,76271
2026-05-22,DOWNLOAD_SELF_SIGN_DOCUMENT,ANDROID,6.7.0,101-500 ms,48
2026-05-22,DOWNLOAD_DOCUMENT,ANDROID,6.7.0,101-500 ms,3
2026-05-22,DOCUMENTS_LIST,ANDROID,6.6.0,101-500 ms,1
2026-05-22,ISSUED_DOCUMENT_DETAILS,ANDROID,6.6.1,101-500 ms,1
2026-05-22,ISSUED_DOCUMENT_EVIDENCE,ANDROID,6.6.2,101-500 ms,1
2026-05-22,ISSUED_DOCUMENT_DETAILS,ANDROID,6.5.1,101-500 ms,12
2026-05-22,ISSUED_DOCUMENT_DETAILS,ANDROID,6.6.0,5001-10000 ms,52
2026-05-22,ISSUED_DOCUMENT_EVIDENCE,ANDROID,6.6.0,5001-10000 ms,276
2026-05-22,ISSUERS_LIST,ANDROID,6.7.0,5001-10000 ms,3177
2026-05-22,DOCUMENTS_LIST,ANDROID,6.6.2,5001-10000 ms,494
2026-05-22,DOWNLOAD_DOCUMENT,ANDROID,6.7.0,5001-10000 ms,28
2026-05-22,ISSUED_DOCUMENT_EVIDENCE,ANDROID,6.7.0,5001-10000 ms,7593
2026-05-22,DOCUMENTS_LIST,ANDROID,6.7.0,5001-10000 ms,4497
2026-05-22,DOCUMENTS_LIST,ANDROID,6.6.0,5001-10000 ms,498
2026-05-22,ISSUED_DOCUMENT_DETAILS,ANDROID,6.5.1,5001-10000 ms,15
2026-05-22,ISSUED_DOCUMENT_DETAILS,ANDROID,6.6.2,5001-10000 ms,60
2026-05-22,ISSUED_DOCUMENT_EVIDENCE,ANDROID,6.6.2,5001-10000 ms,236
2026-05-22,DOCUMENTS_LIST,ANDROID,6.5.1,5001-10000 ms,91
2026-05-22,ACTIONABLE_NOTIFICATION_DETAILS,ANDROID,6.7.0,5001-10000 ms,11036
2026-05-22,NOTIFICATIONS_LIST,ANDROID,6.7.0,5001-10000 ms,1435
2026-05-22,ISSUED_DOCUMENT_DETAILS,ANDROID,6.5.0,5001-10000 ms,9
2026-05-22,UPLOADED_DOCUMENT_EVIDENCE,ANDROID,6.7.0,5001-10000 ms,30
2026-05-22,DOCUMENTS_LIST,ANDROID,6.6.1,5001-10000 ms,14
2026-05-22,SHARE_DOCUMENT,ANDROID,6.7.0,5001-10000 ms,32
2026-05-22,ISSUED_DOCUMENT_DETAILS,ANDROID,6.7.0,5001-10000 ms,1371
2026-05-22,ISSUED_DOCUMENT_EVIDENCE,ANDROID,6.6.1,5001-10000 ms,9
2026-05-22,DOCUMENTS_LIST,ANDROID,6.5.0,5001-10000 ms,38
2026-05-22,QR_VERIFICATION,ANDROID,6.7.0,5001-10000 ms,127
2026-05-22,NON_ACTIONABLE_NOTIFICATION_DETAILS,ANDROID,6.7.0,5001-10000 ms,355
2026-05-22,ISSUED_DOCUMENT_EVIDENCE,ANDROID,6.5.1,5001-10000 ms,54
2026-05-22,DOWNLOAD_SELF_SIGN_DOCUMENT,ANDROID,6.7.0,5001-10000 ms,3
2026-05-22,ISSUED_DOCUMENT_EVIDENCE,ANDROID,6.5.0,5001-10000 ms,27
2026-05-22,ISSUED_DOCUMENT_DETAILS,ANDROID,6.7.0,501-1000 ms,20355
2026-05-22,ACTIONABLE_NOTIFICATION_DETAILS,ANDROID,6.7.0,501-1000 ms,21
2026-05-22,QR_VERIFICATION,ANDROID,6.7.0,501-1000 ms,3210
2026-05-22,ISSUED_DOCUMENT_DETAILS,ANDROID,6.6.2,501-1000 ms,427
2026-05-22,DOWNLOAD_DOCUMENT,ANDROID,6.7.0,501-1000 ms,24
2026-05-22,DOWNLOAD_SELF_SIGN_DOCUMENT,ANDROID,6.7.0,501-1000 ms,54
2026-05-22,ISSUED_DOCUMENT_EVIDENCE,ANDROID,6.7.0,501-1000 ms,997
2026-05-22,ISSUED_DOCUMENT_DETAILS,ANDROID,6.5.0,501-1000 ms,65
2026-05-22,ISSUED_DOCUMENT_DETAILS,ANDROID,6.6.1,501-1000 ms,13
2026-05-22,ISSUED_DOCUMENT_EVIDENCE,ANDROID,6.5.0,501-1000 ms,2
2026-05-22,ISSUED_DOCUMENT_EVIDENCE,ANDROID,6.6.0,501-1000 ms,14
2026-05-22,ISSUED_DOCUMENT_EVIDENCE,ANDROID,6.5.1,501-1000 ms,4
2026-05-22,NOTIFICATIONS_LIST,ANDROID,6.7.0,501-1000 ms,13404
2026-05-22,ISSUERS_LIST,ANDROID,6.7.0,501-1000 ms,6
2026-05-22,ISSUED_DOCUMENT_DETAILS,ANDROID,6.5.1,501-1000 ms,103
2026-05-22,UPLOADED_DOCUMENT_EVIDENCE,ANDROID,6.7.0,501-1000 ms,319
2026-05-22,DOCUMENT_SELECTION_ISSUED_LIST,ANDROID,6.7.0,501-1000 ms,23
2026-05-22,SHARE_DOCUMENT,ANDROID,6.7.0,501-1000 ms,13
2026-05-22,DOCUMENTS_LIST,ANDROID,6.7.0,501-1000 ms,15
2026-05-22,ISSUED_DOCUMENT_EVIDENCE,ANDROID,6.6.2,501-1000 ms,11
2026-05-22,NON_ACTIONABLE_NOTIFICATION_DETAILS,ANDROID,6.7.0,501-1000 ms,12056
2026-05-22,ISSUED_DOCUMENT_DETAILS,ANDROID,6.6.0,501-1000 ms,535
2026-05-22,ISSUERS_LIST,ANDROID,6.7.0,51-100 ms,2
2026-05-22,DOCUMENTS_LIST,ANDROID,6.7.0,51-100 ms,1
2026-05-22,NOTIFICATIONS_LIST,ANDROID,6.7.0,51-100 ms,2779
2026-05-22,ISSUED_DOCUMENT_EVIDENCE,ANDROID,6.7.0,51-100 ms,1
2026-05-22,NON_ACTIONABLE_NOTIFICATION_DETAILS,ANDROID,6.7.0,51-100 ms,77
2026-05-22,ACTIONABLE_NOTIFICATION_DETAILS,ANDROID,6.7.0,51-100 ms,10
2026-05-22,DOCUMENTS_LIST,ANDROID,6.7.0,< 0 ms,119
2026-05-22,ISSUED_DOCUMENT_DETAILS,ANDROID,6.6.0,< 0 ms,1
2026-05-22,ISSUERS_LIST,ANDROID,6.7.0,< 0 ms,7
2026-05-22,DOCUMENTS_LIST,ANDROID,6.6.2,< 0 ms,6
2026-05-22,DOCUMENTS_LIST,ANDROID,6.6.0,< 0 ms,5
2026-05-22,ACTIONABLE_NOTIFICATION_DETAILS,ANDROID,6.7.0,< 0 ms,83
2026-05-22,ISSUED_DOCUMENT_EVIDENCE,ANDROID,6.6.0,< 0 ms,2
2026-05-22,ISSUED_DOCUMENT_EVIDENCE,ANDROID,6.5.0,= 0 ms,33
2026-05-22,ISSUED_DOCUMENT_DETAILS,ANDROID,6.5.0,= 0 ms,39
2026-05-22,DOCUMENTS_LIST,ANDROID,6.6.0,= 0 ms,420
2026-05-22,DOCUMENTS_LIST,ANDROID,6.7.0,= 0 ms,9436
2026-05-22,ISSUED_DOCUMENT_EVIDENCE,ANDROID,6.7.0,= 0 ms,863
2026-05-22,QR_VERIFICATION,ANDROID,6.7.0,= 0 ms,46
2026-05-22,NON_ACTIONABLE_NOTIFICATION_DETAILS,ANDROID,NA,= 0 ms,4
2026-05-22,DOCUMENTS_LIST,ANDROID,6.6.1,= 0 ms,10
2026-05-22,ISSUED_DOCUMENT_EVIDENCE,ANDROID,NA,= 0 ms,3
2026-05-22,ISSUED_DOCUMENT_DETAILS,ANDROID,6.6.2,= 0 ms,262
2026-05-22,DOCUMENTS_LIST,ANDROID,6.5.1,= 0 ms,53
2026-05-22,NOTIFICATIONS_LIST,ANDROID,6.7.0,= 0 ms,4547
2026-05-22,SHARE_DOCUMENT,ANDROID,6.7.0,= 0 ms,1
2026-05-22,ISSUED_DOCUMENT_DETAILS,ANDROID,6.6.1,= 0 ms,22
2026-05-22,NON_ACTIONABLE_NOTIFICATION_DETAILS,ANDROID,6.7.0,= 0 ms,537
2026-05-22,ISSUERS_LIST,ANDROID,6.7.0,= 0 ms,3439
2026-05-22,DOCUMENTS_LIST,ANDROID,6.6.2,= 0 ms,303
2026-05-22,ISSUED_DOCUMENT_DETAILS,ANDROID,6.7.0,= 0 ms,299
2026-05-22,ISSUED_DOCUMENT_DETAILS,ANDROID,NA,= 0 ms,1
2026-05-22,ISSUED_DOCUMENT_EVIDENCE,ANDROID,6.6.1,= 0 ms,22
2026-05-22,ISSUED_DOCUMENT_DETAILS,ANDROID,6.5.1,= 0 ms,79
2026-05-22,ACTIONABLE_NOTIFICATION_DETAILS,ANDROID,NA,= 0 ms,3
2026-05-22,DOCUMENTS_LIST,ANDROID,NA,= 0 ms,9
2026-05-22,ACTIONABLE_NOTIFICATION_DETAILS,ANDROID,6.7.0,= 0 ms,4041
2026-05-22,DOWNLOAD_SELF_SIGN_DOCUMENT,ANDROID,6.7.0,= 0 ms,2
2026-05-22,ISSUED_DOCUMENT_DETAILS,ANDROID,6.6.0,= 0 ms,378
2026-05-22,ISSUERS_LIST,ANDROID,NA,= 0 ms,9
2026-05-22,DOWNLOAD_DOCUMENT,ANDROID,6.7.0,= 0 ms,4
2026-05-22,NOTIFICATIONS_LIST,ANDROID,NA,= 0 ms,9
2026-05-22,ISSUED_DOCUMENT_EVIDENCE,ANDROID,6.5.1,= 0 ms,78
2026-05-22,DOCUMENTS_LIST,ANDROID,6.5.0,= 0 ms,28
2026-05-22,ISSUED_DOCUMENT_EVIDENCE,ANDROID,6.6.0,= 0 ms,313
2026-05-22,ISSUED_DOCUMENT_EVIDENCE,ANDROID,6.6.2,= 0 ms,235
2026-05-22,UPLOADED_DOCUMENT_EVIDENCE,ANDROID,6.7.0,= 0 ms,18
2026-05-23,NOTIFICATIONS_LIST,ANDROID,6.7.0,1-50 ms,7
2026-05-23,ACTIONABLE_NOTIFICATION_DETAILS,ANDROID,6.7.0,1-50 ms,5
2026-05-23,ISSUED_DOCUMENT_EVIDENCE,ANDROID,6.7.0,10000+ ms,5774
2026-05-23,DOCUMENTS_LIST,ANDROID,6.6.2,10000+ ms,208
2026-05-23,ISSUED_DOCUMENT_DETAILS,ANDROID,6.6.2,10000+ ms,337
2026-05-23,ISSUED_DOCUMENT_EVIDENCE,ANDROID,6.5.0,10000+ ms,50
2026-05-23,DOCUMENT_SELECTION_UPLOADED_LIST,ANDROID,6.7.0,10000+ ms,1
2026-05-23,DOCUMENTS_LIST,ANDROID,6.7.0,10000+ ms,2043
2026-05-23,ISSUERS_LIST,ANDROID,6.7.0,10000+ ms,2443
2026-05-23,DOCUMENTS_LIST,ANDROID,6.6.0,10000+ ms,261
2026-05-23,DOWNLOAD_SELF_SIGN_DOCUMENT,ANDROID,6.7.0,10000+ ms,25
2026-05-23,DOCUMENT_SELECTION_ISSUED_LIST,ANDROID,6.7.0,10000+ ms,15
2026-05-23,ISSUED_DOCUMENT_EVIDENCE,ANDROID,6.5.1,10000+ ms,86
2026-05-23,ISSUED_DOCUMENT_EVIDENCE,ANDROID,6.6.0,10000+ ms,468
2026-05-23,DOCUMENTS_LIST,ANDROID,6.6.1,10000+ ms,9
2026-05-23,ISSUED_DOCUMENT_DETAILS,ANDROID,6.5.0,10000+ ms,39
2026-05-23,DOWNLOAD_DOCUMENT,ANDROID,6.7.0,10000+ ms,38
2026-05-23,ISSUED_DOCUMENT_DETAILS,ANDROID,6.7.0,10000+ ms,3782
2026-05-23,NOTIFICATIONS_LIST,ANDROID,6.7.0,10000+ ms,1582
2026-05-23,ISSUED_DOCUMENT_DETAILS,ANDROID,6.6.0,10000+ ms,467
2026-05-23,UPLOADED_DOCUMENT_EVIDENCE,ANDROID,6.7.0,10000+ ms,43
2026-05-23,QR_VERIFICATION,ANDROID,6.7.0,10000+ ms,411
2026-05-23,NON_ACTIONABLE_NOTIFICATION_DETAILS,ANDROID,6.7.0,10000+ ms,255
2026-05-23,ISSUED_DOCUMENT_EVIDENCE,ANDROID,6.6.1,10000+ ms,12
2026-05-23,SHARE_DOCUMENT,ANDROID,6.7.0,10000+ ms,53
2026-05-23,DOCUMENTS_LIST,ANDROID,6.5.1,10000+ ms,41
2026-05-23,ISSUED_DOCUMENT_EVIDENCE,ANDROID,6.6.2,10000+ ms,334
2026-05-23,ISSUED_DOCUMENT_DETAILS,ANDROID,6.6.1,10000+ ms,18
2026-05-23,ACTIONABLE_NOTIFICATION_DETAILS,ANDROID,6.7.0,10000+ ms,7835
2026-05-23,DOCUMENTS_LIST,ANDROID,6.5.0,10000+ ms,19
2026-05-23,ISSUED_DOCUMENT_DETAILS,ANDROID,6.5.1,10000+ ms,84
2026-05-23,DOWNLOAD_DOCUMENT,ANDROID,6.7.0,1001-5000 ms,365
2026-05-23,ACTIONABLE_NOTIFICATION_DETAILS,ANDROID,6.7.0,1001-5000 ms,11779
2026-05-23,UPLOADED_DOCUMENT_EVIDENCE,ANDROID,6.7.0,1001-5000 ms,288
2026-05-23,ISSUED_DOCUMENT_DETAILS,ANDROID,6.5.1,1001-5000 ms,101
2026-05-23,ISSUERS_LIST,ANDROID,6.7.0,1001-5000 ms,42241
2026-05-23,ISSUED_DOCUMENT_DETAILS,ANDROID,6.7.0,1001-5000 ms,12575
2026-05-23,NON_ACTIONABLE_NOTIFICATION_DETAILS,ANDROID,6.7.0,1001-5000 ms,5957
2026-05-23,ISSUED_DOCUMENT_DETAILS,ANDROID,6.6.0,1001-5000 ms,584
2026-05-23,NOTIFICATIONS_LIST,ANDROID,6.7.0,1001-5000 ms,12709
2026-05-23,DOCUMENTS_LIST,ANDROID,6.5.0,1001-5000 ms,358
2026-05-23,ISSUED_DOCUMENT_DETAILS,ANDROID,6.5.0,1001-5000 ms,46
2026-05-23,ISSUED_DOCUMENT_DETAILS,ANDROID,6.6.1,1001-5000 ms,15
2026-05-23,ISSUED_DOCUMENT_EVIDENCE,ANDROID,6.6.0,1001-5000 ms,490
2026-05-23,ISSUED_DOCUMENT_EVIDENCE,ANDROID,6.6.1,1001-5000 ms,11
2026-05-23,DOCUMENTS_LIST,ANDROID,6.6.1,1001-5000 ms,126
2026-05-23,DOCUMENTS_LIST,ANDROID,6.6.2,1001-5000 ms,3372
2026-05-23,QR_VERIFICATION,ANDROID,6.7.0,1001-5000 ms,1791
2026-05-23,ISSUED_DOCUMENT_EVIDENCE,ANDROID,6.6.2,1001-5000 ms,354
2026-05-23,DOCUMENTS_LIST,ANDROID,6.5.1,1001-5000 ms,825
2026-05-23,ISSUED_DOCUMENT_DETAILS,ANDROID,6.6.2,1001-5000 ms,425
2026-05-23,SHARE_DOCUMENT,ANDROID,6.7.0,1001-5000 ms,237
2026-05-23,ISSUED_DOCUMENT_EVIDENCE,ANDROID,6.5.1,1001-5000 ms,96
2026-05-23,DOCUMENTS_LIST,ANDROID,6.7.0,1001-5000 ms,97152
2026-05-23,DOCUMENTS_LIST,ANDROID,6.6.0,1001-5000 ms,4396
2026-05-23,ISSUED_DOCUMENT_EVIDENCE,ANDROID,6.5.0,1001-5000 ms,37
2026-05-23,ISSUED_DOCUMENT_EVIDENCE,ANDROID,6.7.0,1001-5000 ms,15581
2026-05-23,DOWNLOAD_SELF_SIGN_DOCUMENT,ANDROID,6.7.0,1001-5000 ms,36
2026-05-23,DOCUMENT_SELECTION_ISSUED_LIST,ANDROID,6.7.0,1001-5000 ms,12
2026-05-23,ISSUED_DOCUMENT_DETAILS,ANDROID,6.5.0,101-500 ms,4
2026-05-23,DOWNLOAD_DOCUMENT,ANDROID,6.7.0,101-500 ms,6
2026-05-23,ACTIONABLE_NOTIFICATION_DETAILS,ANDROID,6.7.0,101-500 ms,54
2026-05-23,ISSUED_DOCUMENT_DETAILS,ANDROID,6.5.1,101-500 ms,6
2026-05-23,DOCUMENT_SELECTION_ISSUED_LIST,ANDROID,6.7.0,101-500 ms,4
2026-05-23,DOCUMENT_SELECTION_UPLOADED_LIST,ANDROID,6.7.0,101-500 ms,1
2026-05-23,QR_VERIFICATION,ANDROID,6.7.0,101-500 ms,511
2026-05-23,ISSUED_DOCUMENT_DETAILS,ANDROID,6.6.2,101-500 ms,33
2026-05-23,ISSUED_DOCUMENT_DETAILS,ANDROID,6.7.0,101-500 ms,4120
2026-05-23,DOCUMENTS_LIST,ANDROID,6.7.0,101-500 ms,58
2026-05-23,NON_ACTIONABLE_NOTIFICATION_DETAILS,ANDROID,6.7.0,101-500 ms,58879
2026-05-23,ISSUED_DOCUMENT_DETAILS,ANDROID,6.6.0,101-500 ms,49
2026-05-23,NOTIFICATIONS_LIST,ANDROID,6.7.0,101-500 ms,65872
2026-05-23,ISSUED_DOCUMENT_EVIDENCE,ANDROID,6.7.0,101-500 ms,175
2026-05-23,DOWNLOAD_SELF_SIGN_DOCUMENT,ANDROID,6.7.0,101-500 ms,54
2026-05-23,ISSUED_DOCUMENT_EVIDENCE,ANDROID,6.6.0,101-500 ms,2
2026-05-23,ISSUED_DOCUMENT_EVIDENCE,ANDROID,6.5.0,101-500 ms,1
2026-05-23,ISSUED_DOCUMENT_EVIDENCE,ANDROID,6.6.2,101-500 ms,1
2026-05-23,DOCUMENTS_LIST,ANDROID,6.5.1,101-500 ms,1
2026-05-23,ISSUERS_LIST,ANDROID,6.7.0,101-500 ms,35
2026-05-23,SHARE_DOCUMENT,ANDROID,6.7.0,101-500 ms,2
2026-05-23,UPLOADED_DOCUMENT_EVIDENCE,ANDROID,6.7.0,101-500 ms,237
2026-05-23,ISSUED_DOCUMENT_DETAILS,ANDROID,6.7.0,5001-10000 ms,1215
2026-05-23,DOWNLOAD_SELF_SIGN_DOCUMENT,ANDROID,6.7.0,5001-10000 ms,10
2026-05-23,DOCUMENTS_LIST,ANDROID,6.6.1,5001-10000 ms,16
2026-05-23,ISSUED_DOCUMENT_EVIDENCE,ANDROID,6.7.0,5001-10000 ms,6612
2026-05-23,ISSUED_DOCUMENT_DETAILS,ANDROID,6.5.0,5001-10000 ms,8
2026-05-23,DOCUMENTS_LIST,ANDROID,6.5.1,5001-10000 ms,80
2026-05-23,UPLOADED_DOCUMENT_EVIDENCE,ANDROID,6.7.0,5001-10000 ms,38
2026-05-23,DOCUMENTS_LIST,ANDROID,6.5.0,5001-10000 ms,40
2026-05-23,NOTIFICATIONS_LIST,ANDROID,6.7.0,5001-10000 ms,1208
2026-05-23,SHARE_DOCUMENT,ANDROID,6.7.0,5001-10000 ms,15
2026-05-23,DOCUMENT_SELECTION_ISSUED_LIST,ANDROID,6.7.0,5001-10000 ms,1
2026-05-23,ISSUED_DOCUMENT_DETAILS,ANDROID,6.6.2,5001-10000 ms,45
2026-05-23,DOWNLOAD_DOCUMENT,ANDROID,6.7.0,5001-10000 ms,18
2026-05-23,ISSUED_DOCUMENT_EVIDENCE,ANDROID,6.6.1,5001-10000 ms,8
2026-05-23,ISSUED_DOCUMENT_DETAILS,ANDROID,6.6.0,5001-10000 ms,59
2026-05-23,QR_VERIFICATION,ANDROID,6.7.0,5001-10000 ms,87
2026-05-23,ISSUED_DOCUMENT_DETAILS,ANDROID,6.5.1,5001-10000 ms,7
2026-05-23,ACTIONABLE_NOTIFICATION_DETAILS,ANDROID,6.7.0,5001-10000 ms,10324
2026-05-23,DOCUMENTS_LIST,ANDROID,6.7.0,5001-10000 ms,3792
2026-05-23,DOCUMENTS_LIST,ANDROID,6.6.0,5001-10000 ms,476
2026-05-23,ISSUERS_LIST,ANDROID,6.7.0,5001-10000 ms,2141
2026-05-23,DOCUMENTS_LIST,ANDROID,6.6.2,5001-10000 ms,377
2026-05-23,ISSUED_DOCUMENT_EVIDENCE,ANDROID,6.6.0,5001-10000 ms,237
2026-05-23,ISSUED_DOCUMENT_EVIDENCE,ANDROID,6.5.1,5001-10000 ms,47
2026-05-23,ISSUED_DOCUMENT_EVIDENCE,ANDROID,6.5.0,5001-10000 ms,25
2026-05-23,NON_ACTIONABLE_NOTIFICATION_DETAILS,ANDROID,6.7.0,5001-10000 ms,329
2026-05-23,ISSUED_DOCUMENT_EVIDENCE,ANDROID,6.6.2,5001-10000 ms,174
2026-05-23,ISSUED_DOCUMENT_DETAILS,ANDROID,6.6.2,501-1000 ms,315
2026-05-23,ISSUED_DOCUMENT_EVIDENCE,ANDROID,6.6.2,501-1000 ms,14
2026-05-23,ISSUED_DOCUMENT_DETAILS,ANDROID,6.5.0,501-1000 ms,56
2026-05-23,ISSUED_DOCUMENT_EVIDENCE,ANDROID,6.7.0,501-1000 ms,1040
2026-05-23,ISSUED_DOCUMENT_DETAILS,ANDROID,6.6.1,501-1000 ms,9
2026-05-23,ISSUED_DOCUMENT_EVIDENCE,ANDROID,6.5.0,501-1000 ms,2
2026-05-23,ISSUED_DOCUMENT_DETAILS,ANDROID,6.7.0,501-1000 ms,18133
2026-05-23,NOTIFICATIONS_LIST,ANDROID,6.7.0,501-1000 ms,11580
2026-05-23,ISSUED_DOCUMENT_EVIDENCE,ANDROID,6.6.0,501-1000 ms,20
2026-05-23,DOCUMENTS_LIST,ANDROID,6.7.0,501-1000 ms,3
2026-05-23,SHARE_DOCUMENT,ANDROID,6.7.0,501-1000 ms,19
2026-05-23,QR_VERIFICATION,ANDROID,6.7.0,501-1000 ms,2863
2026-05-23,UPLOADED_DOCUMENT_EVIDENCE,ANDROID,6.7.0,501-1000 ms,300
2026-05-23,ACTIONABLE_NOTIFICATION_DETAILS,ANDROID,6.7.0,501-1000 ms,22
2026-05-23,ISSUED_DOCUMENT_DETAILS,ANDROID,6.5.1,501-1000 ms,93
2026-05-23,DOWNLOAD_DOCUMENT,ANDROID,6.7.0,501-1000 ms,18
2026-05-23,DOWNLOAD_SELF_SIGN_DOCUMENT,ANDROID,6.7.0,501-1000 ms,44
2026-05-23,ISSUED_DOCUMENT_EVIDENCE,ANDROID,6.5.1,501-1000 ms,2
2026-05-23,ISSUED_DOCUMENT_DETAILS,ANDROID,6.6.0,501-1000 ms,468
2026-05-23,NON_ACTIONABLE_NOTIFICATION_DETAILS,ANDROID,6.7.0,501-1000 ms,10706
2026-05-23,DOCUMENT_SELECTION_ISSUED_LIST,ANDROID,6.7.0,501-1000 ms,18
2026-05-23,ISSUED_DOCUMENT_EVIDENCE,ANDROID,6.7.0,51-100 ms,1
2026-05-23,NOTIFICATIONS_LIST,ANDROID,6.7.0,51-100 ms,2495
2026-05-23,ACTIONABLE_NOTIFICATION_DETAILS,ANDROID,6.7.0,51-100 ms,10
2026-05-23,NON_ACTIONABLE_NOTIFICATION_DETAILS,ANDROID,6.7.0,51-100 ms,77
2026-05-23,DOCUMENTS_LIST,ANDROID,6.7.0,51-100 ms,1
2026-05-23,ACTIONABLE_NOTIFICATION_DETAILS,ANDROID,6.7.0,< 0 ms,91
2026-05-23,SHARE_DOCUMENT,ANDROID,6.7.0,< 0 ms,1
2026-05-23,DOCUMENTS_LIST,ANDROID,6.6.0,< 0 ms,1
2026-05-23,ISSUED_DOCUMENT_EVIDENCE,ANDROID,6.7.0,< 0 ms,2
2026-05-23,ISSUERS_LIST,ANDROID,6.7.0,< 0 ms,11
2026-05-23,DOCUMENTS_LIST,ANDROID,6.7.0,< 0 ms,112
2026-05-23,ISSUED_DOCUMENT_DETAILS,ANDROID,6.6.0,< 0 ms,1
2026-05-23,DOCUMENTS_LIST,ANDROID,6.6.2,= 0 ms,263
2026-05-23,ISSUED_DOCUMENT_EVIDENCE,ANDROID,6.5.1,= 0 ms,64
2026-05-23,QR_VERIFICATION,ANDROID,6.7.0,= 0 ms,43
2026-05-23,DOCUMENTS_LIST,ANDROID,6.5.1,= 0 ms,54
2026-05-23,DOCUMENTS_LIST,ANDROID,6.5.0,= 0 ms,23
2026-05-23,ISSUERS_LIST,ANDROID,6.7.0,= 0 ms,2887
2026-05-23,ISSUED_DOCUMENT_DETAILS,ANDROID,6.7.0,= 0 ms,231
2026-05-23,DOCUMENTS_LIST,ANDROID,6.6.1,= 0 ms,12
2026-05-23,DOWNLOAD_SELF_SIGN_DOCUMENT,ANDROID,6.7.0,= 0 ms,2
2026-05-23,ISSUED_DOCUMENT_EVIDENCE,ANDROID,6.6.2,= 0 ms,262
2026-05-23,ISSUED_DOCUMENT_DETAILS,ANDROID,6.6.0,= 0 ms,356
2026-05-23,ISSUED_DOCUMENT_EVIDENCE,ANDROID,6.6.0,= 0 ms,298
2026-05-23,DOCUMENTS_LIST,ANDROID,6.6.0,= 0 ms,332
2026-05-23,ISSUED_DOCUMENT_DETAILS,ANDROID,6.5.1,= 0 ms,78
2026-05-23,ISSUED_DOCUMENT_EVIDENCE,ANDROID,6.5.0,= 0 ms,27
2026-05-23,NOTIFICATIONS_LIST,ANDROID,6.7.0,= 0 ms,3694
2026-05-23,ISSUED_DOCUMENT_DETAILS,ANDROID,6.5.0,= 0 ms,29
2026-05-23,UPLOADED_DOCUMENT_EVIDENCE,ANDROID,6.7.0,= 0 ms,12
2026-05-23,ISSUED_DOCUMENT_DETAILS,ANDROID,6.6.1,= 0 ms,11
2026-05-23,DOCUMENTS_LIST,ANDROID,6.7.0,= 0 ms,8274
2026-05-23,SHARE_DOCUMENT,ANDROID,6.7.0,= 0 ms,1
2026-05-23,ACTIONABLE_NOTIFICATION_DETAILS,ANDROID,6.7.0,= 0 ms,3643
2026-05-23,NON_ACTIONABLE_NOTIFICATION_DETAILS,ANDROID,6.7.0,= 0 ms,459
2026-05-23,ISSUED_DOCUMENT_DETAILS,ANDROID,6.6.2,= 0 ms,291
2026-05-23,DOCUMENT_SELECTION_ISSUED_LIST,ANDROID,6.7.0,= 0 ms,1
2026-05-23,DOWNLOAD_DOCUMENT,ANDROID,6.7.0,= 0 ms,5
2026-05-23,ISSUED_DOCUMENT_EVIDENCE,ANDROID,6.7.0,= 0 ms,732
2026-05-23,ISSUED_DOCUMENT_EVIDENCE,ANDROID,6.6.1,= 0 ms,9
2026-05-24,ACTIONABLE_NOTIFICATION_DETAILS,ANDROID,6.7.0,1-50 ms,5
2026-05-24,NOTIFICATIONS_LIST,ANDROID,6.7.0,1-50 ms,6
2026-05-24,ISSUED_DOCUMENT_DETAILS,ANDROID,6.7.0,10000+ ms,3537
2026-05-24,QR_VERIFICATION,ANDROID,6.7.0,10000+ ms,318
2026-05-24,DOCUMENTS_LIST,ANDROID,6.7.0,10000+ ms,1809
2026-05-24,DOCUMENT_SELECTION_ISSUED_LIST,ANDROID,6.7.0,10000+ ms,11
2026-05-24,ISSUERS_LIST,ANDROID,6.7.0,10000+ ms,2196
2026-05-24,ISSUED_DOCUMENT_DETAILS,ANDROID,6.5.0,10000+ ms,42
2026-05-24,ISSUED_DOCUMENT_DETAILS,ANDROID,6.6.0,10000+ ms,388
2026-05-24,DOCUMENT_SELECTION_UPLOADED_LIST,ANDROID,6.7.0,10000+ ms,1
2026-05-24,NOTIFICATIONS_LIST,ANDROID,6.7.0,10000+ ms,1376
2026-05-24,ACTIONABLE_NOTIFICATION_DETAILS,ANDROID,6.7.0,10000+ ms,6904
2026-05-24,ISSUED_DOCUMENT_DETAILS,ANDROID,6.6.1,10000+ ms,11
2026-05-24,DOCUMENTS_LIST,ANDROID,6.6.1,10000+ ms,5
2026-05-24,SHARE_DOCUMENT,ANDROID,6.7.0,10000+ ms,35
2026-05-24,ISSUED_DOCUMENT_EVIDENCE,ANDROID,6.5.1,10000+ ms,82
2026-05-24,DOCUMENTS_LIST,ANDROID,6.6.0,10000+ ms,275
2026-05-24,DOCUMENTS_LIST,ANDROID,6.5.1,10000+ ms,49
2026-05-24,ISSUED_DOCUMENT_EVIDENCE,ANDROID,6.7.0,10000+ ms,5379
2026-05-24,DOCUMENTS_LIST,ANDROID,6.5.0,10000+ ms,19
2026-05-24,ISSUED_DOCUMENT_EVIDENCE,ANDROID,6.6.1,10000+ ms,14
2026-05-24,UPLOADED_DOCUMENT_EVIDENCE,ANDROID,6.7.0,10000+ ms,28
2026-05-24,ISSUED_DOCUMENT_DETAILS,ANDROID,6.6.2,10000+ ms,305
2026-05-24,DOWNLOAD_DOCUMENT,ANDROID,6.7.0,10000+ ms,30
2026-05-24,ISSUED_DOCUMENT_DETAILS,ANDROID,6.5.1,10000+ ms,80
2026-05-24,DOCUMENTS_LIST,ANDROID,6.6.2,10000+ ms,196
2026-05-24,NON_ACTIONABLE_NOTIFICATION_DETAILS,ANDROID,6.7.0,10000+ ms,259
2026-05-24,ISSUED_DOCUMENT_EVIDENCE,ANDROID,6.5.0,10000+ ms,44
2026-05-24,ISSUED_DOCUMENT_EVIDENCE,ANDROID,6.6.0,10000+ ms,366
2026-05-24,DOWNLOAD_SELF_SIGN_DOCUMENT,ANDROID,6.7.0,10000+ ms,15
2026-05-24,ISSUED_DOCUMENT_EVIDENCE,ANDROID,6.6.2,10000+ ms,286
2026-05-24,DOWNLOAD_DOCUMENT,ANDROID,6.7.0,1001-5000 ms,315
2026-05-24,NON_ACTIONABLE_NOTIFICATION_DETAILS,ANDROID,6.7.0,1001-5000 ms,5434
2026-05-24,ISSUED_DOCUMENT_EVIDENCE,ANDROID,6.7.0,1001-5000 ms,13573
2026-05-24,ISSUED_DOCUMENT_DETAILS,ANDROID,6.6.1,1001-5000 ms,16
2026-05-24,ISSUERS_LIST,ANDROID,6.7.0,1001-5000 ms,37096
2026-05-24,ISSUED_DOCUMENT_DETAILS,ANDROID,6.5.0,1001-5000 ms,45
2026-05-24,ISSUED_DOCUMENT_DETAILS,ANDROID,6.7.0,1001-5000 ms,11091
2026-05-24,DOCUMENTS_LIST,ANDROID,6.6.0,1001-5000 ms,3703
2026-05-24,DOCUMENTS_LIST,ANDROID,6.6.1,1001-5000 ms,116
2026-05-24,ACTIONABLE_NOTIFICATION_DETAILS,ANDROID,6.7.0,1001-5000 ms,10113
2026-05-24,ISSUED_DOCUMENT_EVIDENCE,ANDROID,6.5.0,1001-5000 ms,30
2026-05-24,UPLOADED_DOCUMENT_EVIDENCE,ANDROID,6.7.0,1001-5000 ms,265
2026-05-24,DOCUMENTS_LIST,ANDROID,6.5.1,1001-5000 ms,745
2026-05-24,NOTIFICATIONS_LIST,ANDROID,6.7.0,1001-5000 ms,11369
2026-05-24,DOCUMENTS_LIST,ANDROID,6.5.0,1001-5000 ms,303
2026-05-24,ISSUED_DOCUMENT_EVIDENCE,ANDROID,6.5.1,1001-5000 ms,77
2026-05-24,ISSUED_DOCUMENT_DETAILS,ANDROID,6.5.1,1001-5000 ms,101
2026-05-24,ISSUED_DOCUMENT_EVIDENCE,ANDROID,6.6.1,1001-5000 ms,11
2026-05-24,DOCUMENT_SELECTION_ISSUED_LIST,ANDROID,6.7.0,1001-5000 ms,12
2026-05-24,ISSUED_DOCUMENT_DETAILS,ANDROID,6.6.0,1001-5000 ms,457
2026-05-24,DOCUMENTS_LIST,ANDROID,6.6.2,1001-5000 ms,2838
2026-05-24,QR_VERIFICATION,ANDROID,6.7.0,1001-5000 ms,1639
2026-05-24,DOCUMENTS_LIST,ANDROID,6.7.0,1001-5000 ms,84642
2026-05-24,ISSUED_DOCUMENT_DETAILS,ANDROID,6.6.2,1001-5000 ms,325
2026-05-24,ISSUED_DOCUMENT_EVIDENCE,ANDROID,6.6.0,1001-5000 ms,351
2026-05-24,SHARE_DOCUMENT,ANDROID,6.7.0,1001-5000 ms,165
2026-05-24,ISSUED_DOCUMENT_EVIDENCE,ANDROID,6.6.2,1001-5000 ms,274
2026-05-24,DOWNLOAD_SELF_SIGN_DOCUMENT,ANDROID,6.7.0,1001-5000 ms,35
2026-05-24,UPLOADED_DOCUMENT_EVIDENCE,ANDROID,6.7.0,101-500 ms,169
2026-05-24,ISSUED_DOCUMENT_EVIDENCE,ANDROID,6.7.0,101-500 ms,134
2026-05-24,ISSUED_DOCUMENT_DETAILS,ANDROID,6.6.2,101-500 ms,28
2026-05-24,ISSUED_DOCUMENT_DETAILS,ANDROID,6.6.1,101-500 ms,1
2026-05-24,ISSUED_DOCUMENT_DETAILS,ANDROID,6.6.0,101-500 ms,39
2026-05-24,NOTIFICATIONS_LIST,ANDROID,6.7.0,101-500 ms,56485
2026-05-24,NON_ACTIONABLE_NOTIFICATION_DETAILS,ANDROID,6.7.0,101-500 ms,51936
2026-05-24,ISSUED_DOCUMENT_DETAILS,ANDROID,6.7.0,101-500 ms,3752
2026-05-24,QR_VERIFICATION,ANDROID,6.7.0,101-500 ms,499
2026-05-24,ISSUED_DOCUMENT_EVIDENCE,ANDROID,6.6.0,101-500 ms,1
2026-05-24,DOCUMENTS_LIST,ANDROID,6.7.0,101-500 ms,41
2026-05-24,ISSUERS_LIST,ANDROID,6.7.0,101-500 ms,20
2026-05-24,DOCUMENTS_LIST,ANDROID,6.6.2,101-500 ms,1
2026-05-24,DOCUMENT_SELECTION_ISSUED_LIST,ANDROID,6.7.0,101-500 ms,2
2026-05-24,ACTIONABLE_NOTIFICATION_DETAILS,ANDROID,6.7.0,101-500 ms,45
2026-05-24,ISSUED_DOCUMENT_DETAILS,ANDROID,6.5.1,101-500 ms,13
2026-05-24,ISSUED_DOCUMENT_EVIDENCE,ANDROID,6.6.2,101-500 ms,3
2026-05-24,DOWNLOAD_SELF_SIGN_DOCUMENT,ANDROID,6.7.0,101-500 ms,38
2026-05-24,DOWNLOAD_DOCUMENT,ANDROID,6.7.0,101-500 ms,1
2026-05-24,DOCUMENTS_LIST,ANDROID,6.6.0,5001-10000 ms,417
2026-05-24,ACTIONABLE_NOTIFICATION_DETAILS,ANDROID,6.7.0,5001-10000 ms,8930
2026-05-24,DOCUMENTS_LIST,ANDROID,6.6.1,5001-10000 ms,19
2026-05-24,ISSUED_DOCUMENT_DETAILS,ANDROID,6.7.0,5001-10000 ms,1206
2026-05-24,ISSUED_DOCUMENT_DETAILS,ANDROID,6.5.0,5001-10000 ms,2
2026-05-24,ISSUED_DOCUMENT_DETAILS,ANDROID,6.5.1,5001-10000 ms,10
2026-05-24,SHARE_DOCUMENT,ANDROID,6.7.0,5001-10000 ms,10
2026-05-24,DOWNLOAD_SELF_SIGN_DOCUMENT,ANDROID,6.7.0,5001-10000 ms,14
2026-05-24,UPLOADED_DOCUMENT_EVIDENCE,ANDROID,6.7.0,5001-10000 ms,38
2026-05-24,ISSUED_DOCUMENT_EVIDENCE,ANDROID,6.6.0,5001-10000 ms,225
2026-05-24,NOTIFICATIONS_LIST,ANDROID,6.7.0,5001-10000 ms,1011
2026-05-24,ISSUERS_LIST,ANDROID,6.7.0,5001-10000 ms,1812
2026-05-24,ISSUED_DOCUMENT_EVIDENCE,ANDROID,6.6.2,5001-10000 ms,151
2026-05-24,DOCUMENTS_LIST,ANDROID,6.6.2,5001-10000 ms,343
2026-05-24,ISSUED_DOCUMENT_EVIDENCE,ANDROID,6.5.0,5001-10000 ms,19
2026-05-24,DOWNLOAD_DOCUMENT,ANDROID,6.7.0,5001-10000 ms,11
2026-05-24,ISSUED_DOCUMENT_DETAILS,ANDROID,6.6.0,5001-10000 ms,57
2026-05-24,ISSUED_DOCUMENT_DETAILS,ANDROID,6.6.2,5001-10000 ms,34
2026-05-24,DOCUMENTS_LIST,ANDROID,6.7.0,5001-10000 ms,3272
2026-05-24,ISSUED_DOCUMENT_EVIDENCE,ANDROID,6.7.0,5001-10000 ms,5737
2026-05-24,DOCUMENTS_LIST,ANDROID,6.5.1,5001-10000 ms,82
2026-05-24,QR_VERIFICATION,ANDROID,6.7.0,5001-10000 ms,120
2026-05-24,ISSUED_DOCUMENT_EVIDENCE,ANDROID,6.6.1,5001-10000 ms,4
2026-05-24,DOCUMENT_SELECTION_ISSUED_LIST,ANDROID,6.7.0,5001-10000 ms,1
2026-05-24,ISSUED_DOCUMENT_EVIDENCE,ANDROID,6.5.1,5001-10000 ms,34
2026-05-24,DOCUMENTS_LIST,ANDROID,6.5.0,5001-10000 ms,36
2026-05-24,NON_ACTIONABLE_NOTIFICATION_DETAILS,ANDROID,6.7.0,5001-10000 ms,306
2026-05-24,UPLOADED_DOCUMENT_EVIDENCE,ANDROID,6.7.0,501-1000 ms,243
2026-05-24,ISSUED_DOCUMENT_EVIDENCE,ANDROID,6.6.0,501-1000 ms,24
2026-05-24,ISSUED_DOCUMENT_DETAILS,ANDROID,6.7.0,501-1000 ms,15795
2026-05-24,DOCUMENTS_LIST,ANDROID,6.6.0,501-1000 ms,1
2026-05-24,DOCUMENTS_LIST,ANDROID,6.7.0,501-1000 ms,1
2026-05-24,ISSUED_DOCUMENT_DETAILS,ANDROID,6.6.2,501-1000 ms,286
2026-05-24,SHARE_DOCUMENT,ANDROID,6.7.0,501-1000 ms,15
2026-05-24,ISSUED_DOCUMENT_DETAILS,ANDROID,6.5.1,501-1000 ms,71
2026-05-24,ISSUED_DOCUMENT_DETAILS,ANDROID,6.5.0,501-1000 ms,26
2026-05-24,ACTIONABLE_NOTIFICATION_DETAILS,ANDROID,6.7.0,501-1000 ms,20
2026-05-24,NON_ACTIONABLE_NOTIFICATION_DETAILS,ANDROID,6.7.0,501-1000 ms,9467
2026-05-24,NOTIFICATIONS_LIST,ANDROID,6.7.0,501-1000 ms,9982
2026-05-24,ISSUED_DOCUMENT_EVIDENCE,ANDROID,6.6.2,501-1000 ms,12
2026-05-24,ISSUED_DOCUMENT_DETAILS,ANDROID,6.6.0,501-1000 ms,376
2026-05-24,DOWNLOAD_DOCUMENT,ANDROID,6.7.0,501-1000 ms,26
2026-05-24,ISSUED_DOCUMENT_EVIDENCE,ANDROID,6.5.1,501-1000 ms,2
2026-05-24,QR_VERIFICATION,ANDROID,6.7.0,501-1000 ms,2500
2026-05-24,DOCUMENT_SELECTION_ISSUED_LIST,ANDROID,6.7.0,501-1000 ms,12
2026-05-24,ISSUED_DOCUMENT_EVIDENCE,ANDROID,6.7.0,501-1000 ms,1149
2026-05-24,DOWNLOAD_SELF_SIGN_DOCUMENT,ANDROID,6.7.0,501-1000 ms,30
2026-05-24,ISSUED_DOCUMENT_DETAILS,ANDROID,6.6.1,501-1000 ms,11
2026-05-24,ISSUED_DOCUMENT_EVIDENCE,ANDROID,6.6.1,501-1000 ms,1
2026-05-24,DOCUMENTS_LIST,ANDROID,6.7.0,51-100 ms,2
2026-05-24,ACTIONABLE_NOTIFICATION_DETAILS,ANDROID,6.7.0,51-100 ms,9
2026-05-24,ISSUERS_LIST,ANDROID,6.7.0,51-100 ms,1
2026-05-24,NON_ACTIONABLE_NOTIFICATION_DETAILS,ANDROID,6.7.0,51-100 ms,86
2026-05-24,NOTIFICATIONS_LIST,ANDROID,6.7.0,51-100 ms,2385
2026-05-24,ISSUED_DOCUMENT_DETAILS,ANDROID,6.7.0,51-100 ms,2
2026-05-24,DOCUMENTS_LIST,ANDROID,6.6.1,< 0 ms,1
2026-05-24,DOCUMENTS_LIST,ANDROID,6.6.2,< 0 ms,3
2026-05-24,DOCUMENTS_LIST,ANDROID,6.7.0,< 0 ms,95
2026-05-24,DOCUMENTS_LIST,ANDROID,6.6.0,< 0 ms,3
2026-05-24,NOTIFICATIONS_LIST,ANDROID,6.7.0,< 0 ms,1
2026-05-24,ISSUED_DOCUMENT_EVIDENCE,ANDROID,6.7.0,< 0 ms,2
2026-05-24,NON_ACTIONABLE_NOTIFICATION_DETAILS,ANDROID,6.7.0,< 0 ms,2
2026-05-24,ACTIONABLE_NOTIFICATION_DETAILS,ANDROID,6.7.0,< 0 ms,69
2026-05-24,ISSUED_DOCUMENT_DETAILS,ANDROID,6.7.0,< 0 ms,1
2026-05-24,ISSUERS_LIST,ANDROID,6.7.0,< 0 ms,16
2026-05-24,DOCUMENTS_LIST,ANDROID,6.6.1,= 0 ms,12
2026-05-24,ISSUERS_LIST,ANDROID,6.7.0,= 0 ms,2410
2026-05-24,UPLOADED_DOCUMENT_EVIDENCE,ANDROID,6.7.0,= 0 ms,11
2026-05-24,NON_ACTIONABLE_NOTIFICATION_DETAILS,ANDROID,6.7.0,= 0 ms,401
2026-05-24,DOCUMENTS_LIST,ANDROID,NA,= 0 ms,1
2026-05-24,ACTIONABLE_NOTIFICATION_DETAILS,ANDROID,6.7.0,= 0 ms,3131
2026-05-24,ISSUED_DOCUMENT_EVIDENCE,ANDROID,6.7.0,= 0 ms,720
2026-05-24,NOTIFICATIONS_LIST,ANDROID,NA,= 0 ms,1
2026-05-24,ISSUED_DOCUMENT_DETAILS,ANDROID,6.6.1,= 0 ms,8
2026-05-24,ISSUED_DOCUMENT_DETAILS,ANDROID,6.5.0,= 0 ms,21
2026-05-24,DOCUMENTS_LIST,ANDROID,6.6.2,= 0 ms,240
2026-05-24,ISSUED_DOCUMENT_DETAILS,ANDROID,6.7.0,= 0 ms,232
2026-05-24,ISSUED_DOCUMENT_EVIDENCE,ANDROID,6.5.0,= 0 ms,21
2026-05-24,SHARE_DOCUMENT,ANDROID,6.7.0,= 0 ms,2
2026-05-24,DOWNLOAD_DOCUMENT,ANDROID,6.7.0,= 0 ms,5
2026-05-24,DOCUMENTS_LIST,ANDROID,6.6.0,= 0 ms,292
2026-05-24,DOCUMENTS_LIST,ANDROID,6.5.0,= 0 ms,25
2026-05-24,QR_VERIFICATION,ANDROID,6.7.0,= 0 ms,23
2026-05-24,DOCUMENTS_LIST,ANDROID,6.7.0,= 0 ms,7045
2026-05-24,ISSUED_DOCUMENT_EVIDENCE,ANDROID,6.6.0,= 0 ms,249
2026-05-24,ISSUED_DOCUMENT_EVIDENCE,ANDROID,6.5.1,= 0 ms,67
2026-05-24,ISSUED_DOCUMENT_DETAILS,ANDROID,6.5.1,= 0 ms,70
2026-05-24,ISSUED_DOCUMENT_EVIDENCE,ANDROID,6.6.2,= 0 ms,153
2026-05-24,ISSUED_DOCUMENT_DETAILS,ANDROID,6.6.0,= 0 ms,268
2026-05-24,ISSUED_DOCUMENT_DETAILS,ANDROID,6.6.2,= 0 ms,176
2026-05-24,DOCUMENTS_LIST,ANDROID,6.5.1,= 0 ms,46
2026-05-24,ISSUED_DOCUMENT_EVIDENCE,ANDROID,6.6.1,= 0 ms,6
2026-05-24,NOTIFICATIONS_LIST,ANDROID,6.7.0,= 0 ms,3387
2026-05-24,ISSUERS_LIST,ANDROID,NA,= 0 ms,1
2026-05-25,ACTIONABLE_NOTIFICATION_DETAILS,ANDROID,6.7.0,1-50 ms,5
2026-05-25,NOTIFICATIONS_LIST,ANDROID,6.7.0,1-50 ms,6
2026-05-25,DOCUMENTS_LIST,ANDROID,6.7.0,10000+ ms,2051
2026-05-25,DOCUMENTS_LIST,ANDROID,6.6.2,10000+ ms,217
2026-05-25,ISSUED_DOCUMENT_DETAILS,ANDROID,6.6.2,10000+ ms,310
2026-05-25,QR_VERIFICATION,ANDROID,6.7.0,10000+ ms,453
2026-05-25,ISSUED_DOCUMENT_DETAILS,ANDROID,6.6.0,10000+ ms,454
2026-05-25,ISSUED_DOCUMENT_DETAILS,ANDROID,6.7.0,10000+ ms,3984
2026-05-25,ISSUED_DOCUMENT_DETAILS,ANDROID,6.5.0,10000+ ms,43
2026-05-25,ACTIONABLE_NOTIFICATION_DETAILS,ANDROID,6.7.0,10000+ ms,9387
2026-05-25,ISSUED_DOCUMENT_EVIDENCE,ANDROID,6.7.0,10000+ ms,5704
2026-05-25,NON_ACTIONABLE_NOTIFICATION_DETAILS,ANDROID,6.7.0,10000+ ms,311
2026-05-25,ISSUED_DOCUMENT_EVIDENCE,ANDROID,6.6.2,10000+ ms,322
2026-05-25,DOCUMENTS_LIST,ANDROID,6.6.1,10000+ ms,7
2026-05-25,SHARE_DOCUMENT,ANDROID,6.7.0,10000+ ms,40
2026-05-25,ISSUED_DOCUMENT_EVIDENCE,ANDROID,6.6.0,10000+ ms,415
2026-05-25,DOCUMENTS_LIST,ANDROID,6.5.1,10000+ ms,51
2026-05-25,ISSUED_DOCUMENT_EVIDENCE,ANDROID,6.5.1,10000+ ms,66
2026-05-25,ISSUED_DOCUMENT_EVIDENCE,ANDROID,6.5.0,10000+ ms,57
2026-05-25,DOCUMENTS_LIST,ANDROID,6.6.0,10000+ ms,238
2026-05-25,DOCUMENT_SELECTION_ISSUED_LIST,ANDROID,6.7.0,10000+ ms,23
2026-05-25,ISSUED_DOCUMENT_DETAILS,ANDROID,6.5.1,10000+ ms,78
2026-05-25,NOTIFICATIONS_LIST,ANDROID,6.7.0,10000+ ms,1620
2026-05-25,UPLOADED_DOCUMENT_EVIDENCE,ANDROID,6.7.0,10000+ ms,45
2026-05-25,DOWNLOAD_DOCUMENT,ANDROID,6.7.0,10000+ ms,37
2026-05-25,DOCUMENT_SELECTION_UPLOADED_LIST,ANDROID,6.7.0,10000+ ms,4
2026-05-25,DOCUMENTS_LIST,ANDROID,6.5.0,10000+ ms,12
2026-05-25,ISSUERS_LIST,ANDROID,6.7.0,10000+ ms,2543
2026-05-25,ISSUED_DOCUMENT_EVIDENCE,ANDROID,6.6.1,10000+ ms,16
2026-05-25,ISSUED_DOCUMENT_DETAILS,ANDROID,6.6.1,10000+ ms,10
2026-05-25,DOWNLOAD_SELF_SIGN_DOCUMENT,ANDROID,6.7.0,10000+ ms,21
2026-05-25,DOCUMENTS_LIST,ANDROID,6.6.1,1001-5000 ms,116
2026-05-25,QR_VERIFICATION,ANDROID,6.7.0,1001-5000 ms,1934
2026-05-25,SHARE_DOCUMENT,ANDROID,6.7.0,1001-5000 ms,250
2026-05-25,DOCUMENTS_LIST,ANDROID,6.6.2,1001-5000 ms,3089
2026-05-25,ISSUED_DOCUMENT_EVIDENCE,ANDROID,6.7.0,1001-5000 ms,15738
2026-05-25,ISSUED_DOCUMENT_DETAILS,ANDROID,6.7.0,1001-5000 ms,12356
2026-05-25,ISSUED_DOCUMENT_DETAILS,ANDROID,6.6.1,1001-5000 ms,17
2026-05-25,ISSUED_DOCUMENT_EVIDENCE,ANDROID,6.5.1,1001-5000 ms,74
2026-05-25,ISSUED_DOCUMENT_DETAILS,ANDROID,6.5.1,1001-5000 ms,102
2026-05-25,NOTIFICATIONS_LIST,ANDROID,6.7.0,1001-5000 ms,13229
2026-05-25,DOCUMENTS_LIST,ANDROID,6.7.0,1001-5000 ms,98552
2026-05-25,ISSUED_DOCUMENT_DETAILS,ANDROID,6.6.0,1001-5000 ms,510
2026-05-25,DOCUMENTS_LIST,ANDROID,6.5.1,1001-5000 ms,794
2026-05-25,ISSUED_DOCUMENT_EVIDENCE,ANDROID,6.5.0,1001-5000 ms,36
2026-05-25,DOCUMENT_SELECTION_ISSUED_LIST,ANDROID,6.7.0,1001-5000 ms,21
2026-05-25,ISSUED_DOCUMENT_EVIDENCE,ANDROID,6.6.0,1001-5000 ms,464
2026-05-25,DOWNLOAD_DOCUMENT,ANDROID,6.7.0,1001-5000 ms,376
2026-05-25,ACTIONABLE_NOTIFICATION_DETAILS,ANDROID,6.7.0,1001-5000 ms,11310
2026-05-25,ISSUED_DOCUMENT_EVIDENCE,ANDROID,6.6.1,1001-5000 ms,7
2026-05-25,DOCUMENTS_LIST,ANDROID,6.5.0,1001-5000 ms,343
2026-05-25,ISSUED_DOCUMENT_DETAILS,ANDROID,6.5.0,1001-5000 ms,51
2026-05-25,DOWNLOAD_SELF_SIGN_DOCUMENT,ANDROID,6.7.0,1001-5000 ms,40
2026-05-25,ISSUERS_LIST,ANDROID,6.7.0,1001-5000 ms,41954
2026-05-25,DOCUMENTS_LIST,ANDROID,6.6.0,1001-5000 ms,4267
2026-05-25,UPLOADED_DOCUMENT_EVIDENCE,ANDROID,6.7.0,1001-5000 ms,316
2026-05-25,ISSUED_DOCUMENT_DETAILS,ANDROID,6.6.2,1001-5000 ms,405
2026-05-25,NON_ACTIONABLE_NOTIFICATION_DETAILS,ANDROID,6.7.0,1001-5000 ms,5956
2026-05-25,ISSUED_DOCUMENT_EVIDENCE,ANDROID,6.6.2,1001-5000 ms,332
2026-05-25,SHARE_DOCUMENT,ANDROID,6.7.0,101-500 ms,1
2026-05-25,ISSUED_DOCUMENT_EVIDENCE,ANDROID,6.7.0,101-500 ms,167
2026-05-25,UPLOADED_DOCUMENT_EVIDENCE,ANDROID,6.7.0,101-500 ms,232
2026-05-25,NON_ACTIONABLE_NOTIFICATION_DETAILS,ANDROID,6.7.0,101-500 ms,59251
2026-05-25,ISSUERS_LIST,ANDROID,6.7.0,101-500 ms,22
2026-05-25,ACTIONABLE_NOTIFICATION_DETAILS,ANDROID,6.7.0,101-500 ms,44
2026-05-25,QR_VERIFICATION,ANDROID,6.7.0,101-500 ms,573
2026-05-25,NOTIFICATIONS_LIST,ANDROID,6.7.0,101-500 ms,67095
2026-05-25,DOCUMENT_SELECTION_UPLOADED_LIST,ANDROID,6.7.0,101-500 ms,4
2026-05-25,ISSUED_DOCUMENT_DETAILS,ANDROID,6.6.1,101-500 ms,3
2026-05-25,ISSUED_DOCUMENT_DETAILS,ANDROID,6.5.1,101-500 ms,10
2026-05-25,DOWNLOAD_SELF_SIGN_DOCUMENT,ANDROID,6.7.0,101-500 ms,58
2026-05-25,DOCUMENTS_LIST,ANDROID,6.7.0,101-500 ms,55
2026-05-25,DOWNLOAD_DOCUMENT,ANDROID,6.7.0,101-500 ms,5
2026-05-25,DOCUMENT_SELECTION_ISSUED_LIST,ANDROID,6.7.0,101-500 ms,6
2026-05-25,ISSUED_DOCUMENT_DETAILS,ANDROID,6.5.0,101-500 ms,8
2026-05-25,ISSUED_DOCUMENT_DETAILS,ANDROID,6.6.2,101-500 ms,38
2026-05-25,ISSUED_DOCUMENT_EVIDENCE,ANDROID,6.6.0,101-500 ms,2
2026-05-25,ISSUED_DOCUMENT_EVIDENCE,ANDROID,6.6.2,101-500 ms,1
2026-05-25,ISSUED_DOCUMENT_DETAILS,ANDROID,6.6.0,101-500 ms,67
2026-05-25,ISSUED_DOCUMENT_DETAILS,ANDROID,6.7.0,101-500 ms,4047
2026-05-25,DOCUMENTS_LIST,ANDROID,6.5.1,5001-10000 ms,66
2026-05-25,ISSUED_DOCUMENT_EVIDENCE,ANDROID,6.5.0,5001-10000 ms,15
2026-05-25,ISSUED_DOCUMENT_DETAILS,ANDROID,6.6.1,5001-10000 ms,2
2026-05-25,ISSUED_DOCUMENT_DETAILS,ANDROID,6.5.0,5001-10000 ms,2
2026-05-25,SHARE_DOCUMENT,ANDROID,6.7.0,5001-10000 ms,32
2026-05-25,ISSUED_DOCUMENT_EVIDENCE,ANDROID,6.6.1,5001-10000 ms,3
2026-05-25,ISSUED_DOCUMENT_EVIDENCE,ANDROID,6.7.0,5001-10000 ms,6642
2026-05-25,DOWNLOAD_SELF_SIGN_DOCUMENT,ANDROID,6.7.0,5001-10000 ms,6
2026-05-25,ISSUED_DOCUMENT_DETAILS,ANDROID,6.6.0,5001-10000 ms,50
2026-05-25,DOCUMENTS_LIST,ANDROID,6.5.0,5001-10000 ms,31
2026-05-25,DOCUMENTS_LIST,ANDROID,6.6.1,5001-10000 ms,14
2026-05-25,DOCUMENTS_LIST,ANDROID,6.7.0,5001-10000 ms,4059
2026-05-25,ISSUED_DOCUMENT_EVIDENCE,ANDROID,6.6.2,5001-10000 ms,177
2026-05-25,ISSUERS_LIST,ANDROID,6.7.0,5001-10000 ms,2832
2026-05-25,DOWNLOAD_DOCUMENT,ANDROID,6.7.0,5001-10000 ms,41
2026-05-25,ISSUED_DOCUMENT_EVIDENCE,ANDROID,6.5.1,5001-10000 ms,51
2026-05-25,UPLOADED_DOCUMENT_EVIDENCE,ANDROID,6.7.0,5001-10000 ms,49
2026-05-25,DOCUMENT_SELECTION_ISSUED_LIST,ANDROID,6.7.0,5001-10000 ms,1
2026-05-25,QR_VERIFICATION,ANDROID,6.7.0,5001-10000 ms,122
2026-05-25,ISSUED_DOCUMENT_DETAILS,ANDROID,6.5.1,5001-10000 ms,12
2026-05-25,DOCUMENTS_LIST,ANDROID,6.6.0,5001-10000 ms,432
2026-05-25,ISSUED_DOCUMENT_EVIDENCE,ANDROID,6.6.0,5001-10000 ms,225
2026-05-25,ACTIONABLE_NOTIFICATION_DETAILS,ANDROID,6.7.0,5001-10000 ms,9667
2026-05-25,ISSUED_DOCUMENT_DETAILS,ANDROID,6.7.0,5001-10000 ms,1178
2026-05-25,NON_ACTIONABLE_NOTIFICATION_DETAILS,ANDROID,6.7.0,5001-10000 ms,325
2026-05-25,NOTIFICATIONS_LIST,ANDROID,6.7.0,5001-10000 ms,1288
2026-05-25,DOCUMENTS_LIST,ANDROID,6.6.2,5001-10000 ms,426
2026-05-25,ISSUED_DOCUMENT_DETAILS,ANDROID,6.6.2,5001-10000 ms,36
2026-05-25,ISSUERS_LIST,ANDROID,6.7.0,501-1000 ms,8
2026-05-25,ISSUED_DOCUMENT_EVIDENCE,ANDROID,6.6.0,501-1000 ms,24
2026-05-25,ISSUED_DOCUMENT_DETAILS,ANDROID,6.7.0,501-1000 ms,18026
2026-05-25,ISSUED_DOCUMENT_DETAILS,ANDROID,6.5.0,501-1000 ms,40
2026-05-25,DOWNLOAD_SELF_SIGN_DOCUMENT,ANDROID,6.7.0,501-1000 ms,55
2026-05-25,NON_ACTIONABLE_NOTIFICATION_DETAILS,ANDROID,6.7.0,501-1000 ms,11744
2026-05-25,ISSUED_DOCUMENT_EVIDENCE,ANDROID,6.6.2,501-1000 ms,13
2026-05-25,QR_VERIFICATION,ANDROID,6.7.0,501-1000 ms,2985
2026-05-25,ISSUED_DOCUMENT_DETAILS,ANDROID,6.6.0,501-1000 ms,478
2026-05-25,SHARE_DOCUMENT,ANDROID,6.7.0,501-1000 ms,27
2026-05-25,ISSUED_DOCUMENT_EVIDENCE,ANDROID,6.5.1,501-1000 ms,7
2026-05-25,ISSUED_DOCUMENT_DETAILS,ANDROID,6.6.2,501-1000 ms,322
2026-05-25,DOCUMENT_SELECTION_ISSUED_LIST,ANDROID,6.7.0,501-1000 ms,20
2026-05-25,ISSUED_DOCUMENT_DETAILS,ANDROID,6.5.1,501-1000 ms,82
2026-05-25,DOCUMENTS_LIST,ANDROID,6.7.0,501-1000 ms,18
2026-05-25,ISSUED_DOCUMENT_DETAILS,ANDROID,6.6.1,501-1000 ms,11
2026-05-25,ISSUED_DOCUMENT_EVIDENCE,ANDROID,6.6.1,501-1000 ms,1
2026-05-25,ISSUED_DOCUMENT_EVIDENCE,ANDROID,6.5.0,501-1000 ms,1
2026-05-25,UPLOADED_DOCUMENT_EVIDENCE,ANDROID,6.7.0,501-1000 ms,314
2026-05-25,ACTIONABLE_NOTIFICATION_DETAILS,ANDROID,6.7.0,501-1000 ms,21
2026-05-25,NOTIFICATIONS_LIST,ANDROID,6.7.0,501-1000 ms,12561
2026-05-25,DOWNLOAD_DOCUMENT,ANDROID,6.7.0,501-1000 ms,40
2026-05-25,ISSUED_DOCUMENT_EVIDENCE,ANDROID,6.7.0,501-1000 ms,1073
2026-05-25,ACTIONABLE_NOTIFICATION_DETAILS,ANDROID,6.7.0,51-100 ms,6
2026-05-25,NOTIFICATIONS_LIST,ANDROID,6.7.0,51-100 ms,2569
2026-05-25,ISSUERS_LIST,ANDROID,6.7.0,51-100 ms,2
2026-05-25,NON_ACTIONABLE_NOTIFICATION_DETAILS,ANDROID,6.7.0,51-100 ms,87
2026-05-25,ISSUED_DOCUMENT_EVIDENCE,ANDROID,6.7.0,51-100 ms,2
2026-05-25,DOCUMENTS_LIST,ANDROID,6.7.0,51-100 ms,1
2026-05-25,ISSUERS_LIST,ANDROID,6.7.0,< 0 ms,13
2026-05-25,DOCUMENTS_LIST,ANDROID,6.6.0,< 0 ms,2
2026-05-25,ISSUED_DOCUMENT_EVIDENCE,ANDROID,6.6.0,< 0 ms,1
2026-05-25,DOCUMENTS_LIST,ANDROID,6.5.0,< 0 ms,1
2026-05-25,ISSUED_DOCUMENT_EVIDENCE,ANDROID,6.6.2,< 0 ms,1
2026-05-25,ACTIONABLE_NOTIFICATION_DETAILS,ANDROID,6.7.0,< 0 ms,107
2026-05-25,DOCUMENTS_LIST,ANDROID,6.7.0,< 0 ms,108
2026-05-25,DOCUMENTS_LIST,ANDROID,6.5.1,< 0 ms,1
2026-05-25,DOCUMENTS_LIST,ANDROID,6.6.2,< 0 ms,7
2026-05-25,ACTIONABLE_NOTIFICATION_DETAILS,ANDROID,6.7.0,= 0 ms,4103
2026-05-25,NOTIFICATIONS_LIST,ANDROID,NA,= 0 ms,6
2026-05-25,DOCUMENTS_LIST,ANDROID,NA,= 0 ms,10
2026-05-25,DOCUMENTS_LIST,ANDROID,6.6.2,= 0 ms,254
2026-05-25,DOCUMENTS_LIST,ANDROID,6.6.1,= 0 ms,11
2026-05-25,ISSUED_DOCUMENT_EVIDENCE,ANDROID,6.6.2,= 0 ms,199
2026-05-25,ISSUED_DOCUMENT_DETAILS,ANDROID,6.7.0,= 0 ms,306
2026-05-25,SHARE_DOCUMENT,ANDROID,6.7.0,= 0 ms,5
2026-05-25,ISSUERS_LIST,ANDROID,NA,= 0 ms,1
2026-05-25,ISSUED_DOCUMENT_DETAILS,ANDROID,6.5.0,= 0 ms,41
2026-05-25,DOCUMENTS_LIST,ANDROID,6.5.1,= 0 ms,53
2026-05-25,ISSUERS_LIST,ANDROID,6.7.0,= 0 ms,3196
2026-05-25,ISSUED_DOCUMENT_EVIDENCE,ANDROID,6.6.1,= 0 ms,9
2026-05-25,ISSUED_DOCUMENT_DETAILS,ANDROID,6.6.2,= 0 ms,251
2026-05-25,ISSUED_DOCUMENT_EVIDENCE,ANDROID,6.5.1,= 0 ms,44
2026-05-25,UPLOADED_DOCUMENT_EVIDENCE,ANDROID,6.7.0,= 0 ms,14
2026-05-25,ISSUED_DOCUMENT_DETAILS,ANDROID,6.6.1,= 0 ms,8
2026-05-25,DOWNLOAD_SELF_SIGN_DOCUMENT,ANDROID,6.7.0,= 0 ms,2
2026-05-25,ISSUED_DOCUMENT_EVIDENCE,ANDROID,6.5.0,= 0 ms,34
2026-05-25,ISSUED_DOCUMENT_DETAILS,ANDROID,NA,= 0 ms,1
2026-05-25,QR_VERIFICATION,ANDROID,6.7.0,= 0 ms,38
2026-05-25,ISSUED_DOCUMENT_DETAILS,ANDROID,6.5.1,= 0 ms,52
2026-05-25,NON_ACTIONABLE_NOTIFICATION_DETAILS,ANDROID,6.7.0,= 0 ms,445
2026-05-25,ISSUED_DOCUMENT_DETAILS,ANDROID,6.6.0,= 0 ms,328
2026-05-25,ISSUED_DOCUMENT_EVIDENCE,ANDROID,6.7.0,= 0 ms,657
2026-05-25,DOCUMENTS_LIST,ANDROID,6.5.0,= 0 ms,31
2026-05-25,DOCUMENTS_LIST,ANDROID,6.7.0,= 0 ms,8341
2026-05-25,NOTIFICATIONS_LIST,ANDROID,6.7.0,= 0 ms,3911
2026-05-25,DOCUMENTS_LIST,ANDROID,6.6.0,= 0 ms,327
2026-05-25,DOCUMENT_SELECTION_ISSUED_LIST,ANDROID,6.7.0,= 0 ms,1
2026-05-25,DOWNLOAD_DOCUMENT,ANDROID,6.7.0,= 0 ms,10
2026-05-25,ISSUED_DOCUMENT_EVIDENCE,ANDROID,6.6.0,= 0 ms,293
2026-05-26,NOTIFICATIONS_LIST,ANDROID,6.7.0,1-50 ms,6
2026-05-26,ACTIONABLE_NOTIFICATION_DETAILS,ANDROID,6.7.0,1-50 ms,6
2026-05-26,ISSUERS_LIST,ANDROID,6.7.0,10000+ ms,1856
2026-05-26,NOTIFICATIONS_LIST,ANDROID,6.7.0,10000+ ms,1236
2026-05-26,ISSUED_DOCUMENT_DETAILS,ANDROID,6.6.1,10000+ ms,8
2026-05-26,DOCUMENT_SELECTION_ISSUED_LIST,ANDROID,6.7.0,10000+ ms,16
2026-05-26,QR_VERIFICATION,ANDROID,6.7.0,10000+ ms,299
2026-05-26,DOCUMENTS_LIST,ANDROID,6.6.0,10000+ ms,216
2026-05-26,DOCUMENTS_LIST,ANDROID,6.5.0,10000+ ms,14
2026-05-26,DOWNLOAD_SELF_SIGN_DOCUMENT,ANDROID,6.7.0,10000+ ms,15
2026-05-26,UPLOADED_DOCUMENT_EVIDENCE,ANDROID,6.7.0,10000+ ms,37
2026-05-26,ISSUED_DOCUMENT_DETAILS,ANDROID,6.5.0,10000+ ms,37
2026-05-26,ISSUED_DOCUMENT_EVIDENCE,ANDROID,6.7.0,10000+ ms,4105
2026-05-26,ACTIONABLE_NOTIFICATION_DETAILS,ANDROID,6.7.0,10000+ ms,6364
2026-05-26,ISSUED_DOCUMENT_EVIDENCE,ANDROID,6.6.2,10000+ ms,230
2026-05-26,DOCUMENTS_LIST,ANDROID,6.6.2,10000+ ms,176
2026-05-26,DOCUMENTS_LIST,ANDROID,6.6.1,10000+ ms,2
2026-05-26,DOCUMENTS_LIST,ANDROID,6.7.0,10000+ ms,1462
2026-05-26,ISSUED_DOCUMENT_DETAILS,ANDROID,6.7.0,10000+ ms,2623
2026-05-26,SHARE_DOCUMENT,ANDROID,6.7.0,10000+ ms,15
2026-05-26,ISSUED_DOCUMENT_EVIDENCE,ANDROID,6.5.1,10000+ ms,64
2026-05-26,ISSUED_DOCUMENT_DETAILS,ANDROID,6.6.0,10000+ ms,294
2026-05-26,ISSUED_DOCUMENT_DETAILS,ANDROID,6.5.1,10000+ ms,61
2026-05-26,NON_ACTIONABLE_NOTIFICATION_DETAILS,ANDROID,6.7.0,10000+ ms,192
2026-05-26,ISSUED_DOCUMENT_EVIDENCE,ANDROID,6.6.0,10000+ ms,316
2026-05-26,ISSUED_DOCUMENT_EVIDENCE,ANDROID,6.5.0,10000+ ms,33
2026-05-26,DOCUMENTS_LIST,ANDROID,6.5.1,10000+ ms,35
2026-05-26,ISSUED_DOCUMENT_EVIDENCE,ANDROID,6.6.1,10000+ ms,9
2026-05-26,DOWNLOAD_DOCUMENT,ANDROID,6.7.0,10000+ ms,18
2026-05-26,ISSUED_DOCUMENT_DETAILS,ANDROID,6.6.2,10000+ ms,219
2026-05-26,ISSUED_DOCUMENT_EVIDENCE,ANDROID,6.5.1,1001-5000 ms,51
2026-05-26,DOCUMENTS_LIST,ANDROID,6.6.2,1001-5000 ms,2177
2026-05-26,DOCUMENTS_LIST,ANDROID,6.5.1,1001-5000 ms,572
2026-05-26,NOTIFICATIONS_LIST,ANDROID,6.7.0,1001-5000 ms,9136
2026-05-26,DOCUMENTS_LIST,ANDROID,6.7.0,1001-5000 ms,69837
2026-05-26,ACTIONABLE_NOTIFICATION_DETAILS,ANDROID,6.7.0,1001-5000 ms,9314
2026-05-26,NON_ACTIONABLE_NOTIFICATION_DETAILS,ANDROID,6.7.0,1001-5000 ms,4093
2026-05-26,DOCUMENTS_LIST,ANDROID,6.6.0,1001-5000 ms,3032
2026-05-26,UPLOADED_DOCUMENT_EVIDENCE,ANDROID,6.7.0,1001-5000 ms,197
2026-05-26,ISSUED_DOCUMENT_EVIDENCE,ANDROID,6.6.0,1001-5000 ms,315
2026-05-26,QR_VERIFICATION,ANDROID,6.7.0,1001-5000 ms,1110
2026-05-26,ISSUED_DOCUMENT_DETAILS,ANDROID,6.5.0,1001-5000 ms,28
2026-05-26,DOCUMENTS_LIST,ANDROID,6.5.0,1001-5000 ms,248
2026-05-26,ISSUED_DOCUMENT_EVIDENCE,ANDROID,6.5.0,1001-5000 ms,34
2026-05-26,ISSUED_DOCUMENT_DETAILS,ANDROID,6.7.0,1001-5000 ms,7366
2026-05-26,DOCUMENTS_LIST,ANDROID,6.6.1,1001-5000 ms,100
2026-05-26,DOWNLOAD_DOCUMENT,ANDROID,6.7.0,1001-5000 ms,232
2026-05-26,SHARE_DOCUMENT,ANDROID,6.7.0,1001-5000 ms,128
2026-05-26,ISSUED_DOCUMENT_EVIDENCE,ANDROID,6.6.2,1001-5000 ms,225
2026-05-26,DOCUMENT_SELECTION_ISSUED_LIST,ANDROID,6.7.0,1001-5000 ms,12
2026-05-26,ISSUERS_LIST,ANDROID,6.7.0,1001-5000 ms,31042
2026-05-26,DOWNLOAD_SELF_SIGN_DOCUMENT,ANDROID,6.7.0,1001-5000 ms,27
2026-05-26,ISSUED_DOCUMENT_DETAILS,ANDROID,6.6.0,1001-5000 ms,362
2026-05-26,ISSUED_DOCUMENT_DETAILS,ANDROID,6.6.2,1001-5000 ms,261
2026-05-26,ISSUED_DOCUMENT_EVIDENCE,ANDROID,6.6.1,1001-5000 ms,10
2026-05-26,ISSUED_DOCUMENT_DETAILS,ANDROID,6.5.1,1001-5000 ms,65
2026-05-26,ISSUED_DOCUMENT_DETAILS,ANDROID,6.6.1,1001-5000 ms,10
2026-05-26,ISSUED_DOCUMENT_EVIDENCE,ANDROID,6.7.0,1001-5000 ms,11240
2026-05-26,ISSUED_DOCUMENT_DETAILS,ANDROID,6.5.0,101-500 ms,6
2026-05-26,UPLOADED_DOCUMENT_EVIDENCE,ANDROID,6.7.0,101-500 ms,155
2026-05-26,NOTIFICATIONS_LIST,ANDROID,6.7.0,101-500 ms,46891
2026-05-26,DOCUMENTS_LIST,ANDROID,6.7.0,101-500 ms,27
2026-05-26,DOCUMENT_SELECTION_ISSUED_LIST,ANDROID,6.7.0,101-500 ms,5
2026-05-26,ISSUED_DOCUMENT_EVIDENCE,ANDROID,6.6.0,101-500 ms,1
2026-05-26,ISSUED_DOCUMENT_EVIDENCE,ANDROID,6.5.1,101-500 ms,1
2026-05-26,ISSUED_DOCUMENT_EVIDENCE,ANDROID,6.6.2,101-500 ms,1
2026-05-26,ISSUED_DOCUMENT_DETAILS,ANDROID,6.7.0,101-500 ms,3829
2026-05-26,DOWNLOAD_SELF_SIGN_DOCUMENT,ANDROID,6.7.0,101-500 ms,14
2026-05-26,ISSUED_DOCUMENT_DETAILS,ANDROID,6.6.2,101-500 ms,29
2026-05-26,ISSUED_DOCUMENT_EVIDENCE,ANDROID,6.7.0,101-500 ms,112
2026-05-26,ISSUED_DOCUMENT_DETAILS,ANDROID,6.6.0,101-500 ms,38
2026-05-26,ISSUED_DOCUMENT_DETAILS,ANDROID,6.5.1,101-500 ms,10
2026-05-26,NON_ACTIONABLE_NOTIFICATION_DETAILS,ANDROID,6.7.0,101-500 ms,43792
2026-05-26,DOWNLOAD_DOCUMENT,ANDROID,6.7.0,101-500 ms,1
2026-05-26,ACTIONABLE_NOTIFICATION_DETAILS,ANDROID,6.7.0,101-500 ms,32
2026-05-26,QR_VERIFICATION,ANDROID,6.7.0,101-500 ms,542
2026-05-26,ISSUERS_LIST,ANDROID,6.7.0,101-500 ms,12
2026-05-26,SHARE_DOCUMENT,ANDROID,6.7.0,5001-10000 ms,14
2026-05-26,ISSUERS_LIST,ANDROID,6.7.0,5001-10000 ms,1325
2026-05-26,ACTIONABLE_NOTIFICATION_DETAILS,ANDROID,6.7.0,5001-10000 ms,7973
2026-05-26,DOCUMENTS_LIST,ANDROID,6.6.0,5001-10000 ms,303
2026-05-26,DOCUMENTS_LIST,ANDROID,6.6.2,5001-10000 ms,242
2026-05-26,ISSUED_DOCUMENT_EVIDENCE,ANDROID,6.6.1,5001-10000 ms,4
2026-05-26,ISSUED_DOCUMENT_EVIDENCE,ANDROID,6.5.0,5001-10000 ms,14
2026-05-26,ISSUED_DOCUMENT_DETAILS,ANDROID,6.7.0,5001-10000 ms,930
2026-05-26,DOCUMENT_SELECTION_ISSUED_LIST,ANDROID,6.7.0,5001-10000 ms,1
2026-05-26,DOCUMENTS_LIST,ANDROID,6.5.1,5001-10000 ms,63
2026-05-26,ISSUED_DOCUMENT_EVIDENCE,ANDROID,6.6.0,5001-10000 ms,157
2026-05-26,DOCUMENTS_LIST,ANDROID,6.7.0,5001-10000 ms,2666
2026-05-26,ISSUED_DOCUMENT_DETAILS,ANDROID,6.6.0,5001-10000 ms,41
2026-05-26,ISSUED_DOCUMENT_EVIDENCE,ANDROID,6.5.1,5001-10000 ms,36
2026-05-26,ISSUED_DOCUMENT_DETAILS,ANDROID,6.6.1,5001-10000 ms,6
2026-05-26,DOCUMENTS_LIST,ANDROID,6.5.0,5001-10000 ms,18
2026-05-26,DOCUMENTS_LIST,ANDROID,6.6.1,5001-10000 ms,16
2026-05-26,DOWNLOAD_SELF_SIGN_DOCUMENT,ANDROID,6.7.0,5001-10000 ms,7
2026-05-26,NON_ACTIONABLE_NOTIFICATION_DETAILS,ANDROID,6.7.0,5001-10000 ms,234
2026-05-26,ISSUED_DOCUMENT_EVIDENCE,ANDROID,6.7.0,5001-10000 ms,4439
2026-05-26,QR_VERIFICATION,ANDROID,6.7.0,5001-10000 ms,91
2026-05-26,ISSUED_DOCUMENT_DETAILS,ANDROID,6.5.0,5001-10000 ms,3
2026-05-26,ISSUED_DOCUMENT_EVIDENCE,ANDROID,6.6.2,5001-10000 ms,117
2026-05-26,NOTIFICATIONS_LIST,ANDROID,6.7.0,5001-10000 ms,955
2026-05-26,ISSUED_DOCUMENT_DETAILS,ANDROID,6.5.1,5001-10000 ms,4
2026-05-26,DOWNLOAD_DOCUMENT,ANDROID,6.7.0,5001-10000 ms,20
2026-05-26,UPLOADED_DOCUMENT_EVIDENCE,ANDROID,6.7.0,5001-10000 ms,32
2026-05-26,ISSUED_DOCUMENT_DETAILS,ANDROID,6.6.2,5001-10000 ms,27
2026-05-26,ISSUED_DOCUMENT_EVIDENCE,ANDROID,6.6.0,501-1000 ms,19
2026-05-26,ISSUED_DOCUMENT_EVIDENCE,ANDROID,6.5.1,501-1000 ms,3
2026-05-26,NON_ACTIONABLE_NOTIFICATION_DETAILS,ANDROID,6.7.0,501-1000 ms,7411
2026-05-26,ISSUED_DOCUMENT_DETAILS,ANDROID,6.6.1,501-1000 ms,12
2026-05-26,ISSUED_DOCUMENT_DETAILS,ANDROID,6.5.0,501-1000 ms,37
2026-05-26,DOCUMENT_SELECTION_ISSUED_LIST,ANDROID,6.7.0,501-1000 ms,24
2026-05-26,DOWNLOAD_DOCUMENT,ANDROID,6.7.0,501-1000 ms,26
2026-05-26,UPLOADED_DOCUMENT_EVIDENCE,ANDROID,6.7.0,501-1000 ms,178
2026-05-26,ISSUED_DOCUMENT_EVIDENCE,ANDROID,6.6.2,501-1000 ms,7
2026-05-26,ISSUED_DOCUMENT_DETAILS,ANDROID,6.6.0,501-1000 ms,342
2026-05-26,ISSUED_DOCUMENT_EVIDENCE,ANDROID,6.7.0,501-1000 ms,991
2026-05-26,ACTIONABLE_NOTIFICATION_DETAILS,ANDROID,6.7.0,501-1000 ms,14
2026-05-26,QR_VERIFICATION,ANDROID,6.7.0,501-1000 ms,2209
2026-05-26,DOWNLOAD_SELF_SIGN_DOCUMENT,ANDROID,6.7.0,501-1000 ms,22
2026-05-26,SHARE_DOCUMENT,ANDROID,6.7.0,501-1000 ms,14
2026-05-26,NOTIFICATIONS_LIST,ANDROID,6.7.0,501-1000 ms,7955
2026-05-26,DOCUMENTS_LIST,ANDROID,6.7.0,501-1000 ms,7
2026-05-26,ISSUED_DOCUMENT_DETAILS,ANDROID,6.5.1,501-1000 ms,61
2026-05-26,ISSUED_DOCUMENT_EVIDENCE,ANDROID,6.6.1,501-1000 ms,1
2026-05-26,ISSUERS_LIST,ANDROID,6.7.0,501-1000 ms,6
2026-05-26,ISSUED_DOCUMENT_EVIDENCE,ANDROID,6.5.0,501-1000 ms,3
2026-05-26,ISSUED_DOCUMENT_DETAILS,ANDROID,6.6.2,501-1000 ms,262
2026-05-26,ISSUED_DOCUMENT_DETAILS,ANDROID,6.7.0,501-1000 ms,13659
2026-05-26,NOTIFICATIONS_LIST,ANDROID,6.7.0,51-100 ms,2128
2026-05-26,ACTIONABLE_NOTIFICATION_DETAILS,ANDROID,6.7.0,51-100 ms,5
2026-05-26,NON_ACTIONABLE_NOTIFICATION_DETAILS,ANDROID,6.7.0,51-100 ms,81
2026-05-26,ISSUED_DOCUMENT_EVIDENCE,ANDROID,6.6.0,< 0 ms,2
2026-05-26,DOCUMENTS_LIST,ANDROID,6.6.0,< 0 ms,4
2026-05-26,ACTIONABLE_NOTIFICATION_DETAILS,ANDROID,6.7.0,< 0 ms,55
2026-05-26,DOCUMENTS_LIST,ANDROID,6.6.2,< 0 ms,4
2026-05-26,DOCUMENTS_LIST,ANDROID,6.7.0,< 0 ms,78
2026-05-26,ISSUERS_LIST,ANDROID,6.7.0,< 0 ms,8
2026-05-26,DOWNLOAD_DOCUMENT,ANDROID,6.7.0,= 0 ms,4
2026-05-26,DOCUMENT_SELECTION_ISSUED_LIST,ANDROID,6.7.0,= 0 ms,1
2026-05-26,ISSUED_DOCUMENT_EVIDENCE,ANDROID,6.6.2,= 0 ms,163
2026-05-26,ISSUERS_LIST,ANDROID,6.7.0,= 0 ms,1948
2026-05-26,ISSUED_DOCUMENT_DETAILS,ANDROID,6.5.1,= 0 ms,64
2026-05-26,DOCUMENTS_LIST,ANDROID,6.6.2,= 0 ms,201
2026-05-26,DOCUMENTS_LIST,ANDROID,6.5.1,= 0 ms,37
2026-05-26,ISSUED_DOCUMENT_EVIDENCE,ANDROID,6.6.0,= 0 ms,196
2026-05-26,ISSUED_DOCUMENT_DETAILS,ANDROID,6.7.0,= 0 ms,200
2026-05-26,NON_ACTIONABLE_NOTIFICATION_DETAILS,ANDROID,6.7.0,= 0 ms,364
2026-05-26,ISSUED_DOCUMENT_DETAILS,ANDROID,6.6.1,= 0 ms,4
2026-05-26,DOWNLOAD_SELF_SIGN_DOCUMENT,ANDROID,6.7.0,= 0 ms,3
2026-05-26,QR_VERIFICATION,ANDROID,6.7.0,= 0 ms,18
2026-05-26,DOCUMENTS_LIST,ANDROID,6.6.0,= 0 ms,237
2026-05-26,ISSUED_DOCUMENT_EVIDENCE,ANDROID,6.7.0,= 0 ms,537
2026-05-26,SHARE_DOCUMENT,ANDROID,6.7.0,= 0 ms,2
2026-05-26,ISSUED_DOCUMENT_DETAILS,ANDROID,6.5.0,= 0 ms,24
2026-05-26,ISSUED_DOCUMENT_DETAILS,ANDROID,6.6.2,= 0 ms,181
2026-05-26,ACTIONABLE_NOTIFICATION_DETAILS,ANDROID,6.7.0,= 0 ms,2261
2026-05-26,NOTIFICATIONS_LIST,ANDROID,6.7.0,= 0 ms,2936
2026-05-26,ISSUED_DOCUMENT_EVIDENCE,ANDROID,6.5.0,= 0 ms,21
2026-05-26,DOCUMENTS_LIST,ANDROID,6.5.0,= 0 ms,13
2026-05-26,ISSUED_DOCUMENT_EVIDENCE,ANDROID,6.5.1,= 0 ms,54
2026-05-26,DOCUMENTS_LIST,ANDROID,6.6.1,= 0 ms,7
2026-05-26,ISSUED_DOCUMENT_DETAILS,ANDROID,6.6.0,= 0 ms,234
2026-05-26,UPLOADED_DOCUMENT_EVIDENCE,ANDROID,6.7.0,= 0 ms,7
2026-05-26,ISSUED_DOCUMENT_EVIDENCE,ANDROID,6.6.1,= 0 ms,4
2026-05-26,DOCUMENTS_LIST,ANDROID,6.7.0,= 0 ms,6216
2026-04-22,ISSUED_DOCUMENT_EVIDENCE,IOS,6.5.0,10000+ ms,11
2026-04-22,DOCUMENTS_LIST,IOS,6.5.0,10000+ ms,24
2026-04-22,ISSUED_DOCUMENT_DETAILS,IOS,6.5.0,10000+ ms,42
2026-04-22,ISSUED_DOCUMENT_EVIDENCE,IOS,6.6.2,10000+ ms,459
2026-04-22,DOCUMENTS_LIST,IOS,6.6.2,10000+ ms,487
2026-04-22,DOCUMENTS_LIST,IOS,6.6.0,10000+ ms,190
2026-04-22,ISSUED_DOCUMENT_EVIDENCE,IOS,6.6.1,10000+ ms,177
2026-04-22,DOCUMENTS_LIST,IOS,6.6.1,10000+ ms,220
2026-04-22,ISSUED_DOCUMENT_EVIDENCE,IOS,6.6.0,10000+ ms,136
2026-04-22,ISSUED_DOCUMENT_DETAILS,IOS,6.6.2,10000+ ms,1363
2026-04-22,ISSUED_DOCUMENT_DETAILS,IOS,6.6.1,10000+ ms,526
2026-04-22,ISSUED_DOCUMENT_DETAILS,IOS,6.6.0,10000+ ms,385
2026-04-22,ISSUED_DOCUMENT_EVIDENCE,IOS,6.6.2,1001-5000 ms,765
2026-04-22,ISSUED_DOCUMENT_DETAILS,IOS,6.6.0,1001-5000 ms,855
2026-04-22,ISSUED_DOCUMENT_DETAILS,IOS,6.6.1,1001-5000 ms,1103
2026-04-22,ISSUED_DOCUMENT_DETAILS,IOS,6.6.2,1001-5000 ms,2624
2026-04-22,DOCUMENTS_LIST,IOS,6.6.1,1001-5000 ms,2135
2026-04-22,ISSUED_DOCUMENT_EVIDENCE,IOS,6.6.1,1001-5000 ms,310
2026-04-22,DOCUMENTS_LIST,IOS,6.6.0,1001-5000 ms,1681
2026-04-22,ISSUED_DOCUMENT_DETAILS,IOS,6.5.0,1001-5000 ms,103
2026-04-22,DOCUMENTS_LIST,IOS,6.6.2,1001-5000 ms,4825
2026-04-22,ISSUED_DOCUMENT_EVIDENCE,IOS,6.6.0,1001-5000 ms,214
2026-04-22,ISSUED_DOCUMENT_EVIDENCE,IOS,6.5.0,1001-5000 ms,20
2026-04-22,DOCUMENTS_LIST,IOS,6.5.0,1001-5000 ms,195
2026-04-22,ISSUED_DOCUMENT_DETAILS,IOS,6.6.0,5001-10000 ms,141
2026-04-22,DOCUMENTS_LIST,IOS,6.6.0,5001-10000 ms,228
2026-04-22,ISSUED_DOCUMENT_EVIDENCE,IOS,6.6.1,5001-10000 ms,32
2026-04-22,ISSUED_DOCUMENT_EVIDENCE,IOS,6.6.2,5001-10000 ms,118
2026-04-22,ISSUED_DOCUMENT_DETAILS,IOS,6.5.0,5001-10000 ms,14
2026-04-22,DOCUMENTS_LIST,IOS,6.5.0,5001-10000 ms,30
2026-04-22,ISSUED_DOCUMENT_EVIDENCE,IOS,6.5.0,5001-10000 ms,2
2026-04-22,ISSUED_DOCUMENT_DETAILS,IOS,6.6.1,5001-10000 ms,205
2026-04-22,ISSUED_DOCUMENT_DETAILS,IOS,6.6.2,5001-10000 ms,516
2026-04-22,DOCUMENTS_LIST,IOS,6.6.2,5001-10000 ms,596
2026-04-22,DOCUMENTS_LIST,IOS,6.6.1,5001-10000 ms,270
2026-04-22,ISSUED_DOCUMENT_EVIDENCE,IOS,6.6.0,5001-10000 ms,37
2026-04-22,ISSUED_DOCUMENT_DETAILS,IOS,6.6.1,501-1000 ms,2924
2026-04-22,ISSUED_DOCUMENT_DETAILS,IOS,6.6.2,501-1000 ms,7046
2026-04-22,ISSUED_DOCUMENT_DETAILS,IOS,6.5.0,501-1000 ms,200
2026-04-22,ISSUED_DOCUMENT_EVIDENCE,IOS,6.6.1,501-1000 ms,171
2026-04-22,ISSUED_DOCUMENT_EVIDENCE,IOS,6.5.0,501-1000 ms,5
2026-04-22,DOCUMENTS_LIST,IOS,6.6.1,501-1000 ms,9288
2026-04-22,ISSUED_DOCUMENT_EVIDENCE,IOS,6.6.2,501-1000 ms,429
2026-04-22,DOCUMENTS_LIST,IOS,6.5.0,501-1000 ms,669
2026-04-22,ISSUED_DOCUMENT_DETAILS,IOS,6.6.0,501-1000 ms,2020
2026-04-22,ISSUED_DOCUMENT_EVIDENCE,IOS,6.6.0,501-1000 ms,83
2026-04-22,DOCUMENTS_LIST,IOS,6.6.2,501-1000 ms,22318
2026-04-22,DOCUMENTS_LIST,IOS,6.6.0,501-1000 ms,6977
2026-04-22,ISSUED_DOCUMENT_EVIDENCE,IOS,6.6.2,< 0 ms,13
2026-04-22,ISSUED_DOCUMENT_EVIDENCE,IOS,6.6.0,< 0 ms,3
2026-04-22,ISSUED_DOCUMENT_EVIDENCE,IOS,6.6.1,< 0 ms,4
2026-04-22,ISSUED_DOCUMENT_EVIDENCE,IOS,6.5.0,< 0 ms,1
2026-04-22,ISSUED_DOCUMENT_DETAILS,IOS,6.5.0,= 0 ms,52
2026-04-22,ISSUED_DOCUMENT_EVIDENCE,IOS,6.5.0,= 0 ms,334
2026-04-22,DOCUMENTS_LIST,IOS,6.6.1,= 0 ms,9461
2026-04-22,ISSUED_DOCUMENT_EVIDENCE,IOS,6.6.1,= 0 ms,4686
2026-04-22,DOCUMENTS_LIST,IOS,6.5.0,= 0 ms,619
2026-04-22,ISSUED_DOCUMENT_DETAILS,IOS,6.6.1,= 0 ms,764
2026-04-22,ISSUED_DOCUMENT_DETAILS,IOS,6.6.0,= 0 ms,504
2026-04-22,ISSUED_DOCUMENT_EVIDENCE,IOS,6.6.2,= 0 ms,10980
2026-04-22,ISSUED_DOCUMENT_EVIDENCE,IOS,6.6.0,= 0 ms,3370
2026-04-22,ISSUED_DOCUMENT_DETAILS,IOS,6.6.2,= 0 ms,1803
2026-04-22,DOCUMENTS_LIST,IOS,6.6.0,= 0 ms,6581
2026-04-22,DOCUMENTS_LIST,IOS,6.6.2,= 0 ms,22055
2026-04-23,ISSUED_DOCUMENT_EVIDENCE,IOS,6.6.0,10000+ ms,82
2026-04-23,ISSUED_DOCUMENT_EVIDENCE,IOS,6.5.0,10000+ ms,7
2026-04-23,DOCUMENTS_LIST,IOS,6.6.2,10000+ ms,629
2026-04-23,ISSUED_DOCUMENT_DETAILS,IOS,6.6.0,10000+ ms,219
2026-04-23,ISSUED_DOCUMENT_DETAILS,IOS,6.5.0,10000+ ms,34
2026-04-23,ISSUED_DOCUMENT_EVIDENCE,IOS,6.6.1,10000+ ms,61
2026-04-23,ISSUED_DOCUMENT_DETAILS,IOS,6.6.2,10000+ ms,1862
2026-04-23,DOCUMENTS_LIST,IOS,6.6.0,10000+ ms,90
2026-04-23,ISSUED_DOCUMENT_EVIDENCE,IOS,6.6.2,10000+ ms,625
2026-04-23,DOCUMENTS_LIST,IOS,6.5.0,10000+ ms,17
2026-04-23,DOCUMENTS_LIST,IOS,6.6.1,10000+ ms,99
2026-04-23,ISSUED_DOCUMENT_DETAILS,IOS,6.6.1,10000+ ms,199
2026-04-23,DOCUMENTS_LIST,IOS,6.5.0,1001-5000 ms,160
2026-04-23,ISSUED_DOCUMENT_EVIDENCE,IOS,6.6.2,1001-5000 ms,1142
2026-04-23,ISSUED_DOCUMENT_DETAILS,IOS,6.6.2,1001-5000 ms,4454
2026-04-23,ISSUED_DOCUMENT_DETAILS,IOS,6.5.0,1001-5000 ms,109
2026-04-23,ISSUED_DOCUMENT_DETAILS,IOS,6.6.1,1001-5000 ms,507
2026-04-23,DOCUMENTS_LIST,IOS,6.6.2,1001-5000 ms,6990
2026-04-23,ISSUED_DOCUMENT_EVIDENCE,IOS,6.5.0,1001-5000 ms,13
2026-04-23,ISSUED_DOCUMENT_DETAILS,IOS,6.6.0,1001-5000 ms,572
2026-04-23,ISSUED_DOCUMENT_EVIDENCE,IOS,6.6.1,1001-5000 ms,122
2026-04-23,DOCUMENTS_LIST,IOS,6.6.1,1001-5000 ms,858
2026-04-23,DOCUMENTS_LIST,IOS,6.6.0,1001-5000 ms,1116
2026-04-23,ISSUED_DOCUMENT_EVIDENCE,IOS,6.6.0,1001-5000 ms,135
2026-04-23,ISSUED_DOCUMENT_EVIDENCE,IOS,6.6.0,5001-10000 ms,25
2026-04-23,ISSUED_DOCUMENT_DETAILS,IOS,6.6.0,5001-10000 ms,78
2026-04-23,DOCUMENTS_LIST,IOS,6.5.0,5001-10000 ms,27
2026-04-23,ISSUED_DOCUMENT_EVIDENCE,IOS,6.6.2,5001-10000 ms,214
2026-04-23,ISSUED_DOCUMENT_DETAILS,IOS,6.6.2,5001-10000 ms,631
2026-04-23,ISSUED_DOCUMENT_EVIDENCE,IOS,6.5.0,5001-10000 ms,4
2026-04-23,DOCUMENTS_LIST,IOS,6.6.1,5001-10000 ms,120
2026-04-23,ISSUED_DOCUMENT_DETAILS,IOS,6.5.0,5001-10000 ms,8
2026-04-23,DOCUMENTS_LIST,IOS,6.6.2,5001-10000 ms,864
2026-04-23,DOCUMENTS_LIST,IOS,6.6.0,5001-10000 ms,144
2026-04-23,ISSUED_DOCUMENT_DETAILS,IOS,6.6.1,5001-10000 ms,74
2026-04-23,ISSUED_DOCUMENT_EVIDENCE,IOS,6.6.1,5001-10000 ms,18
2026-04-23,ISSUED_DOCUMENT_DETAILS,IOS,6.6.0,501-1000 ms,1099
2026-04-23,ISSUED_DOCUMENT_DETAILS,IOS,6.6.1,501-1000 ms,987
2026-04-23,DOCUMENTS_LIST,IOS,6.5.0,501-1000 ms,712
2026-04-23,DOCUMENTS_LIST,IOS,6.6.0,501-1000 ms,4293
2026-04-23,DOCUMENTS_LIST,IOS,6.6.1,501-1000 ms,3517
2026-04-23,ISSUED_DOCUMENT_DETAILS,IOS,6.5.0,501-1000 ms,165
2026-04-23,ISSUED_DOCUMENT_EVIDENCE,IOS,6.5.0,501-1000 ms,7
2026-04-23,ISSUED_DOCUMENT_EVIDENCE,IOS,6.6.1,501-1000 ms,39
2026-04-23,ISSUED_DOCUMENT_DETAILS,IOS,6.6.2,501-1000 ms,9678
2026-04-23,ISSUED_DOCUMENT_EVIDENCE,IOS,6.6.0,501-1000 ms,52
2026-04-23,ISSUED_DOCUMENT_EVIDENCE,IOS,6.6.2,501-1000 ms,607
2026-04-23,DOCUMENTS_LIST,IOS,6.6.2,501-1000 ms,33814
2026-04-23,ISSUED_DOCUMENT_EVIDENCE,IOS,6.6.2,< 0 ms,13
2026-04-23,ISSUED_DOCUMENT_EVIDENCE,IOS,6.6.1,< 0 ms,1
2026-04-23,ISSUED_DOCUMENT_EVIDENCE,IOS,6.6.0,< 0 ms,2
2026-04-23,ISSUED_DOCUMENT_DETAILS,IOS,6.5.0,= 0 ms,43
2026-04-23,DOCUMENTS_LIST,IOS,6.6.1,= 0 ms,3079
2026-04-23,DOCUMENTS_LIST,IOS,6.5.0,= 0 ms,624
2026-04-23,ISSUED_DOCUMENT_EVIDENCE,IOS,6.5.0,= 0 ms,294
2026-04-23,ISSUED_DOCUMENT_DETAILS,IOS,6.6.1,= 0 ms,207
2026-04-23,DOCUMENTS_LIST,IOS,6.6.0,= 0 ms,3298
2026-04-23,ISSUED_DOCUMENT_EVIDENCE,IOS,6.6.0,= 0 ms,1772
2026-04-23,DOCUMENTS_LIST,IOS,6.6.2,= 0 ms,29716
2026-04-23,ISSUED_DOCUMENT_DETAILS,IOS,6.6.2,= 0 ms,2439
2026-04-23,ISSUED_DOCUMENT_EVIDENCE,IOS,6.6.1,= 0 ms,1587
2026-04-23,ISSUED_DOCUMENT_EVIDENCE,IOS,6.6.2,= 0 ms,15417
2026-04-23,ISSUED_DOCUMENT_DETAILS,IOS,6.6.0,= 0 ms,223
2026-04-24,DOCUMENTS_LIST,IOS,6.6.0,10000+ ms,74
2026-04-24,ISSUED_DOCUMENT_EVIDENCE,IOS,6.6.1,10000+ ms,40
2026-04-24,ISSUED_DOCUMENT_EVIDENCE,IOS,6.5.0,10000+ ms,9
2026-04-24,DOCUMENTS_LIST,IOS,6.5.0,10000+ ms,14
2026-04-24,ISSUED_DOCUMENT_EVIDENCE,IOS,6.6.2,10000+ ms,608
2026-04-24,ISSUED_DOCUMENT_DETAILS,IOS,6.5.0,10000+ ms,35
2026-04-24,ISSUED_DOCUMENT_DETAILS,IOS,6.6.0,10000+ ms,131
2026-04-24,ISSUED_DOCUMENT_DETAILS,IOS,6.6.2,10000+ ms,1719
2026-04-24,ISSUED_DOCUMENT_EVIDENCE,IOS,6.6.0,10000+ ms,36
2026-04-24,DOCUMENTS_LIST,IOS,6.6.2,10000+ ms,600
2026-04-24,DOCUMENTS_LIST,IOS,6.6.1,10000+ ms,40
2026-04-24,ISSUED_DOCUMENT_DETAILS,IOS,6.6.1,10000+ ms,71
2026-04-24,ISSUED_DOCUMENT_EVIDENCE,IOS,6.5.0,1001-5000 ms,11
2026-04-24,DOCUMENTS_LIST,IOS,6.6.1,1001-5000 ms,395
2026-04-24,ISSUED_DOCUMENT_EVIDENCE,IOS,6.6.1,1001-5000 ms,54
2026-04-24,ISSUED_DOCUMENT_DETAILS,IOS,6.5.0,1001-5000 ms,54
2026-04-24,ISSUED_DOCUMENT_EVIDENCE,IOS,6.6.0,1001-5000 ms,72
2026-04-24,ISSUED_DOCUMENT_DETAILS,IOS,6.6.0,1001-5000 ms,318
2026-04-24,DOCUMENTS_LIST,IOS,6.6.0,1001-5000 ms,723
2026-04-24,ISSUED_DOCUMENT_DETAILS,IOS,6.6.1,1001-5000 ms,160
2026-04-24,DOCUMENTS_LIST,IOS,6.5.0,1001-5000 ms,131
2026-04-24,ISSUED_DOCUMENT_EVIDENCE,IOS,6.6.2,1001-5000 ms,935
2026-04-24,ISSUED_DOCUMENT_DETAILS,IOS,6.6.2,1001-5000 ms,3052
2026-04-24,DOCUMENTS_LIST,IOS,6.6.2,1001-5000 ms,6384
2026-04-24,ISSUED_DOCUMENT_DETAILS,IOS,6.6.2,5001-10000 ms,708
2026-04-24,ISSUED_DOCUMENT_EVIDENCE,IOS,6.6.1,5001-10000 ms,5
2026-04-24,ISSUED_DOCUMENT_DETAILS,IOS,6.6.0,5001-10000 ms,53
2026-04-24,ISSUED_DOCUMENT_EVIDENCE,IOS,6.6.0,5001-10000 ms,17
2026-04-24,ISSUED_DOCUMENT_DETAILS,IOS,6.5.0,5001-10000 ms,8
2026-04-24,ISSUED_DOCUMENT_DETAILS,IOS,6.6.1,5001-10000 ms,32
2026-04-24,ISSUED_DOCUMENT_EVIDENCE,IOS,6.5.0,5001-10000 ms,3
2026-04-24,DOCUMENTS_LIST,IOS,6.6.1,5001-10000 ms,60
2026-04-24,DOCUMENTS_LIST,IOS,6.5.0,5001-10000 ms,22
2026-04-24,ISSUED_DOCUMENT_EVIDENCE,IOS,6.6.2,5001-10000 ms,135
2026-04-24,DOCUMENTS_LIST,IOS,6.6.0,5001-10000 ms,103
2026-04-24,DOCUMENTS_LIST,IOS,6.6.2,5001-10000 ms,813
2026-04-24,ISSUED_DOCUMENT_EVIDENCE,IOS,6.6.0,501-1000 ms,36
2026-04-24,ISSUED_DOCUMENT_EVIDENCE,IOS,6.5.0,501-1000 ms,5
2026-04-24,ISSUED_DOCUMENT_EVIDENCE,IOS,6.6.1,501-1000 ms,24
2026-04-24,DOCUMENTS_LIST,IOS,6.6.0,501-1000 ms,2586
2026-04-24,ISSUED_DOCUMENT_DETAILS,IOS,6.6.0,501-1000 ms,743
2026-04-24,ISSUED_DOCUMENT_DETAILS,IOS,6.5.0,501-1000 ms,173
2026-04-24,DOCUMENTS_LIST,IOS,6.5.0,501-1000 ms,615
2026-04-24,ISSUED_DOCUMENT_EVIDENCE,IOS,6.6.2,501-1000 ms,635
2026-04-24,ISSUED_DOCUMENT_DETAILS,IOS,6.6.1,501-1000 ms,448
2026-04-24,ISSUED_DOCUMENT_DETAILS,IOS,6.6.2,501-1000 ms,9680
2026-04-24,DOCUMENTS_LIST,IOS,6.6.1,501-1000 ms,1462
2026-04-24,DOCUMENTS_LIST,IOS,6.6.2,501-1000 ms,29452
2026-04-24,ISSUED_DOCUMENT_EVIDENCE,IOS,6.6.0,< 0 ms,2
2026-04-24,ISSUED_DOCUMENT_EVIDENCE,IOS,6.6.2,< 0 ms,12
2026-04-24,DOCUMENTS_LIST,IOS,6.5.0,= 0 ms,483
2026-04-24,DOCUMENTS_LIST,IOS,6.6.2,= 0 ms,28838
2026-04-24,ISSUED_DOCUMENT_EVIDENCE,IOS,6.5.0,= 0 ms,287
2026-04-24,DOCUMENTS_LIST,IOS,6.6.1,= 0 ms,1294
2026-04-24,DOCUMENTS_LIST,IOS,6.6.0,= 0 ms,2159
2026-04-24,ISSUED_DOCUMENT_EVIDENCE,IOS,6.6.1,= 0 ms,689
2026-04-24,ISSUED_DOCUMENT_EVIDENCE,IOS,6.6.2,= 0 ms,14894
2026-04-24,ISSUED_DOCUMENT_DETAILS,IOS,6.6.0,= 0 ms,162
2026-04-24,ISSUED_DOCUMENT_DETAILS,IOS,6.5.0,= 0 ms,44
2026-04-24,ISSUED_DOCUMENT_DETAILS,IOS,6.6.1,= 0 ms,115
2026-04-24,ISSUED_DOCUMENT_EVIDENCE,IOS,6.6.0,= 0 ms,1201
2026-04-24,ISSUED_DOCUMENT_DETAILS,IOS,6.6.2,= 0 ms,2670
2026-04-25,DOCUMENTS_LIST,IOS,6.5.0,10000+ ms,24
2026-04-25,ISSUED_DOCUMENT_EVIDENCE,IOS,6.6.0,10000+ ms,30
2026-04-25,DOCUMENTS_LIST,IOS,6.6.1,10000+ ms,23
2026-04-25,ISSUED_DOCUMENT_EVIDENCE,IOS,6.6.2,10000+ ms,469
2026-04-25,DOCUMENTS_LIST,IOS,6.6.0,10000+ ms,54
2026-04-25,ISSUED_DOCUMENT_EVIDENCE,IOS,6.5.0,10000+ ms,2
2026-04-25,ISSUED_DOCUMENT_DETAILS,IOS,6.6.0,10000+ ms,111
2026-04-25,ISSUED_DOCUMENT_DETAILS,IOS,6.6.2,10000+ ms,1345
2026-04-25,ISSUED_DOCUMENT_DETAILS,IOS,6.6.1,10000+ ms,53
2026-04-25,ISSUED_DOCUMENT_EVIDENCE,IOS,6.6.1,10000+ ms,12
2026-04-25,ISSUED_DOCUMENT_DETAILS,IOS,6.5.0,10000+ ms,16
2026-04-25,DOCUMENTS_LIST,IOS,6.6.2,10000+ ms,576
2026-04-25,DOCUMENTS_LIST,IOS,6.6.1,1001-5000 ms,218
2026-04-25,ISSUED_DOCUMENT_EVIDENCE,IOS,6.6.2,1001-5000 ms,724
2026-04-25,DOCUMENTS_LIST,IOS,6.6.0,1001-5000 ms,486
2026-04-25,ISSUED_DOCUMENT_DETAILS,IOS,6.5.0,1001-5000 ms,63
2026-04-25,ISSUED_DOCUMENT_DETAILS,IOS,6.6.2,1001-5000 ms,2225
2026-04-25,ISSUED_DOCUMENT_EVIDENCE,IOS,6.6.1,1001-5000 ms,22
2026-04-25,ISSUED_DOCUMENT_EVIDENCE,IOS,6.5.0,1001-5000 ms,12
2026-04-25,DOCUMENTS_LIST,IOS,6.5.0,1001-5000 ms,107
2026-04-25,DOCUMENTS_LIST,IOS,6.6.2,1001-5000 ms,4357
2026-04-25,ISSUED_DOCUMENT_DETAILS,IOS,6.6.1,1001-5000 ms,81
2026-04-25,ISSUED_DOCUMENT_DETAILS,IOS,6.6.0,1001-5000 ms,175
2026-04-25,ISSUED_DOCUMENT_EVIDENCE,IOS,6.6.0,1001-5000 ms,58
2026-04-25,ISSUED_DOCUMENT_EVIDENCE,IOS,6.6.0,5001-10000 ms,11
2026-04-25,ISSUED_DOCUMENT_DETAILS,IOS,6.6.1,5001-10000 ms,19
2026-04-25,ISSUED_DOCUMENT_EVIDENCE,IOS,6.5.0,5001-10000 ms,1
2026-04-25,ISSUED_DOCUMENT_EVIDENCE,IOS,6.6.1,5001-10000 ms,3
2026-04-25,ISSUED_DOCUMENT_DETAILS,IOS,6.6.2,5001-10000 ms,587
2026-04-25,ISSUED_DOCUMENT_DETAILS,IOS,6.5.0,5001-10000 ms,8
2026-04-25,ISSUED_DOCUMENT_EVIDENCE,IOS,6.6.2,5001-10000 ms,137
2026-04-25,DOCUMENTS_LIST,IOS,6.6.2,5001-10000 ms,721
2026-04-25,ISSUED_DOCUMENT_DETAILS,IOS,6.6.0,5001-10000 ms,31
2026-04-25,DOCUMENTS_LIST,IOS,6.6.1,5001-10000 ms,29
2026-04-25,DOCUMENTS_LIST,IOS,6.6.0,5001-10000 ms,80
2026-04-25,DOCUMENTS_LIST,IOS,6.5.0,5001-10000 ms,20
2026-04-25,ISSUED_DOCUMENT_EVIDENCE,IOS,6.6.2,501-1000 ms,567
2026-04-25,DOCUMENTS_LIST,IOS,6.6.1,501-1000 ms,863
2026-04-25,ISSUED_DOCUMENT_DETAILS,IOS,6.6.1,501-1000 ms,282
2026-04-25,ISSUED_DOCUMENT_EVIDENCE,IOS,6.5.0,501-1000 ms,6
2026-04-25,ISSUED_DOCUMENT_EVIDENCE,IOS,6.6.1,501-1000 ms,15
2026-04-25,ISSUED_DOCUMENT_DETAILS,IOS,6.5.0,501-1000 ms,132
2026-04-25,DOCUMENTS_LIST,IOS,6.5.0,501-1000 ms,494
2026-04-25,DOCUMENTS_LIST,IOS,6.6.0,501-1000 ms,1953
2026-04-25,DOCUMENTS_LIST,IOS,6.6.2,501-1000 ms,25264
2026-04-25,ISSUED_DOCUMENT_DETAILS,IOS,6.6.2,501-1000 ms,8437
2026-04-25,ISSUED_DOCUMENT_EVIDENCE,IOS,6.6.0,501-1000 ms,28
2026-04-25,ISSUED_DOCUMENT_DETAILS,IOS,6.6.0,501-1000 ms,572
2026-04-25,ISSUED_DOCUMENT_EVIDENCE,IOS,6.6.0,< 0 ms,2
2026-04-25,ISSUED_DOCUMENT_EVIDENCE,IOS,6.6.2,< 0 ms,11
2026-04-25,ISSUED_DOCUMENT_EVIDENCE,IOS,6.6.0,= 0 ms,898
2026-04-25,ISSUED_DOCUMENT_EVIDENCE,IOS,6.6.2,= 0 ms,12529
2026-04-25,DOCUMENTS_LIST,IOS,6.5.0,= 0 ms,417
2026-04-25,DOCUMENTS_LIST,IOS,6.6.2,= 0 ms,24654
2026-04-25,ISSUED_DOCUMENT_EVIDENCE,IOS,6.5.0,= 0 ms,207
2026-04-25,DOCUMENTS_LIST,IOS,6.6.0,= 0 ms,1614
2026-04-25,ISSUED_DOCUMENT_EVIDENCE,IOS,6.6.1,= 0 ms,428
2026-04-25,ISSUED_DOCUMENT_DETAILS,IOS,6.6.2,= 0 ms,2431
2026-04-25,ISSUED_DOCUMENT_DETAILS,IOS,6.6.0,= 0 ms,138
2026-04-25,DOCUMENTS_LIST,IOS,6.6.1,= 0 ms,765
2026-04-25,ISSUED_DOCUMENT_DETAILS,IOS,6.6.1,= 0 ms,65
2026-04-25,ISSUED_DOCUMENT_DETAILS,IOS,6.5.0,= 0 ms,24
2026-04-26,ISSUED_DOCUMENT_EVIDENCE,IOS,6.6.0,10000+ ms,17
2026-04-26,ISSUED_DOCUMENT_DETAILS,IOS,6.6.0,10000+ ms,70
2026-04-26,DOCUMENTS_LIST,IOS,6.5.0,10000+ ms,16
2026-04-26,ISSUED_DOCUMENT_DETAILS,IOS,6.6.1,10000+ ms,25
2026-04-26,DOCUMENTS_LIST,IOS,6.6.2,10000+ ms,449
2026-04-26,DOCUMENTS_LIST,IOS,6.6.0,10000+ ms,41
2026-04-26,ISSUED_DOCUMENT_EVIDENCE,IOS,6.6.2,10000+ ms,390
2026-04-26,ISSUED_DOCUMENT_DETAILS,IOS,6.5.0,10000+ ms,22
2026-04-26,ISSUED_DOCUMENT_EVIDENCE,IOS,6.6.1,10000+ ms,18
2026-04-26,DOCUMENTS_LIST,IOS,6.6.1,10000+ ms,20
2026-04-26,ISSUED_DOCUMENT_EVIDENCE,IOS,6.5.0,10000+ ms,5
2026-04-26,ISSUED_DOCUMENT_DETAILS,IOS,6.6.2,10000+ ms,1147
2026-04-26,ISSUED_DOCUMENT_EVIDENCE,IOS,6.6.0,1001-5000 ms,45
2026-04-26,ISSUED_DOCUMENT_DETAILS,IOS,6.5.0,1001-5000 ms,40
2026-04-26,DOCUMENTS_LIST,IOS,6.5.0,1001-5000 ms,111
2026-04-26,ISSUED_DOCUMENT_EVIDENCE,IOS,6.6.1,1001-5000 ms,18
2026-04-26,ISSUED_DOCUMENT_DETAILS,IOS,6.6.2,1001-5000 ms,1982
2026-04-26,DOCUMENTS_LIST,IOS,6.6.1,1001-5000 ms,169
2026-04-26,DOCUMENTS_LIST,IOS,6.6.0,1001-5000 ms,409
2026-04-26,ISSUED_DOCUMENT_EVIDENCE,IOS,6.6.2,1001-5000 ms,579
2026-04-26,DOCUMENTS_LIST,IOS,6.6.2,1001-5000 ms,4288
2026-04-26,ISSUED_DOCUMENT_DETAILS,IOS,6.6.0,1001-5000 ms,157
2026-04-26,ISSUED_DOCUMENT_DETAILS,IOS,6.6.1,1001-5000 ms,68
2026-04-26,ISSUED_DOCUMENT_EVIDENCE,IOS,6.5.0,1001-5000 ms,13
2026-04-26,DOCUMENTS_LIST,IOS,6.6.2,5001-10000 ms,529
2026-04-26,ISSUED_DOCUMENT_DETAILS,IOS,6.6.2,5001-10000 ms,429
2026-04-26,DOCUMENTS_LIST,IOS,6.6.0,5001-10000 ms,65
2026-04-26,ISSUED_DOCUMENT_DETAILS,IOS,6.5.0,5001-10000 ms,10
2026-04-26,ISSUED_DOCUMENT_EVIDENCE,IOS,6.6.2,5001-10000 ms,113
2026-04-26,DOCUMENTS_LIST,IOS,6.5.0,5001-10000 ms,20
2026-04-26,DOCUMENTS_LIST,IOS,6.6.1,5001-10000 ms,25
2026-04-26,ISSUED_DOCUMENT_EVIDENCE,IOS,6.6.1,5001-10000 ms,1
2026-04-26,ISSUED_DOCUMENT_EVIDENCE,IOS,6.6.0,5001-10000 ms,6
2026-04-26,ISSUED_DOCUMENT_DETAILS,IOS,6.6.0,5001-10000 ms,36
2026-04-26,ISSUED_DOCUMENT_EVIDENCE,IOS,6.5.0,5001-10000 ms,2
2026-04-26,ISSUED_DOCUMENT_DETAILS,IOS,6.6.1,5001-10000 ms,7
2026-04-26,DOCUMENTS_LIST,IOS,6.6.0,501-1000 ms,1622
2026-04-26,ISSUED_DOCUMENT_DETAILS,IOS,6.5.0,501-1000 ms,145
2026-04-26,ISSUED_DOCUMENT_EVIDENCE,IOS,6.6.2,501-1000 ms,525
2026-04-26,ISSUED_DOCUMENT_DETAILS,IOS,6.6.2,501-1000 ms,7460
2026-04-26,ISSUED_DOCUMENT_EVIDENCE,IOS,6.5.0,501-1000 ms,11
2026-04-26,ISSUED_DOCUMENT_EVIDENCE,IOS,6.6.1,501-1000 ms,7
2026-04-26,ISSUED_DOCUMENT_EVIDENCE,IOS,6.6.0,501-1000 ms,27
2026-04-26,DOCUMENTS_LIST,IOS,6.6.1,501-1000 ms,632
2026-04-26,ISSUED_DOCUMENT_DETAILS,IOS,6.6.0,501-1000 ms,490
2026-04-26,ISSUED_DOCUMENT_DETAILS,IOS,6.6.1,501-1000 ms,189
2026-04-26,DOCUMENTS_LIST,IOS,6.5.0,501-1000 ms,467
2026-04-26,DOCUMENTS_LIST,IOS,6.6.2,501-1000 ms,22104
2026-04-26,ISSUED_DOCUMENT_EVIDENCE,IOS,6.6.1,< 0 ms,2
2026-04-26,ISSUED_DOCUMENT_EVIDENCE,IOS,6.6.2,< 0 ms,10
2026-04-26,DOCUMENTS_LIST,IOS,6.6.1,= 0 ms,490
2026-04-26,DOCUMENTS_LIST,IOS,6.5.0,= 0 ms,407
2026-04-26,ISSUED_DOCUMENT_EVIDENCE,IOS,6.6.2,= 0 ms,10553
2026-04-26,ISSUED_DOCUMENT_EVIDENCE,IOS,6.6.0,= 0 ms,712
2026-04-26,ISSUED_DOCUMENT_DETAILS,IOS,6.6.1,= 0 ms,42
2026-04-26,ISSUED_DOCUMENT_EVIDENCE,IOS,6.6.1,= 0 ms,271
2026-04-26,DOCUMENTS_LIST,IOS,6.6.2,= 0 ms,21332
2026-04-26,ISSUED_DOCUMENT_EVIDENCE,IOS,6.5.0,= 0 ms,198
2026-04-26,ISSUED_DOCUMENT_DETAILS,IOS,6.6.0,= 0 ms,124
2026-04-26,DOCUMENTS_LIST,IOS,6.6.0,= 0 ms,1307
2026-04-26,ISSUED_DOCUMENT_DETAILS,IOS,6.6.2,= 0 ms,2180
2026-04-26,ISSUED_DOCUMENT_DETAILS,IOS,6.5.0,= 0 ms,34
2026-04-27,DOCUMENTS_LIST,IOS,6.6.2,10000+ ms,1591
2026-04-27,ISSUED_DOCUMENT_DETAILS,IOS,6.5.0,10000+ ms,33
2026-04-27,DOCUMENTS_LIST,IOS,6.6.0,10000+ ms,160
2026-04-27,DOCUMENTS_LIST,IOS,6.5.0,10000+ ms,43
2026-04-27,ISSUED_DOCUMENT_EVIDENCE,IOS,6.5.0,10000+ ms,19
2026-04-27,ISSUED_DOCUMENT_EVIDENCE,IOS,6.6.2,10000+ ms,1088
2026-04-27,ISSUED_DOCUMENT_DETAILS,IOS,6.6.0,10000+ ms,136
2026-04-27,ISSUED_DOCUMENT_DETAILS,IOS,6.6.2,10000+ ms,2233
2026-04-27,DOCUMENTS_LIST,IOS,6.6.1,10000+ ms,41
2026-04-27,ISSUED_DOCUMENT_DETAILS,IOS,6.6.1,10000+ ms,46
2026-04-27,ISSUED_DOCUMENT_EVIDENCE,IOS,6.6.1,10000+ ms,18
2026-04-27,ISSUED_DOCUMENT_EVIDENCE,IOS,6.6.0,10000+ ms,70
2026-04-27,ISSUED_DOCUMENT_DETAILS,IOS,6.6.1,1001-5000 ms,165
2026-04-27,ISSUED_DOCUMENT_DETAILS,IOS,6.6.0,1001-5000 ms,434
2026-04-27,DOCUMENTS_LIST,IOS,6.6.1,1001-5000 ms,341
2026-04-27,ISSUED_DOCUMENT_EVIDENCE,IOS,6.6.0,1001-5000 ms,64
2026-04-27,ISSUED_DOCUMENT_EVIDENCE,IOS,6.6.2,1001-5000 ms,1174
2026-04-27,ISSUED_DOCUMENT_DETAILS,IOS,6.5.0,1001-5000 ms,121
2026-04-27,DOCUMENTS_LIST,IOS,6.6.2,1001-5000 ms,13121
2026-04-27,DOCUMENTS_LIST,IOS,6.6.0,1001-5000 ms,1018
2026-04-27,DOCUMENTS_LIST,IOS,6.5.0,1001-5000 ms,307
2026-04-27,ISSUED_DOCUMENT_DETAILS,IOS,6.6.2,1001-5000 ms,6603
2026-04-27,ISSUED_DOCUMENT_EVIDENCE,IOS,6.6.1,1001-5000 ms,20
2026-04-27,ISSUED_DOCUMENT_EVIDENCE,IOS,6.5.0,1001-5000 ms,19
2026-04-27,DOCUMENTS_LIST,IOS,6.6.0,5001-10000 ms,170
2026-04-27,ISSUED_DOCUMENT_DETAILS,IOS,6.6.0,5001-10000 ms,57
2026-04-27,DOCUMENTS_LIST,IOS,6.6.1,5001-10000 ms,69
2026-04-27,DOCUMENTS_LIST,IOS,6.6.2,5001-10000 ms,2106
2026-04-27,ISSUED_DOCUMENT_EVIDENCE,IOS,6.5.0,5001-10000 ms,5
2026-04-27,ISSUED_DOCUMENT_DETAILS,IOS,6.5.0,5001-10000 ms,17
2026-04-27,ISSUED_DOCUMENT_EVIDENCE,IOS,6.6.2,5001-10000 ms,251
2026-04-27,ISSUED_DOCUMENT_EVIDENCE,IOS,6.6.0,5001-10000 ms,9
2026-04-27,ISSUED_DOCUMENT_DETAILS,IOS,6.6.1,5001-10000 ms,11
2026-04-27,DOCUMENTS_LIST,IOS,6.5.0,5001-10000 ms,59
2026-04-27,ISSUED_DOCUMENT_EVIDENCE,IOS,6.6.1,5001-10000 ms,7
2026-04-27,ISSUED_DOCUMENT_DETAILS,IOS,6.6.2,5001-10000 ms,802
2026-04-27,DOCUMENTS_LIST,IOS,6.6.2,501-1000 ms,35392
2026-04-27,ISSUED_DOCUMENT_DETAILS,IOS,6.6.1,501-1000 ms,195
2026-04-27,ISSUED_DOCUMENT_DETAILS,IOS,6.5.0,501-1000 ms,161
2026-04-27,ISSUED_DOCUMENT_EVIDENCE,IOS,6.6.0,501-1000 ms,11
2026-04-27,ISSUED_DOCUMENT_DETAILS,IOS,6.6.0,501-1000 ms,544
2026-04-27,DOCUMENTS_LIST,IOS,6.6.0,501-1000 ms,2368
2026-04-27,ISSUED_DOCUMENT_DETAILS,IOS,6.6.2,501-1000 ms,9595
2026-04-27,ISSUED_DOCUMENT_EVIDENCE,IOS,6.6.1,501-1000 ms,1
2026-04-27,ISSUED_DOCUMENT_EVIDENCE,IOS,6.5.0,501-1000 ms,2
2026-04-27,ISSUED_DOCUMENT_EVIDENCE,IOS,6.6.2,501-1000 ms,379
2026-04-27,DOCUMENTS_LIST,IOS,6.5.0,501-1000 ms,741
2026-04-27,DOCUMENTS_LIST,IOS,6.6.1,501-1000 ms,818
2026-04-27,ISSUED_DOCUMENT_EVIDENCE,IOS,6.6.0,< 0 ms,1
2026-04-27,ISSUED_DOCUMENT_EVIDENCE,IOS,6.6.2,< 0 ms,33
2026-04-27,ISSUED_DOCUMENT_EVIDENCE,IOS,6.6.1,< 0 ms,1
2026-04-27,DOCUMENTS_LIST,IOS,6.6.2,= 0 ms,28475
2026-04-27,ISSUED_DOCUMENT_DETAILS,IOS,6.6.2,= 0 ms,1963
2026-04-27,ISSUED_DOCUMENT_DETAILS,IOS,6.6.1,= 0 ms,25
2026-04-27,ISSUED_DOCUMENT_EVIDENCE,IOS,6.5.0,= 0 ms,273
2026-04-27,ISSUED_DOCUMENT_EVIDENCE,IOS,6.6.2,= 0 ms,17224
2026-04-27,ISSUED_DOCUMENT_EVIDENCE,IOS,6.6.0,= 0 ms,1065
2026-04-27,DOCUMENTS_LIST,IOS,6.5.0,= 0 ms,496
2026-04-27,DOCUMENTS_LIST,IOS,6.6.1,= 0 ms,567
2026-04-27,ISSUED_DOCUMENT_EVIDENCE,IOS,6.6.1,= 0 ms,364
2026-04-27,ISSUED_DOCUMENT_DETAILS,IOS,6.6.0,= 0 ms,108
2026-04-27,ISSUED_DOCUMENT_DETAILS,IOS,6.5.0,= 0 ms,26
2026-04-27,DOCUMENTS_LIST,IOS,6.6.0,= 0 ms,1666
2026-04-28,ISSUED_DOCUMENT_EVIDENCE,IOS,6.6.2,10000+ ms,779
2026-04-28,ISSUED_DOCUMENT_EVIDENCE,IOS,6.5.0,10000+ ms,12
2026-04-28,ISSUED_DOCUMENT_DETAILS,IOS,6.6.0,10000+ ms,120
2026-04-28,DOCUMENTS_LIST,IOS,6.6.1,10000+ ms,28
2026-04-28,DOCUMENTS_LIST,IOS,6.6.2,10000+ ms,842
2026-04-28,DOCUMENTS_LIST,IOS,6.5.0,10000+ ms,26
2026-04-28,DOCUMENTS_LIST,IOS,6.6.0,10000+ ms,78
2026-04-28,ISSUED_DOCUMENT_DETAILS,IOS,6.6.1,10000+ ms,30
2026-04-28,ISSUED_DOCUMENT_DETAILS,IOS,6.5.0,10000+ ms,30
2026-04-28,ISSUED_DOCUMENT_DETAILS,IOS,6.6.2,10000+ ms,2136
2026-04-28,ISSUED_DOCUMENT_EVIDENCE,IOS,6.6.0,10000+ ms,37
2026-04-28,ISSUED_DOCUMENT_EVIDENCE,IOS,6.6.1,10000+ ms,10
2026-04-28,DOCUMENTS_LIST,IOS,6.6.0,1001-5000 ms,669
2026-04-28,ISSUED_DOCUMENT_DETAILS,IOS,6.6.1,1001-5000 ms,99
2026-04-28,DOCUMENTS_LIST,IOS,6.6.2,1001-5000 ms,8418
2026-04-28,DOCUMENTS_LIST,IOS,6.6.1,1001-5000 ms,206
2026-04-28,ISSUED_DOCUMENT_DETAILS,IOS,6.5.0,1001-5000 ms,96
2026-04-28,ISSUED_DOCUMENT_DETAILS,IOS,6.6.0,1001-5000 ms,309
2026-04-28,ISSUED_DOCUMENT_EVIDENCE,IOS,6.6.1,1001-5000 ms,26
2026-04-28,ISSUED_DOCUMENT_EVIDENCE,IOS,6.5.0,1001-5000 ms,18
2026-04-28,ISSUED_DOCUMENT_DETAILS,IOS,6.6.2,1001-5000 ms,5075
2026-04-28,ISSUED_DOCUMENT_EVIDENCE,IOS,6.6.0,1001-5000 ms,68
2026-04-28,ISSUED_DOCUMENT_EVIDENCE,IOS,6.6.2,1001-5000 ms,1303
2026-04-28,DOCUMENTS_LIST,IOS,6.5.0,1001-5000 ms,203
2026-04-28,ISSUERS_LIST,IOS,6.7.0,1001-5000 ms,1
2026-04-28,ISSUED_DOCUMENT_EVIDENCE,IOS,6.6.1,5001-10000 ms,3
2026-04-28,DOCUMENTS_LIST,IOS,6.5.0,5001-10000 ms,34
2026-04-28,ISSUED_DOCUMENT_DETAILS,IOS,6.5.0,5001-10000 ms,11
2026-04-28,DOCUMENTS_LIST,IOS,6.6.2,5001-10000 ms,1093
2026-04-28,DOCUMENTS_LIST,IOS,6.6.1,5001-10000 ms,27
2026-04-28,DOCUMENTS_LIST,IOS,6.6.0,5001-10000 ms,99
2026-04-28,ISSUED_DOCUMENT_DETAILS,IOS,6.6.0,5001-10000 ms,31
2026-04-28,ISSUED_DOCUMENT_EVIDENCE,IOS,6.6.2,5001-10000 ms,207
2026-04-28,ISSUED_DOCUMENT_DETAILS,IOS,6.6.2,5001-10000 ms,678
2026-04-28,ISSUED_DOCUMENT_EVIDENCE,IOS,6.5.0,5001-10000 ms,5
2026-04-28,ISSUED_DOCUMENT_EVIDENCE,IOS,6.6.0,5001-10000 ms,11
2026-04-28,ISSUED_DOCUMENT_DETAILS,IOS,6.6.1,5001-10000 ms,11
2026-04-28,ISSUED_DOCUMENT_EVIDENCE,IOS,6.6.2,501-1000 ms,550
2026-04-28,DOCUMENTS_LIST,IOS,6.6.0,501-1000 ms,2112
2026-04-28,ISSUED_DOCUMENT_DETAILS,IOS,6.6.0,501-1000 ms,523
2026-04-28,DOCUMENTS_LIST,IOS,6.6.1,501-1000 ms,659
2026-04-28,ISSUED_DOCUMENT_DETAILS,IOS,6.5.0,501-1000 ms,176
2026-04-28,DOCUMENTS_LIST,IOS,6.6.2,501-1000 ms,35038
2026-04-28,ISSUED_DOCUMENT_EVIDENCE,IOS,6.6.1,501-1000 ms,5
2026-04-28,ISSUED_DOCUMENT_EVIDENCE,IOS,6.6.0,501-1000 ms,15
2026-04-28,ISSUED_DOCUMENT_DETAILS,IOS,6.6.2,501-1000 ms,9923
2026-04-28,DOCUMENTS_LIST,IOS,6.5.0,501-1000 ms,674
2026-04-28,ISSUED_DOCUMENT_DETAILS,IOS,6.6.1,501-1000 ms,167
2026-04-28,ISSUED_DOCUMENT_EVIDENCE,IOS,6.5.0,501-1000 ms,5
2026-04-28,ISSUED_DOCUMENT_EVIDENCE,IOS,6.6.2,< 0 ms,21
2026-04-28,ISSUED_DOCUMENT_EVIDENCE,IOS,6.6.0,< 0 ms,1
2026-04-28,ISSUED_DOCUMENT_DETAILS,IOS,6.6.2,= 0 ms,2275
2026-04-28,DOCUMENTS_LIST,IOS,6.6.0,= 0 ms,1618
2026-04-28,DOCUMENTS_LIST,IOS,6.5.0,= 0 ms,556
2026-04-28,ISSUED_DOCUMENT_DETAILS,IOS,6.6.1,= 0 ms,30
2026-04-28,ISSUED_DOCUMENT_EVIDENCE,IOS,6.5.0,= 0 ms,294
2026-04-28,ISSUED_DOCUMENT_EVIDENCE,IOS,6.6.2,= 0 ms,17037
2026-04-28,ISSUED_DOCUMENT_DETAILS,IOS,6.6.0,= 0 ms,95
2026-04-28,DOCUMENTS_LIST,IOS,6.7.0,= 0 ms,1
2026-04-28,ISSUED_DOCUMENT_DETAILS,IOS,6.5.0,= 0 ms,42
2026-04-28,DOCUMENTS_LIST,IOS,6.6.1,= 0 ms,530
2026-04-28,ISSUED_DOCUMENT_EVIDENCE,IOS,6.6.0,= 0 ms,933
2026-04-28,ISSUED_DOCUMENT_EVIDENCE,IOS,6.6.1,= 0 ms,298
2026-04-28,NOTIFICATIONS_LIST,IOS,6.7.0,= 0 ms,1
2026-04-28,DOCUMENTS_LIST,IOS,6.6.2,= 0 ms,31277
2026-04-29,DOCUMENTS_LIST,IOS,6.5.0,10000+ ms,37
2026-04-29,ISSUED_DOCUMENT_DETAILS,IOS,6.6.2,10000+ ms,2094
2026-04-29,ISSUED_DOCUMENT_EVIDENCE,IOS,6.6.0,10000+ ms,44
2026-04-29,ISSUED_DOCUMENT_DETAILS,IOS,6.6.0,10000+ ms,117
2026-04-29,ISSUED_DOCUMENT_EVIDENCE,IOS,6.5.0,10000+ ms,14
2026-04-29,ISSUED_DOCUMENT_DETAILS,IOS,6.5.0,10000+ ms,32
2026-04-29,DOCUMENTS_LIST,IOS,6.6.1,10000+ ms,21
2026-04-29,ISSUED_DOCUMENT_EVIDENCE,IOS,6.6.1,10000+ ms,15
2026-04-29,DOCUMENTS_LIST,IOS,6.6.0,10000+ ms,83
2026-04-29,DOCUMENTS_LIST,IOS,6.6.2,10000+ ms,880
2026-04-29,ISSUED_DOCUMENT_EVIDENCE,IOS,6.6.2,10000+ ms,764
2026-04-29,ISSUED_DOCUMENT_DETAILS,IOS,6.6.1,10000+ ms,44
2026-04-29,ISSUERS_LIST,IOS,6.7.0,1001-5000 ms,1
2026-04-29,ISSUED_DOCUMENT_DETAILS,IOS,6.6.0,1001-5000 ms,301
2026-04-29,ISSUED_DOCUMENT_DETAILS,IOS,6.6.1,1001-5000 ms,108
2026-04-29,DOCUMENTS_LIST,IOS,6.6.1,1001-5000 ms,201
2026-04-29,ISSUED_DOCUMENT_DETAILS,IOS,6.5.0,1001-5000 ms,91
2026-04-29,ACTIONABLE_NOTIFICATION_DETAILS,IOS,6.7.0,1001-5000 ms,2
2026-04-29,ISSUED_DOCUMENT_EVIDENCE,IOS,6.6.1,1001-5000 ms,26
2026-04-29,ISSUED_DOCUMENT_EVIDENCE,IOS,6.6.0,1001-5000 ms,69
2026-04-29,ISSUED_DOCUMENT_DETAILS,IOS,6.7.0,1001-5000 ms,1
2026-04-29,DOCUMENTS_LIST,IOS,6.5.0,1001-5000 ms,210
2026-04-29,DOCUMENTS_LIST,IOS,6.6.0,1001-5000 ms,700
2026-04-29,ISSUED_DOCUMENT_EVIDENCE,IOS,6.7.0,1001-5000 ms,2
2026-04-29,ISSUED_DOCUMENT_DETAILS,IOS,6.6.2,1001-5000 ms,4901
2026-04-29,DOCUMENTS_LIST,IOS,6.6.2,1001-5000 ms,9151
2026-04-29,ISSUED_DOCUMENT_EVIDENCE,IOS,6.5.0,1001-5000 ms,18
2026-04-29,ISSUED_DOCUMENT_EVIDENCE,IOS,6.6.2,1001-5000 ms,1319
2026-04-29,ISSUED_DOCUMENT_EVIDENCE,IOS,6.6.1,5001-10000 ms,7
2026-04-29,DOCUMENTS_LIST,IOS,6.6.0,5001-10000 ms,107
2026-04-29,DOCUMENTS_LIST,IOS,6.5.0,5001-10000 ms,37
2026-04-29,ISSUED_DOCUMENT_EVIDENCE,IOS,6.5.0,5001-10000 ms,5
2026-04-29,ISSUED_DOCUMENT_EVIDENCE,IOS,6.6.2,5001-10000 ms,230
2026-04-29,ISSUED_DOCUMENT_EVIDENCE,IOS,6.6.0,5001-10000 ms,9
2026-04-29,ISSUED_DOCUMENT_DETAILS,IOS,6.6.2,5001-10000 ms,627
2026-04-29,ISSUED_DOCUMENT_DETAILS,IOS,6.6.0,5001-10000 ms,40
2026-04-29,ISSUED_DOCUMENT_DETAILS,IOS,6.5.0,5001-10000 ms,10
2026-04-29,DOCUMENTS_LIST,IOS,6.6.2,5001-10000 ms,1362
2026-04-29,ISSUED_DOCUMENT_DETAILS,IOS,6.6.1,5001-10000 ms,8
2026-04-29,DOCUMENTS_LIST,IOS,6.6.1,5001-10000 ms,39
2026-04-29,DOCUMENTS_LIST,IOS,6.5.0,501-1000 ms,688
2026-04-29,ISSUED_DOCUMENT_DETAILS,IOS,6.7.0,501-1000 ms,1
2026-04-29,ISSUED_DOCUMENT_DETAILS,IOS,6.6.1,501-1000 ms,162
2026-04-29,DOCUMENTS_LIST,IOS,6.6.0,501-1000 ms,2046
2026-04-29,ISSUED_DOCUMENT_EVIDENCE,IOS,6.6.2,501-1000 ms,486
2026-04-29,DOCUMENTS_LIST,IOS,6.6.1,501-1000 ms,698
2026-04-29,ISSUED_DOCUMENT_DETAILS,IOS,6.6.0,501-1000 ms,551
2026-04-29,ISSUED_DOCUMENT_DETAILS,IOS,6.6.2,501-1000 ms,10247
2026-04-29,ISSUED_DOCUMENT_EVIDENCE,IOS,6.6.0,501-1000 ms,17
2026-04-29,DOCUMENTS_LIST,IOS,6.6.2,501-1000 ms,34654
2026-04-29,ISSUED_DOCUMENT_EVIDENCE,IOS,6.5.0,501-1000 ms,4
2026-04-29,ISSUED_DOCUMENT_EVIDENCE,IOS,6.6.1,501-1000 ms,2
2026-04-29,ISSUED_DOCUMENT_DETAILS,IOS,6.5.0,501-1000 ms,161
2026-04-29,ISSUED_DOCUMENT_EVIDENCE,IOS,6.6.2,< 0 ms,26
2026-04-29,ISSUED_DOCUMENT_EVIDENCE,IOS,6.5.0,< 0 ms,1
2026-04-29,ISSUED_DOCUMENT_EVIDENCE,IOS,6.6.0,< 0 ms,2
2026-04-29,DOCUMENTS_LIST,IOS,6.6.0,= 0 ms,1606
2026-04-29,ISSUED_DOCUMENT_EVIDENCE,IOS,6.6.1,= 0 ms,312
2026-04-29,DOCUMENTS_LIST,IOS,6.6.1,= 0 ms,499
2026-04-29,ISSUED_DOCUMENT_DETAILS,IOS,6.6.1,= 0 ms,34
2026-04-29,DOWNLOAD_SELF_SIGN_DOCUMENT,IOS,6.7.0,= 0 ms,1
2026-04-29,ISSUED_DOCUMENT_EVIDENCE,IOS,6.6.2,= 0 ms,16969
2026-04-29,DOCUMENTS_LIST,IOS,6.5.0,= 0 ms,596
2026-04-29,ISSUED_DOCUMENT_EVIDENCE,IOS,6.5.0,= 0 ms,308
2026-04-29,ISSUED_DOCUMENT_EVIDENCE,IOS,6.6.0,= 0 ms,943
2026-04-29,ISSUED_DOCUMENT_DETAILS,IOS,6.5.0,= 0 ms,33
2026-04-29,UPLOADED_DOCUMENT_EVIDENCE,IOS,6.7.0,= 0 ms,1
2026-04-29,NOTIFICATIONS_LIST,IOS,6.7.0,= 0 ms,1
2026-04-29,ISSUED_DOCUMENT_DETAILS,IOS,6.6.0,= 0 ms,84
2026-04-29,DOCUMENTS_LIST,IOS,6.7.0,= 0 ms,1
2026-04-29,DOCUMENTS_LIST,IOS,6.6.2,= 0 ms,31497
2026-04-29,ISSUED_DOCUMENT_DETAILS,IOS,6.6.2,= 0 ms,2260
2026-04-30,ACTIONABLE_NOTIFICATION_DETAILS,IOS,6.7.0,10000+ ms,651
2026-04-30,DOCUMENT_SELECTION_ISSUED_LIST,IOS,6.7.0,10000+ ms,1
2026-04-30,ISSUED_DOCUMENT_DETAILS,IOS,6.6.2,10000+ ms,1985
2026-04-30,UPLOADED_DOCUMENT_EVIDENCE,IOS,6.7.0,10000+ ms,1
2026-04-30,DOWNLOAD_SELF_SIGN_DOCUMENT,IOS,6.7.0,10000+ ms,1
2026-04-30,ISSUED_DOCUMENT_DETAILS,IOS,6.6.1,10000+ ms,22
2026-04-30,QR_VERIFICATION,IOS,6.7.0,10000+ ms,9
2026-04-30,NOTIFICATIONS_LIST,IOS,6.7.0,10000+ ms,16
2026-04-30,ISSUED_DOCUMENT_EVIDENCE,IOS,6.5.0,10000+ ms,5
2026-04-30,DOCUMENTS_LIST,IOS,6.5.0,10000+ ms,21
2026-04-30,DOCUMENTS_LIST,IOS,6.6.2,10000+ ms,657
2026-04-30,DOCUMENTS_LIST,IOS,6.6.0,10000+ ms,80
2026-04-30,ISSUED_DOCUMENT_DETAILS,IOS,6.5.0,10000+ ms,28
2026-04-30,ISSUERS_LIST,IOS,6.7.0,10000+ ms,6
2026-04-30,ISSUED_DOCUMENT_DETAILS,IOS,6.6.0,10000+ ms,89
2026-04-30,ISSUED_DOCUMENT_EVIDENCE,IOS,6.7.0,10000+ ms,138
2026-04-30,ISSUED_DOCUMENT_EVIDENCE,IOS,6.6.0,10000+ ms,41
2026-04-30,SHARE_DOCUMENT,IOS,6.7.0,10000+ ms,4
2026-04-30,DOCUMENTS_LIST,IOS,6.7.0,10000+ ms,22
2026-04-30,DOCUMENTS_LIST,IOS,6.6.1,10000+ ms,15
2026-04-30,DOWNLOAD_DOCUMENT,IOS,6.7.0,10000+ ms,2
2026-04-30,ISSUED_DOCUMENT_DETAILS,IOS,6.7.0,10000+ ms,114
2026-04-30,NON_ACTIONABLE_NOTIFICATION_DETAILS,IOS,6.7.0,10000+ ms,7
2026-04-30,ISSUED_DOCUMENT_EVIDENCE,IOS,6.6.2,10000+ ms,716
2026-04-30,ISSUED_DOCUMENT_EVIDENCE,IOS,6.6.1,10000+ ms,18
2026-04-30,ISSUED_DOCUMENT_EVIDENCE,IOS,6.6.2,1001-5000 ms,1260
2026-04-30,DOCUMENTS_LIST,IOS,6.6.2,1001-5000 ms,8905
2026-04-30,DOCUMENTS_LIST,IOS,6.5.0,1001-5000 ms,206
2026-04-30,UPLOADED_DOCUMENT_EVIDENCE,IOS,6.7.0,1001-5000 ms,6
2026-04-30,ISSUED_DOCUMENT_DETAILS,IOS,6.5.0,1001-5000 ms,75
2026-04-30,ISSUED_DOCUMENT_EVIDENCE,IOS,6.5.0,1001-5000 ms,15
2026-04-30,SHARE_DOCUMENT,IOS,6.7.0,1001-5000 ms,4
2026-04-30,DOCUMENTS_LIST,IOS,6.6.1,1001-5000 ms,182
2026-04-30,ISSUED_DOCUMENT_EVIDENCE,IOS,6.6.1,1001-5000 ms,16
2026-04-30,DOWNLOAD_DOCUMENT,IOS,6.7.0,1001-5000 ms,5
2026-04-30,DOCUMENT_SELECTION_ISSUED_LIST,IOS,6.7.0,1001-5000 ms,4
2026-04-30,ACTIONABLE_NOTIFICATION_DETAILS,IOS,6.7.0,1001-5000 ms,1086
2026-04-30,ISSUED_DOCUMENT_DETAILS,IOS,6.6.1,1001-5000 ms,86
2026-04-30,NOTIFICATIONS_LIST,IOS,6.7.0,1001-5000 ms,393
2026-04-30,ISSUED_DOCUMENT_EVIDENCE,IOS,6.6.0,1001-5000 ms,57
2026-04-30,ISSUED_DOCUMENT_EVIDENCE,IOS,6.7.0,1001-5000 ms,548
2026-04-30,ISSUED_DOCUMENT_DETAILS,IOS,6.6.0,1001-5000 ms,254
2026-04-30,NON_ACTIONABLE_NOTIFICATION_DETAILS,IOS,6.7.0,1001-5000 ms,63
2026-04-30,ISSUERS_LIST,IOS,6.7.0,1001-5000 ms,715
2026-04-30,DOCUMENTS_LIST,IOS,6.7.0,1001-5000 ms,409
2026-04-30,ISSUED_DOCUMENT_DETAILS,IOS,6.7.0,1001-5000 ms,222
2026-04-30,DOCUMENTS_LIST,IOS,6.6.0,1001-5000 ms,674
2026-04-30,QR_VERIFICATION,IOS,6.7.0,1001-5000 ms,47
2026-04-30,ISSUED_DOCUMENT_DETAILS,IOS,6.6.2,1001-5000 ms,4236
2026-04-30,ISSUED_DOCUMENT_EVIDENCE,IOS,6.6.1,5001-10000 ms,6
2026-04-30,ACTIONABLE_NOTIFICATION_DETAILS,IOS,6.7.0,5001-10000 ms,336
2026-04-30,SHARE_DOCUMENT,IOS,6.7.0,5001-10000 ms,1
2026-04-30,ISSUED_DOCUMENT_DETAILS,IOS,6.5.0,5001-10000 ms,8
2026-04-30,ISSUED_DOCUMENT_DETAILS,IOS,6.7.0,5001-10000 ms,27
2026-04-30,ISSUED_DOCUMENT_EVIDENCE,IOS,6.6.0,5001-10000 ms,14
2026-04-30,ISSUERS_LIST,IOS,6.7.0,5001-10000 ms,13
2026-04-30,QR_VERIFICATION,IOS,6.7.0,5001-10000 ms,2
2026-04-30,ISSUED_DOCUMENT_DETAILS,IOS,6.6.1,5001-10000 ms,11
2026-04-30,DOCUMENTS_LIST,IOS,6.5.0,5001-10000 ms,29
2026-04-30,ISSUED_DOCUMENT_DETAILS,IOS,6.6.0,5001-10000 ms,32
2026-04-30,DOCUMENTS_LIST,IOS,6.6.2,5001-10000 ms,1122
2026-04-30,DOCUMENTS_LIST,IOS,6.6.0,5001-10000 ms,94
2026-04-30,NON_ACTIONABLE_NOTIFICATION_DETAILS,IOS,6.7.0,5001-10000 ms,6
2026-04-30,ISSUED_DOCUMENT_EVIDENCE,IOS,6.5.0,5001-10000 ms,1
2026-04-30,ISSUED_DOCUMENT_EVIDENCE,IOS,6.7.0,5001-10000 ms,167
2026-04-30,DOCUMENTS_LIST,IOS,6.7.0,5001-10000 ms,50
2026-04-30,ISSUED_DOCUMENT_DETAILS,IOS,6.6.2,5001-10000 ms,545
2026-04-30,ISSUED_DOCUMENT_EVIDENCE,IOS,6.6.2,5001-10000 ms,285
2026-04-30,NOTIFICATIONS_LIST,IOS,6.7.0,5001-10000 ms,51
2026-04-30,DOCUMENTS_LIST,IOS,6.6.1,5001-10000 ms,28
2026-04-30,ISSUED_DOCUMENT_DETAILS,IOS,6.6.2,501-1000 ms,9940
2026-04-30,ISSUED_DOCUMENT_DETAILS,IOS,6.7.0,501-1000 ms,636
2026-04-30,NOTIFICATIONS_LIST,IOS,6.7.0,501-1000 ms,1075
2026-04-30,NON_ACTIONABLE_NOTIFICATION_DETAILS,IOS,6.7.0,501-1000 ms,451
2026-04-30,DOWNLOAD_SELF_SIGN_DOCUMENT,IOS,6.7.0,501-1000 ms,1
2026-04-30,DOCUMENT_SELECTION_ISSUED_LIST,IOS,6.7.0,501-1000 ms,2
2026-04-30,ISSUED_DOCUMENT_DETAILS,IOS,6.5.0,501-1000 ms,175
2026-04-30,DOCUMENTS_LIST,IOS,6.6.2,501-1000 ms,32788
2026-04-30,DOCUMENTS_LIST,IOS,6.7.0,501-1000 ms,1187
2026-04-30,DOCUMENTS_LIST,IOS,6.6.1,501-1000 ms,573
2026-04-30,ISSUED_DOCUMENT_EVIDENCE,IOS,6.6.1,501-1000 ms,4
2026-04-30,ISSUED_DOCUMENT_EVIDENCE,IOS,6.6.0,501-1000 ms,15
2026-04-30,QR_VERIFICATION,IOS,6.7.0,501-1000 ms,59
2026-04-30,DOCUMENTS_LIST,IOS,6.6.0,501-1000 ms,1938
2026-04-30,ISSUED_DOCUMENT_DETAILS,IOS,6.6.0,501-1000 ms,516
2026-04-30,ISSUED_DOCUMENT_DETAILS,IOS,6.6.1,501-1000 ms,149
2026-04-30,ISSUERS_LIST,IOS,6.7.0,501-1000 ms,440
2026-04-30,DOCUMENTS_LIST,IOS,6.5.0,501-1000 ms,694
2026-04-30,ACTIONABLE_NOTIFICATION_DETAILS,IOS,6.7.0,501-1000 ms,56
2026-04-30,ISSUED_DOCUMENT_EVIDENCE,IOS,6.5.0,501-1000 ms,8
2026-04-30,SHARE_DOCUMENT,IOS,6.7.0,501-1000 ms,2
2026-04-30,UPLOADED_DOCUMENT_EVIDENCE,IOS,6.7.0,501-1000 ms,13
2026-04-30,ISSUED_DOCUMENT_EVIDENCE,IOS,6.7.0,501-1000 ms,45
2026-04-30,ISSUED_DOCUMENT_EVIDENCE,IOS,6.6.2,501-1000 ms,462
2026-04-30,DOWNLOAD_DOCUMENT,IOS,6.7.0,501-1000 ms,6
2026-04-30,ISSUED_DOCUMENT_EVIDENCE,IOS,6.6.2,< 0 ms,26
2026-04-30,ACTIONABLE_NOTIFICATION_DETAILS,IOS,6.7.0,< 0 ms,1
2026-04-30,ISSUED_DOCUMENT_EVIDENCE,IOS,6.5.0,< 0 ms,1
2026-04-30,ISSUERS_LIST,IOS,6.7.0,= 0 ms,104
2026-04-30,DOWNLOAD_SELF_SIGN_DOCUMENT,IOS,6.7.0,= 0 ms,2
2026-04-30,ISSUED_DOCUMENT_DETAILS,IOS,6.5.0,= 0 ms,47
2026-04-30,DOCUMENTS_LIST,IOS,6.5.0,= 0 ms,490
2026-04-30,QR_VERIFICATION,IOS,6.7.0,= 0 ms,21
2026-04-30,ISSUED_DOCUMENT_EVIDENCE,IOS,6.5.0,= 0 ms,290
2026-04-30,DOCUMENTS_LIST,IOS,6.6.0,= 0 ms,1465
2026-04-30,ACTIONABLE_NOTIFICATION_DETAILS,IOS,6.7.0,= 0 ms,262
2026-04-30,ISSUED_DOCUMENT_EVIDENCE,IOS,6.6.1,= 0 ms,250
2026-04-30,NON_ACTIONABLE_NOTIFICATION_DETAILS,IOS,6.7.0,= 0 ms,919
2026-04-30,ISSUED_DOCUMENT_DETAILS,IOS,6.7.0,= 0 ms,156
2026-04-30,ISSUED_DOCUMENT_EVIDENCE,IOS,6.6.0,= 0 ms,834
2026-04-30,DOCUMENTS_LIST,IOS,6.7.0,= 0 ms,1002
2026-04-30,ISSUED_DOCUMENT_EVIDENCE,IOS,6.7.0,= 0 ms,11
2026-04-30,ISSUED_DOCUMENT_EVIDENCE,IOS,6.6.2,= 0 ms,15775
2026-04-30,ISSUED_DOCUMENT_DETAILS,IOS,6.6.2,= 0 ms,2284
2026-04-30,DOCUMENTS_LIST,IOS,6.6.1,= 0 ms,473
2026-04-30,ISSUED_DOCUMENT_DETAILS,IOS,6.6.1,= 0 ms,39
2026-04-30,DOCUMENTS_LIST,IOS,6.6.2,= 0 ms,29885
2026-04-30,UPLOADED_DOCUMENT_EVIDENCE,IOS,6.7.0,= 0 ms,10
2026-04-30,ISSUED_DOCUMENT_DETAILS,IOS,6.6.0,= 0 ms,128
2026-04-30,DOCUMENT_SELECTION_ISSUED_LIST,IOS,6.7.0,= 0 ms,1
2026-04-30,NOTIFICATIONS_LIST,IOS,6.7.0,= 0 ms,2080
2026-05-01,DOCUMENT_SELECTION_ISSUED_LIST,IOS,6.7.0,10000+ ms,1
2026-05-01,DOCUMENTS_LIST,IOS,6.6.0,10000+ ms,68
2026-05-01,ISSUED_DOCUMENT_EVIDENCE,IOS,6.6.1,10000+ ms,7
2026-05-01,DOWNLOAD_DOCUMENT,IOS,6.7.0,10000+ ms,2
2026-05-01,ISSUED_DOCUMENT_DETAILS,IOS,6.6.0,10000+ ms,67
2026-05-01,ISSUED_DOCUMENT_EVIDENCE,IOS,6.6.0,10000+ ms,27
2026-05-01,ISSUED_DOCUMENT_DETAILS,IOS,6.7.0,10000+ ms,218
2026-05-01,ISSUED_DOCUMENT_DETAILS,IOS,6.6.1,10000+ ms,27
2026-05-01,ISSUERS_LIST,IOS,6.7.0,10000+ ms,26
2026-05-01,NON_ACTIONABLE_NOTIFICATION_DETAILS,IOS,6.7.0,10000+ ms,14
2026-05-01,DOCUMENTS_LIST,IOS,6.7.0,10000+ ms,95
2026-05-01,DOCUMENTS_LIST,IOS,6.5.0,10000+ ms,28
2026-05-01,ISSUED_DOCUMENT_EVIDENCE,IOS,6.6.2,10000+ ms,444
2026-05-01,DOCUMENTS_LIST,IOS,6.6.2,10000+ ms,824
2026-05-01,DOCUMENTS_LIST,IOS,6.6.1,10000+ ms,25
2026-05-01,UPLOADED_DOCUMENT_EVIDENCE,IOS,6.7.0,10000+ ms,7
2026-05-01,ISSUED_DOCUMENT_EVIDENCE,IOS,6.7.0,10000+ ms,297
2026-05-01,ISSUED_DOCUMENT_DETAILS,IOS,6.5.0,10000+ ms,29
2026-05-01,SHARE_DOCUMENT,IOS,6.7.0,10000+ ms,6
2026-05-01,ISSUED_DOCUMENT_EVIDENCE,IOS,6.5.0,10000+ ms,7
2026-05-01,QR_VERIFICATION,IOS,6.7.0,10000+ ms,22
2026-05-01,ISSUED_DOCUMENT_DETAILS,IOS,6.6.2,10000+ ms,1431
2026-05-01,ACTIONABLE_NOTIFICATION_DETAILS,IOS,6.7.0,10000+ ms,1675
2026-05-01,DOWNLOAD_SELF_SIGN_DOCUMENT,IOS,6.7.0,10000+ ms,2
2026-05-01,NOTIFICATIONS_LIST,IOS,6.7.0,10000+ ms,55
2026-05-01,UPLOADED_DOCUMENT_EVIDENCE,IOS,6.7.0,1001-5000 ms,27
2026-05-01,ISSUED_DOCUMENT_EVIDENCE,IOS,6.6.2,1001-5000 ms,880
2026-05-01,ISSUED_DOCUMENT_EVIDENCE,IOS,6.6.0,1001-5000 ms,38
2026-05-01,DOCUMENT_SELECTION_ISSUED_LIST,IOS,6.7.0,1001-5000 ms,7
2026-05-01,DOCUMENTS_LIST,IOS,6.6.2,1001-5000 ms,8524
2026-05-01,DOWNLOAD_DOCUMENT,IOS,6.7.0,1001-5000 ms,13
2026-05-01,DOCUMENTS_LIST,IOS,6.6.1,1001-5000 ms,176
2026-05-01,ISSUED_DOCUMENT_EVIDENCE,IOS,6.5.0,1001-5000 ms,12
2026-05-01,ACTIONABLE_NOTIFICATION_DETAILS,IOS,6.7.0,1001-5000 ms,3124
2026-05-01,ISSUED_DOCUMENT_EVIDENCE,IOS,6.7.0,1001-5000 ms,1247
2026-05-01,DOCUMENTS_LIST,IOS,6.5.0,1001-5000 ms,193
2026-05-01,DOCUMENTS_LIST,IOS,6.7.0,1001-5000 ms,939
2026-05-01,DOCUMENTS_LIST,IOS,6.6.0,1001-5000 ms,624
2026-05-01,ISSUERS_LIST,IOS,6.7.0,1001-5000 ms,1627
2026-05-01,ISSUED_DOCUMENT_EVIDENCE,IOS,6.6.1,1001-5000 ms,22
2026-05-01,ISSUED_DOCUMENT_DETAILS,IOS,6.6.0,1001-5000 ms,200
2026-05-01,NON_ACTIONABLE_NOTIFICATION_DETAILS,IOS,6.7.0,1001-5000 ms,166
2026-05-01,QR_VERIFICATION,IOS,6.7.0,1001-5000 ms,74
2026-05-01,SHARE_DOCUMENT,IOS,6.7.0,1001-5000 ms,19
2026-05-01,ISSUED_DOCUMENT_DETAILS,IOS,6.7.0,1001-5000 ms,516
2026-05-01,ISSUED_DOCUMENT_DETAILS,IOS,6.5.0,1001-5000 ms,55
2026-05-01,DOWNLOAD_SELF_SIGN_DOCUMENT,IOS,6.7.0,1001-5000 ms,2
2026-05-01,ISSUED_DOCUMENT_DETAILS,IOS,6.6.1,1001-5000 ms,72
2026-05-01,ISSUED_DOCUMENT_DETAILS,IOS,6.6.2,1001-5000 ms,3007
2026-05-01,NOTIFICATIONS_LIST,IOS,6.7.0,1001-5000 ms,767
2026-05-01,ISSUED_DOCUMENT_DETAILS,IOS,6.6.2,5001-10000 ms,514
2026-05-01,DOWNLOAD_DOCUMENT,IOS,6.7.0,5001-10000 ms,2
2026-05-01,NOTIFICATIONS_LIST,IOS,6.7.0,5001-10000 ms,128
2026-05-01,DOCUMENTS_LIST,IOS,6.6.1,5001-10000 ms,36
2026-05-01,DOCUMENTS_LIST,IOS,6.6.2,5001-10000 ms,1446
2026-05-01,ACTIONABLE_NOTIFICATION_DETAILS,IOS,6.7.0,5001-10000 ms,595
2026-05-01,NON_ACTIONABLE_NOTIFICATION_DETAILS,IOS,6.7.0,5001-10000 ms,12
2026-05-01,UPLOADED_DOCUMENT_EVIDENCE,IOS,6.7.0,5001-10000 ms,2
2026-05-01,ISSUED_DOCUMENT_EVIDENCE,IOS,6.6.2,5001-10000 ms,133
2026-05-01,ISSUED_DOCUMENT_DETAILS,IOS,6.6.1,5001-10000 ms,5
2026-05-01,ISSUERS_LIST,IOS,6.7.0,5001-10000 ms,41
2026-05-01,ISSUED_DOCUMENT_EVIDENCE,IOS,6.7.0,5001-10000 ms,370
2026-05-01,ISSUED_DOCUMENT_EVIDENCE,IOS,6.6.0,5001-10000 ms,3
2026-05-01,ISSUED_DOCUMENT_EVIDENCE,IOS,6.6.1,5001-10000 ms,6
2026-05-01,ISSUED_DOCUMENT_DETAILS,IOS,6.5.0,5001-10000 ms,6
2026-05-01,DOCUMENTS_LIST,IOS,6.7.0,5001-10000 ms,122
2026-05-01,DOCUMENTS_LIST,IOS,6.5.0,5001-10000 ms,23
2026-05-01,ISSUED_DOCUMENT_EVIDENCE,IOS,6.5.0,5001-10000 ms,2
2026-05-01,DOWNLOAD_SELF_SIGN_DOCUMENT,IOS,6.7.0,5001-10000 ms,1
2026-05-01,DOCUMENTS_LIST,IOS,6.6.0,5001-10000 ms,100
2026-05-01,ISSUED_DOCUMENT_DETAILS,IOS,6.6.0,5001-10000 ms,27
2026-05-01,QR_VERIFICATION,IOS,6.7.0,5001-10000 ms,15
2026-05-01,ISSUED_DOCUMENT_DETAILS,IOS,6.7.0,5001-10000 ms,70
2026-05-01,ISSUED_DOCUMENT_DETAILS,IOS,6.6.0,501-1000 ms,466
2026-05-01,ISSUED_DOCUMENT_EVIDENCE,IOS,6.7.0,501-1000 ms,96
2026-05-01,DOCUMENTS_LIST,IOS,6.6.0,501-1000 ms,1569
2026-05-01,ISSUED_DOCUMENT_DETAILS,IOS,6.6.1,501-1000 ms,119
2026-05-01,ISSUED_DOCUMENT_DETAILS,IOS,6.5.0,501-1000 ms,174
2026-05-01,ISSUED_DOCUMENT_EVIDENCE,IOS,6.6.1,501-1000 ms,4
2026-05-01,DOCUMENTS_LIST,IOS,6.6.2,501-1000 ms,26950
2026-05-01,ISSUED_DOCUMENT_DETAILS,IOS,6.6.2,501-1000 ms,8566
2026-05-01,DOCUMENTS_LIST,IOS,6.7.0,501-1000 ms,2706
2026-05-01,ISSUED_DOCUMENT_EVIDENCE,IOS,6.6.0,501-1000 ms,12
2026-05-01,DOWNLOAD_DOCUMENT,IOS,6.7.0,501-1000 ms,6
2026-05-01,ISSUERS_LIST,IOS,6.7.0,501-1000 ms,1069
2026-05-01,DOCUMENTS_LIST,IOS,6.6.1,501-1000 ms,458
2026-05-01,NON_ACTIONABLE_NOTIFICATION_DETAILS,IOS,6.7.0,501-1000 ms,1143
2026-05-01,SHARE_DOCUMENT,IOS,6.7.0,501-1000 ms,8
2026-05-01,DOCUMENT_SELECTION_ISSUED_LIST,IOS,6.7.0,501-1000 ms,1
2026-05-01,DOCUMENTS_LIST,IOS,6.5.0,501-1000 ms,583
2026-05-01,ISSUED_DOCUMENT_DETAILS,IOS,6.7.0,501-1000 ms,1440
2026-05-01,NOTIFICATIONS_LIST,IOS,6.7.0,501-1000 ms,2385
2026-05-01,ACTIONABLE_NOTIFICATION_DETAILS,IOS,6.7.0,501-1000 ms,162
2026-05-01,QR_VERIFICATION,IOS,6.7.0,501-1000 ms,171
2026-05-01,ISSUED_DOCUMENT_EVIDENCE,IOS,6.6.2,501-1000 ms,486
2026-05-01,ISSUED_DOCUMENT_EVIDENCE,IOS,6.5.0,501-1000 ms,5
2026-05-01,UPLOADED_DOCUMENT_EVIDENCE,IOS,6.7.0,501-1000 ms,41
2026-05-01,DOWNLOAD_SELF_SIGN_DOCUMENT,IOS,6.7.0,501-1000 ms,5
2026-05-01,ISSUED_DOCUMENT_EVIDENCE,IOS,6.6.2,< 0 ms,23
2026-05-01,ISSUED_DOCUMENT_EVIDENCE,IOS,6.6.0,< 0 ms,1
2026-05-01,ACTIONABLE_NOTIFICATION_DETAILS,IOS,6.7.0,< 0 ms,1
2026-05-01,ISSUED_DOCUMENT_EVIDENCE,IOS,6.7.0,< 0 ms,1
2026-05-01,ISSUED_DOCUMENT_DETAILS,IOS,6.6.0,= 0 ms,99
2026-05-01,NOTIFICATIONS_LIST,IOS,6.7.0,= 0 ms,5049
2026-05-01,ISSUED_DOCUMENT_DETAILS,IOS,6.7.0,= 0 ms,351
2026-05-01,ISSUED_DOCUMENT_EVIDENCE,IOS,6.7.0,= 0 ms,21
2026-05-01,ISSUERS_LIST,IOS,6.7.0,= 0 ms,273
2026-05-01,ISSUED_DOCUMENT_DETAILS,IOS,6.6.1,= 0 ms,30
2026-05-01,ISSUED_DOCUMENT_EVIDENCE,IOS,6.6.2,= 0 ms,13114
2026-05-01,DOCUMENTS_LIST,IOS,6.6.0,= 0 ms,1283
2026-05-01,ISSUED_DOCUMENT_EVIDENCE,IOS,6.6.0,= 0 ms,701
2026-05-01,ISSUED_DOCUMENT_EVIDENCE,IOS,6.5.0,= 0 ms,257
2026-05-01,ISSUED_DOCUMENT_DETAILS,IOS,6.5.0,= 0 ms,32
2026-05-01,UPLOADED_DOCUMENT_EVIDENCE,IOS,6.7.0,= 0 ms,18
2026-05-01,DOWNLOAD_SELF_SIGN_DOCUMENT,IOS,6.7.0,= 0 ms,7
2026-05-01,ISSUED_DOCUMENT_DETAILS,IOS,6.6.2,= 0 ms,2079
2026-05-01,DOCUMENTS_LIST,IOS,6.6.1,= 0 ms,361
2026-05-01,DOCUMENTS_LIST,IOS,6.7.0,= 0 ms,2580
2026-05-01,ACTIONABLE_NOTIFICATION_DETAILS,IOS,6.7.0,= 0 ms,576
2026-05-01,DOCUMENTS_LIST,IOS,6.6.2,= 0 ms,25560
2026-05-01,SHARE_DOCUMENT,IOS,6.7.0,= 0 ms,2
2026-05-01,QR_VERIFICATION,IOS,6.7.0,= 0 ms,64
2026-05-01,DOCUMENTS_LIST,IOS,6.5.0,= 0 ms,470
2026-05-01,ISSUED_DOCUMENT_EVIDENCE,IOS,6.6.1,= 0 ms,195
2026-05-01,NON_ACTIONABLE_NOTIFICATION_DETAILS,IOS,6.7.0,= 0 ms,2290
2026-05-02,QR_VERIFICATION,IOS,6.7.0,10000+ ms,20
2026-05-02,ISSUED_DOCUMENT_DETAILS,IOS,6.6.0,10000+ ms,77
2026-05-02,DOCUMENT_SELECTION_ISSUED_LIST,IOS,6.7.0,10000+ ms,1
2026-05-02,ISSUED_DOCUMENT_EVIDENCE,IOS,6.7.0,10000+ ms,305
2026-05-02,SHARE_DOCUMENT,IOS,6.7.0,10000+ ms,2
2026-05-02,DOCUMENTS_LIST,IOS,6.6.0,10000+ ms,56
2026-05-02,ISSUED_DOCUMENT_DETAILS,IOS,6.6.2,10000+ ms,1179
2026-05-02,DOCUMENTS_LIST,IOS,6.6.2,10000+ ms,512
2026-05-02,ISSUED_DOCUMENT_EVIDENCE,IOS,6.6.2,10000+ ms,401
2026-05-02,ISSUED_DOCUMENT_DETAILS,IOS,6.5.0,10000+ ms,31
2026-05-02,ACTIONABLE_NOTIFICATION_DETAILS,IOS,6.7.0,10000+ ms,1455
2026-05-02,ISSUERS_LIST,IOS,6.7.0,10000+ ms,24
2026-05-02,ISSUED_DOCUMENT_DETAILS,IOS,6.6.1,10000+ ms,17
2026-05-02,DOWNLOAD_SELF_SIGN_DOCUMENT,IOS,6.7.0,10000+ ms,3
2026-05-02,UPLOADED_DOCUMENT_EVIDENCE,IOS,6.7.0,10000+ ms,5
2026-05-02,ISSUED_DOCUMENT_EVIDENCE,IOS,6.6.1,10000+ ms,3
2026-05-02,ISSUED_DOCUMENT_EVIDENCE,IOS,6.5.0,10000+ ms,3
2026-05-02,ISSUED_DOCUMENT_EVIDENCE,IOS,6.6.0,10000+ ms,29
2026-05-02,DOCUMENTS_LIST,IOS,6.6.1,10000+ ms,11
2026-05-02,NON_ACTIONABLE_NOTIFICATION_DETAILS,IOS,6.7.0,10000+ ms,13
2026-05-02,DOCUMENTS_LIST,IOS,6.7.0,10000+ ms,58
2026-05-02,DOCUMENTS_LIST,IOS,6.5.0,10000+ ms,21
2026-05-02,ISSUED_DOCUMENT_DETAILS,IOS,6.7.0,10000+ ms,220
2026-05-02,NOTIFICATIONS_LIST,IOS,6.7.0,10000+ ms,56
2026-05-02,DOWNLOAD_DOCUMENT,IOS,6.7.0,10000+ ms,2
2026-05-02,ISSUED_DOCUMENT_DETAILS,IOS,6.5.0,1001-5000 ms,59
2026-05-02,DOWNLOAD_DOCUMENT,IOS,6.7.0,1001-5000 ms,14
2026-05-02,ISSUED_DOCUMENT_DETAILS,IOS,6.6.1,1001-5000 ms,58
2026-05-02,ISSUED_DOCUMENT_DETAILS,IOS,6.6.0,1001-5000 ms,148
2026-05-02,QR_VERIFICATION,IOS,6.7.0,1001-5000 ms,84
2026-05-02,DOCUMENTS_LIST,IOS,6.6.1,1001-5000 ms,134
2026-05-02,NON_ACTIONABLE_NOTIFICATION_DETAILS,IOS,6.7.0,1001-5000 ms,148
2026-05-02,ISSUED_DOCUMENT_EVIDENCE,IOS,6.6.2,1001-5000 ms,661
2026-05-02,DOWNLOAD_SELF_SIGN_DOCUMENT,IOS,6.7.0,1001-5000 ms,1
2026-05-02,ISSUED_DOCUMENT_EVIDENCE,IOS,6.5.0,1001-5000 ms,11
2026-05-02,ISSUED_DOCUMENT_DETAILS,IOS,6.6.2,1001-5000 ms,2502
2026-05-02,ISSUED_DOCUMENT_EVIDENCE,IOS,6.6.1,1001-5000 ms,15
2026-05-02,ACTIONABLE_NOTIFICATION_DETAILS,IOS,6.7.0,1001-5000 ms,4048
2026-05-02,DOCUMENTS_LIST,IOS,6.6.0,1001-5000 ms,492
2026-05-02,DOCUMENTS_LIST,IOS,6.7.0,1001-5000 ms,945
2026-05-02,ISSUERS_LIST,IOS,6.7.0,1001-5000 ms,1711
2026-05-02,NOTIFICATIONS_LIST,IOS,6.7.0,1001-5000 ms,692
2026-05-02,DOCUMENT_SELECTION_ISSUED_LIST,IOS,6.7.0,1001-5000 ms,1
2026-05-02,SHARE_DOCUMENT,IOS,6.7.0,1001-5000 ms,8
2026-05-02,UPLOADED_DOCUMENT_EVIDENCE,IOS,6.7.0,1001-5000 ms,24
2026-05-02,DOCUMENTS_LIST,IOS,6.6.2,1001-5000 ms,6508
2026-05-02,ISSUED_DOCUMENT_EVIDENCE,IOS,6.6.0,1001-5000 ms,44
2026-05-02,DOCUMENTS_LIST,IOS,6.5.0,1001-5000 ms,145
2026-05-02,ISSUED_DOCUMENT_EVIDENCE,IOS,6.7.0,1001-5000 ms,1318
2026-05-02,ISSUED_DOCUMENT_DETAILS,IOS,6.7.0,1001-5000 ms,538
2026-05-02,ISSUED_DOCUMENT_EVIDENCE,IOS,6.6.1,5001-10000 ms,4
2026-05-02,NON_ACTIONABLE_NOTIFICATION_DETAILS,IOS,6.7.0,5001-10000 ms,10
2026-05-02,QR_VERIFICATION,IOS,6.7.0,5001-10000 ms,13
2026-05-02,ISSUED_DOCUMENT_EVIDENCE,IOS,6.6.2,5001-10000 ms,130
2026-05-02,DOCUMENTS_LIST,IOS,6.6.1,5001-10000 ms,22
2026-05-02,ISSUERS_LIST,IOS,6.7.0,5001-10000 ms,41
2026-05-02,SHARE_DOCUMENT,IOS,6.7.0,5001-10000 ms,3
2026-05-02,ISSUED_DOCUMENT_DETAILS,IOS,6.6.0,5001-10000 ms,32
2026-05-02,DOCUMENTS_LIST,IOS,6.7.0,5001-10000 ms,126
2026-05-02,DOCUMENTS_LIST,IOS,6.5.0,5001-10000 ms,26
2026-05-02,NOTIFICATIONS_LIST,IOS,6.7.0,5001-10000 ms,93
2026-05-02,UPLOADED_DOCUMENT_EVIDENCE,IOS,6.7.0,5001-10000 ms,4
2026-05-02,ISSUED_DOCUMENT_DETAILS,IOS,6.6.1,5001-10000 ms,8
2026-05-02,ACTIONABLE_NOTIFICATION_DETAILS,IOS,6.7.0,5001-10000 ms,697
2026-05-02,DOWNLOAD_DOCUMENT,IOS,6.7.0,5001-10000 ms,3
2026-05-02,ISSUED_DOCUMENT_DETAILS,IOS,6.5.0,5001-10000 ms,9
2026-05-02,DOCUMENTS_LIST,IOS,6.6.0,5001-10000 ms,62
2026-05-02,ISSUED_DOCUMENT_DETAILS,IOS,6.7.0,5001-10000 ms,72
2026-05-02,DOCUMENTS_LIST,IOS,6.6.2,5001-10000 ms,814
2026-05-02,ISSUED_DOCUMENT_EVIDENCE,IOS,6.5.0,5001-10000 ms,4
2026-05-02,ISSUED_DOCUMENT_DETAILS,IOS,6.6.2,5001-10000 ms,432
2026-05-02,ISSUED_DOCUMENT_EVIDENCE,IOS,6.6.0,5001-10000 ms,6
2026-05-02,ISSUED_DOCUMENT_EVIDENCE,IOS,6.7.0,5001-10000 ms,402
2026-05-02,ISSUED_DOCUMENT_DETAILS,IOS,6.6.1,501-1000 ms,119
2026-05-02,DOCUMENT_SELECTION_ISSUED_LIST,IOS,6.7.0,501-1000 ms,5
2026-05-02,ISSUED_DOCUMENT_EVIDENCE,IOS,6.5.0,501-1000 ms,7
2026-05-02,QR_VERIFICATION,IOS,6.7.0,501-1000 ms,168
2026-05-02,ISSUED_DOCUMENT_EVIDENCE,IOS,6.6.0,501-1000 ms,20
2026-05-02,DOCUMENTS_LIST,IOS,6.7.0,501-1000 ms,2889
2026-05-02,DOWNLOAD_SELF_SIGN_DOCUMENT,IOS,6.7.0,501-1000 ms,5
2026-05-02,UPLOADED_DOCUMENT_EVIDENCE,IOS,6.7.0,501-1000 ms,39
2026-05-02,ISSUED_DOCUMENT_DETAILS,IOS,6.5.0,501-1000 ms,138
2026-05-02,ISSUED_DOCUMENT_EVIDENCE,IOS,6.6.2,501-1000 ms,458
2026-05-02,DOCUMENTS_LIST,IOS,6.6.1,501-1000 ms,374
2026-05-02,ACTIONABLE_NOTIFICATION_DETAILS,IOS,6.7.0,501-1000 ms,250
2026-05-02,ISSUED_DOCUMENT_DETAILS,IOS,6.6.2,501-1000 ms,6868
2026-05-02,DOCUMENTS_LIST,IOS,6.5.0,501-1000 ms,491
2026-05-02,DOCUMENTS_LIST,IOS,6.6.0,501-1000 ms,1451
2026-05-02,ISSUED_DOCUMENT_EVIDENCE,IOS,6.7.0,501-1000 ms,137
2026-05-02,ISSUED_DOCUMENT_DETAILS,IOS,6.7.0,501-1000 ms,1482
2026-05-02,ISSUED_DOCUMENT_DETAILS,IOS,6.6.0,501-1000 ms,405
2026-05-02,ISSUED_DOCUMENT_EVIDENCE,IOS,6.6.1,501-1000 ms,6
2026-05-02,SHARE_DOCUMENT,IOS,6.7.0,501-1000 ms,14
2026-05-02,DOWNLOAD_DOCUMENT,IOS,6.7.0,501-1000 ms,10
2026-05-02,NON_ACTIONABLE_NOTIFICATION_DETAILS,IOS,6.7.0,501-1000 ms,1127
2026-05-02,ISSUERS_LIST,IOS,6.7.0,501-1000 ms,1068
2026-05-02,NOTIFICATIONS_LIST,IOS,6.7.0,501-1000 ms,2445
2026-05-02,DOCUMENTS_LIST,IOS,6.6.2,501-1000 ms,22179
2026-05-02,ISSUED_DOCUMENT_EVIDENCE,IOS,6.5.0,< 0 ms,1
2026-05-02,ISSUED_DOCUMENT_EVIDENCE,IOS,6.6.2,< 0 ms,17
2026-05-02,ACTIONABLE_NOTIFICATION_DETAILS,IOS,6.7.0,< 0 ms,1
2026-05-02,ISSUED_DOCUMENT_DETAILS,IOS,6.5.0,= 0 ms,25
2026-05-02,QR_VERIFICATION,IOS,6.7.0,= 0 ms,42
2026-05-02,NOTIFICATIONS_LIST,IOS,6.7.0,= 0 ms,5216
2026-05-02,SHARE_DOCUMENT,IOS,6.7.0,= 0 ms,2
2026-05-02,ACTIONABLE_NOTIFICATION_DETAILS,IOS,6.7.0,= 0 ms,527
2026-05-02,DOCUMENTS_LIST,IOS,6.5.0,= 0 ms,422
2026-05-02,DOCUMENTS_LIST,IOS,6.6.1,= 0 ms,303
2026-05-02,ISSUED_DOCUMENT_DETAILS,IOS,6.6.1,= 0 ms,36
2026-05-02,DOWNLOAD_DOCUMENT,IOS,6.7.0,= 0 ms,2
2026-05-02,ISSUED_DOCUMENT_EVIDENCE,IOS,6.7.0,= 0 ms,20
2026-05-02,ISSUED_DOCUMENT_EVIDENCE,IOS,6.6.2,= 0 ms,11039
2026-05-02,DOCUMENTS_LIST,IOS,6.6.2,= 0 ms,21479
2026-05-02,ISSUED_DOCUMENT_EVIDENCE,IOS,6.6.1,= 0 ms,207
2026-05-02,ISSUERS_LIST,IOS,6.7.0,= 0 ms,307
2026-05-02,ISSUED_DOCUMENT_DETAILS,IOS,6.7.0,= 0 ms,439
2026-05-02,DOCUMENTS_LIST,IOS,6.6.0,= 0 ms,1044
2026-05-02,ISSUED_DOCUMENT_DETAILS,IOS,6.6.2,= 0 ms,1939
2026-05-02,DOCUMENTS_LIST,IOS,6.7.0,= 0 ms,2833
2026-05-02,ISSUED_DOCUMENT_DETAILS,IOS,6.6.0,= 0 ms,94
2026-05-02,NON_ACTIONABLE_NOTIFICATION_DETAILS,IOS,6.7.0,= 0 ms,2451
2026-05-02,ISSUED_DOCUMENT_EVIDENCE,IOS,6.6.0,= 0 ms,617
2026-05-02,UPLOADED_DOCUMENT_EVIDENCE,IOS,6.7.0,= 0 ms,12
2026-05-02,ISSUED_DOCUMENT_EVIDENCE,IOS,6.5.0,= 0 ms,213
2026-05-03,NOTIFICATIONS_LIST,IOS,6.7.0,10000+ ms,68
2026-05-03,ISSUED_DOCUMENT_DETAILS,IOS,6.6.1,10000+ ms,29
2026-05-03,ISSUED_DOCUMENT_EVIDENCE,IOS,6.6.2,10000+ ms,342
2026-05-03,ACTIONABLE_NOTIFICATION_DETAILS,IOS,6.7.0,10000+ ms,1240
2026-05-03,ISSUED_DOCUMENT_EVIDENCE,IOS,6.7.0,10000+ ms,342
2026-05-03,DOCUMENTS_LIST,IOS,6.7.0,10000+ ms,127
2026-05-03,DOCUMENTS_LIST,IOS,6.6.1,10000+ ms,13
2026-05-03,ISSUED_DOCUMENT_EVIDENCE,IOS,6.6.0,10000+ ms,16
2026-05-03,DOCUMENT_SELECTION_ISSUED_LIST,IOS,6.7.0,10000+ ms,4
2026-05-03,ISSUED_DOCUMENT_DETAILS,IOS,6.7.0,10000+ ms,250
2026-05-03,ISSUED_DOCUMENT_DETAILS,IOS,6.5.0,10000+ ms,22
2026-05-03,NON_ACTIONABLE_NOTIFICATION_DETAILS,IOS,6.7.0,10000+ ms,23
2026-05-03,ISSUED_DOCUMENT_DETAILS,IOS,6.6.2,10000+ ms,1008
2026-05-03,ISSUED_DOCUMENT_EVIDENCE,IOS,6.6.1,10000+ ms,5
2026-05-03,QR_VERIFICATION,IOS,6.7.0,10000+ ms,27
2026-05-03,ISSUED_DOCUMENT_DETAILS,IOS,6.6.0,10000+ ms,64
2026-05-03,DOCUMENTS_LIST,IOS,6.6.0,10000+ ms,62
2026-05-03,DOWNLOAD_DOCUMENT,IOS,6.7.0,10000+ ms,3
2026-05-03,ISSUERS_LIST,IOS,6.7.0,10000+ ms,31
2026-05-03,DOCUMENT_SELECTION_UPLOADED_LIST,IOS,6.7.0,10000+ ms,1
2026-05-03,DOWNLOAD_SELF_SIGN_DOCUMENT,IOS,6.7.0,10000+ ms,1
2026-05-03,UPLOADED_DOCUMENT_EVIDENCE,IOS,6.7.0,10000+ ms,5
2026-05-03,DOCUMENTS_LIST,IOS,6.5.0,10000+ ms,28
2026-05-03,ISSUED_DOCUMENT_EVIDENCE,IOS,6.5.0,10000+ ms,8
2026-05-03,DOCUMENTS_LIST,IOS,6.6.2,10000+ ms,691
2026-05-03,ISSUED_DOCUMENT_DETAILS,IOS,6.5.0,1001-5000 ms,36
2026-05-03,DOCUMENTS_LIST,IOS,6.5.0,1001-5000 ms,126
2026-05-03,ISSUED_DOCUMENT_EVIDENCE,IOS,6.6.0,1001-5000 ms,49
2026-05-03,UPLOADED_DOCUMENT_EVIDENCE,IOS,6.7.0,1001-5000 ms,16
2026-05-03,ISSUED_DOCUMENT_EVIDENCE,IOS,6.5.0,1001-5000 ms,16
2026-05-03,DOCUMENTS_LIST,IOS,6.6.1,1001-5000 ms,86
2026-05-03,SHARE_DOCUMENT,IOS,6.7.0,1001-5000 ms,13
2026-05-03,NON_ACTIONABLE_NOTIFICATION_DETAILS,IOS,6.7.0,1001-5000 ms,158
2026-05-03,ACTIONABLE_NOTIFICATION_DETAILS,IOS,6.7.0,1001-5000 ms,4296
2026-05-03,ISSUED_DOCUMENT_DETAILS,IOS,6.6.1,1001-5000 ms,48
2026-05-03,DOWNLOAD_SELF_SIGN_DOCUMENT,IOS,6.7.0,1001-5000 ms,1
2026-05-03,QR_VERIFICATION,IOS,6.7.0,1001-5000 ms,60
2026-05-03,ISSUED_DOCUMENT_DETAILS,IOS,6.7.0,1001-5000 ms,455
2026-05-03,DOWNLOAD_DOCUMENT,IOS,6.7.0,1001-5000 ms,10
2026-05-03,DOCUMENTS_LIST,IOS,6.6.0,1001-5000 ms,373
2026-05-03,NOTIFICATIONS_LIST,IOS,6.7.0,1001-5000 ms,737
2026-05-03,DOCUMENTS_LIST,IOS,6.6.2,1001-5000 ms,4973
2026-05-03,ISSUED_DOCUMENT_DETAILS,IOS,6.6.0,1001-5000 ms,129
2026-05-03,ISSUED_DOCUMENT_EVIDENCE,IOS,6.6.1,1001-5000 ms,19
2026-05-03,ISSUERS_LIST,IOS,6.7.0,1001-5000 ms,1654
2026-05-03,ISSUED_DOCUMENT_DETAILS,IOS,6.6.2,1001-5000 ms,1764
2026-05-03,ISSUED_DOCUMENT_EVIDENCE,IOS,6.7.0,1001-5000 ms,1399
2026-05-03,DOCUMENTS_LIST,IOS,6.7.0,1001-5000 ms,913
2026-05-03,DOCUMENT_SELECTION_ISSUED_LIST,IOS,6.7.0,1001-5000 ms,4
2026-05-03,ISSUED_DOCUMENT_EVIDENCE,IOS,6.6.2,1001-5000 ms,492
2026-05-03,SHARE_DOCUMENT,IOS,6.7.0,5001-10000 ms,2
2026-05-03,ISSUED_DOCUMENT_DETAILS,IOS,6.6.0,5001-10000 ms,23
2026-05-03,DOCUMENTS_LIST,IOS,6.6.0,5001-10000 ms,54
2026-05-03,ISSUED_DOCUMENT_DETAILS,IOS,6.7.0,5001-10000 ms,104
2026-05-03,UPLOADED_DOCUMENT_EVIDENCE,IOS,6.7.0,5001-10000 ms,5
2026-05-03,QR_VERIFICATION,IOS,6.7.0,5001-10000 ms,9
2026-05-03,ACTIONABLE_NOTIFICATION_DETAILS,IOS,6.7.0,5001-10000 ms,890
2026-05-03,ISSUERS_LIST,IOS,6.7.0,5001-10000 ms,28
2026-05-03,DOCUMENTS_LIST,IOS,6.6.1,5001-10000 ms,13
2026-05-03,ISSUED_DOCUMENT_EVIDENCE,IOS,6.5.0,5001-10000 ms,1
2026-05-03,ISSUED_DOCUMENT_DETAILS,IOS,6.6.2,5001-10000 ms,366
2026-05-03,ISSUED_DOCUMENT_EVIDENCE,IOS,6.6.2,5001-10000 ms,81
2026-05-03,ISSUED_DOCUMENT_DETAILS,IOS,6.6.1,5001-10000 ms,7
2026-05-03,NON_ACTIONABLE_NOTIFICATION_DETAILS,IOS,6.7.0,5001-10000 ms,12
2026-05-03,ISSUED_DOCUMENT_EVIDENCE,IOS,6.6.0,5001-10000 ms,7
2026-05-03,NOTIFICATIONS_LIST,IOS,6.7.0,5001-10000 ms,99
2026-05-03,DOCUMENTS_LIST,IOS,6.7.0,5001-10000 ms,115
2026-05-03,ISSUED_DOCUMENT_EVIDENCE,IOS,6.7.0,5001-10000 ms,339
2026-05-03,ISSUED_DOCUMENT_DETAILS,IOS,6.5.0,5001-10000 ms,8
2026-05-03,DOCUMENTS_LIST,IOS,6.5.0,5001-10000 ms,12
2026-05-03,ISSUED_DOCUMENT_EVIDENCE,IOS,6.6.1,5001-10000 ms,2
2026-05-03,DOWNLOAD_DOCUMENT,IOS,6.7.0,5001-10000 ms,3
2026-05-03,DOCUMENTS_LIST,IOS,6.6.2,5001-10000 ms,679
2026-05-03,NOTIFICATIONS_LIST,IOS,6.7.0,501-1000 ms,2442
2026-05-03,ACTIONABLE_NOTIFICATION_DETAILS,IOS,6.7.0,501-1000 ms,270
2026-05-03,DOCUMENTS_LIST,IOS,6.5.0,501-1000 ms,360
2026-05-03,ISSUED_DOCUMENT_DETAILS,IOS,6.5.0,501-1000 ms,104
2026-05-03,DOCUMENTS_LIST,IOS,6.6.1,501-1000 ms,297
2026-05-03,ISSUED_DOCUMENT_DETAILS,IOS,6.6.2,501-1000 ms,5868
2026-05-03,DOWNLOAD_SELF_SIGN_DOCUMENT,IOS,6.7.0,501-1000 ms,10
2026-05-03,QR_VERIFICATION,IOS,6.7.0,501-1000 ms,200
2026-05-03,DOCUMENT_SELECTION_ISSUED_LIST,IOS,6.7.0,501-1000 ms,2
2026-05-03,ISSUED_DOCUMENT_DETAILS,IOS,6.6.1,501-1000 ms,83
2026-05-03,DOCUMENTS_LIST,IOS,6.6.0,501-1000 ms,1096
2026-05-03,ISSUERS_LIST,IOS,6.7.0,501-1000 ms,1120
2026-05-03,ISSUED_DOCUMENT_DETAILS,IOS,6.6.0,501-1000 ms,339
2026-05-03,DOCUMENTS_LIST,IOS,6.6.2,501-1000 ms,17950
2026-05-03,ISSUED_DOCUMENT_EVIDENCE,IOS,6.5.0,501-1000 ms,5
2026-05-03,DOWNLOAD_DOCUMENT,IOS,6.7.0,501-1000 ms,8
2026-05-03,ISSUED_DOCUMENT_EVIDENCE,IOS,6.7.0,501-1000 ms,153
2026-05-03,SHARE_DOCUMENT,IOS,6.7.0,501-1000 ms,8
2026-05-03,ISSUED_DOCUMENT_EVIDENCE,IOS,6.6.1,501-1000 ms,6
2026-05-03,NON_ACTIONABLE_NOTIFICATION_DETAILS,IOS,6.7.0,501-1000 ms,1252
2026-05-03,ISSUED_DOCUMENT_DETAILS,IOS,6.7.0,501-1000 ms,1600
2026-05-03,DOCUMENTS_LIST,IOS,6.7.0,501-1000 ms,2944
2026-05-03,ISSUED_DOCUMENT_EVIDENCE,IOS,6.6.0,501-1000 ms,13
2026-05-03,ISSUED_DOCUMENT_EVIDENCE,IOS,6.6.2,501-1000 ms,326
2026-05-03,UPLOADED_DOCUMENT_EVIDENCE,IOS,6.7.0,501-1000 ms,47
2026-05-03,ACTIONABLE_NOTIFICATION_DETAILS,IOS,6.7.0,< 0 ms,6
2026-05-03,ISSUED_DOCUMENT_EVIDENCE,IOS,6.6.2,< 0 ms,12
2026-05-03,ISSUED_DOCUMENT_EVIDENCE,IOS,6.6.1,< 0 ms,1
2026-05-03,DOCUMENTS_LIST,IOS,6.7.0,< 0 ms,1
2026-05-03,ISSUED_DOCUMENT_EVIDENCE,IOS,6.6.0,< 0 ms,2
2026-05-03,ISSUED_DOCUMENT_DETAILS,IOS,6.6.0,= 0 ms,74
2026-05-03,DOCUMENTS_LIST,IOS,6.5.0,= 0 ms,346
2026-05-03,ISSUED_DOCUMENT_DETAILS,IOS,6.6.2,= 0 ms,1674
2026-05-03,DOCUMENTS_LIST,IOS,6.6.2,= 0 ms,17919
2026-05-03,ISSUED_DOCUMENT_EVIDENCE,IOS,6.6.1,= 0 ms,126
2026-05-03,NOTIFICATIONS_LIST,IOS,6.7.0,= 0 ms,5581
2026-05-03,ISSUED_DOCUMENT_EVIDENCE,IOS,6.5.0,= 0 ms,157
2026-05-03,ISSUED_DOCUMENT_DETAILS,IOS,6.6.1,= 0 ms,24
2026-05-03,NON_ACTIONABLE_NOTIFICATION_DETAILS,IOS,6.7.0,= 0 ms,2680
2026-05-03,DOCUMENTS_LIST,IOS,6.7.0,= 0 ms,3065
2026-05-03,DOCUMENTS_LIST,IOS,6.6.0,= 0 ms,923
2026-05-03,QR_VERIFICATION,IOS,6.7.0,= 0 ms,77
2026-05-03,ISSUED_DOCUMENT_DETAILS,IOS,6.5.0,= 0 ms,33
2026-05-03,SHARE_DOCUMENT,IOS,6.7.0,= 0 ms,1
2026-05-03,ACTIONABLE_NOTIFICATION_DETAILS,IOS,6.7.0,= 0 ms,613
2026-05-03,ISSUED_DOCUMENT_EVIDENCE,IOS,6.7.0,= 0 ms,36
2026-05-03,DOWNLOAD_SELF_SIGN_DOCUMENT,IOS,6.7.0,= 0 ms,1
2026-05-03,UPLOADED_DOCUMENT_EVIDENCE,IOS,6.7.0,= 0 ms,10
2026-05-03,ISSUED_DOCUMENT_EVIDENCE,IOS,6.6.2,= 0 ms,8955
2026-05-03,DOCUMENTS_LIST,IOS,6.6.1,= 0 ms,228
2026-05-03,ISSUERS_LIST,IOS,6.7.0,= 0 ms,288
2026-05-03,ISSUED_DOCUMENT_EVIDENCE,IOS,6.6.0,= 0 ms,505
2026-05-03,ISSUED_DOCUMENT_DETAILS,IOS,6.7.0,= 0 ms,394
2026-05-04,DOWNLOAD_SELF_SIGN_DOCUMENT,IOS,6.7.0,10000+ ms,2
2026-05-04,DOCUMENT_SELECTION_ISSUED_LIST,IOS,6.7.0,10000+ ms,2
2026-05-04,NOTIFICATIONS_LIST,IOS,6.7.0,10000+ ms,123
2026-05-04,ISSUED_DOCUMENT_DETAILS,IOS,6.6.2,10000+ ms,1388
2026-05-04,ACTIONABLE_NOTIFICATION_DETAILS,IOS,6.7.0,10000+ ms,2434
2026-05-04,ISSUED_DOCUMENT_DETAILS,IOS,6.5.0,10000+ ms,23
2026-05-04,ISSUED_DOCUMENT_EVIDENCE,IOS,6.6.1,10000+ ms,1
2026-05-04,NON_ACTIONABLE_NOTIFICATION_DETAILS,IOS,6.7.0,10000+ ms,34
2026-05-04,ISSUED_DOCUMENT_DETAILS,IOS,6.6.0,10000+ ms,79
2026-05-04,DOCUMENTS_LIST,IOS,6.6.1,10000+ ms,16
2026-05-04,QR_VERIFICATION,IOS,6.7.0,10000+ ms,46
2026-05-04,SHARE_DOCUMENT,IOS,6.7.0,10000+ ms,7
2026-05-04,ISSUED_DOCUMENT_EVIDENCE,IOS,6.6.2,10000+ ms,488
2026-05-04,ISSUED_DOCUMENT_EVIDENCE,IOS,6.6.0,10000+ ms,28
2026-05-04,UPLOADED_DOCUMENT_EVIDENCE,IOS,6.7.0,10000+ ms,6
2026-05-04,DOCUMENTS_LIST,IOS,6.6.2,10000+ ms,783
2026-05-04,ISSUED_DOCUMENT_EVIDENCE,IOS,6.5.0,10000+ ms,8
2026-05-04,DOCUMENTS_LIST,IOS,6.7.0,10000+ ms,144
2026-05-04,DOCUMENTS_LIST,IOS,6.5.0,10000+ ms,32
2026-05-04,ISSUERS_LIST,IOS,6.7.0,10000+ ms,47
2026-05-04,ISSUED_DOCUMENT_DETAILS,IOS,6.6.1,10000+ ms,20
2026-05-04,DOCUMENTS_LIST,IOS,6.6.0,10000+ ms,71
2026-05-04,ISSUED_DOCUMENT_EVIDENCE,IOS,6.7.0,10000+ ms,566
2026-05-04,ISSUED_DOCUMENT_DETAILS,IOS,6.7.0,10000+ ms,345
2026-05-04,DOWNLOAD_DOCUMENT,IOS,6.7.0,10000+ ms,4
2026-05-04,ACTIONABLE_NOTIFICATION_DETAILS,IOS,6.7.0,1001-5000 ms,6087
2026-05-04,ISSUERS_LIST,IOS,6.7.0,1001-5000 ms,3517
2026-05-04,DOCUMENTS_LIST,IOS,6.5.0,1001-5000 ms,191
2026-05-04,DOCUMENT_SELECTION_ISSUED_LIST,IOS,6.7.0,1001-5000 ms,9
2026-05-04,DOWNLOAD_SELF_SIGN_DOCUMENT,IOS,6.7.0,1001-5000 ms,3
2026-05-04,NON_ACTIONABLE_NOTIFICATION_DETAILS,IOS,6.7.0,1001-5000 ms,287
2026-05-04,ISSUED_DOCUMENT_EVIDENCE,IOS,6.6.0,1001-5000 ms,62
2026-05-04,NOTIFICATIONS_LIST,IOS,6.7.0,1001-5000 ms,1494
2026-05-04,DOWNLOAD_DOCUMENT,IOS,6.7.0,1001-5000 ms,25
2026-05-04,UPLOADED_DOCUMENT_EVIDENCE,IOS,6.7.0,1001-5000 ms,66
2026-05-04,ISSUED_DOCUMENT_DETAILS,IOS,6.6.1,1001-5000 ms,73
2026-05-04,ISSUED_DOCUMENT_DETAILS,IOS,6.6.2,1001-5000 ms,3574
2026-05-04,DOCUMENTS_LIST,IOS,6.6.2,1001-5000 ms,9010
2026-05-04,DOCUMENTS_LIST,IOS,6.6.0,1001-5000 ms,611
2026-05-04,ISSUED_DOCUMENT_DETAILS,IOS,6.7.0,1001-5000 ms,1005
2026-05-04,ISSUED_DOCUMENT_DETAILS,IOS,6.5.0,1001-5000 ms,56
2026-05-04,ISSUED_DOCUMENT_EVIDENCE,IOS,6.5.0,1001-5000 ms,13
2026-05-04,SHARE_DOCUMENT,IOS,6.7.0,1001-5000 ms,25
2026-05-04,ISSUED_DOCUMENT_EVIDENCE,IOS,6.7.0,1001-5000 ms,2248
2026-05-04,DOCUMENTS_LIST,IOS,6.7.0,1001-5000 ms,1836
2026-05-04,DOCUMENTS_LIST,IOS,6.6.1,1001-5000 ms,144
2026-05-04,QR_VERIFICATION,IOS,6.7.0,1001-5000 ms,178
2026-05-04,ISSUED_DOCUMENT_EVIDENCE,IOS,6.6.2,1001-5000 ms,1007
2026-05-04,ISSUED_DOCUMENT_DETAILS,IOS,6.6.0,1001-5000 ms,219
2026-05-04,ISSUED_DOCUMENT_EVIDENCE,IOS,6.6.1,1001-5000 ms,25
2026-05-04,ISSUED_DOCUMENT_EVIDENCE,IOS,6.6.2,5001-10000 ms,163
2026-05-04,ISSUED_DOCUMENT_EVIDENCE,IOS,6.5.0,5001-10000 ms,1
2026-05-04,NOTIFICATIONS_LIST,IOS,6.7.0,5001-10000 ms,207
2026-05-04,DOCUMENTS_LIST,IOS,6.6.2,5001-10000 ms,1305
2026-05-04,SHARE_DOCUMENT,IOS,6.7.0,5001-10000 ms,2
2026-05-04,DOWNLOAD_DOCUMENT,IOS,6.7.0,5001-10000 ms,5
2026-05-04,DOCUMENTS_LIST,IOS,6.5.0,5001-10000 ms,36
2026-05-04,ISSUED_DOCUMENT_EVIDENCE,IOS,6.6.1,5001-10000 ms,2
2026-05-04,ISSUED_DOCUMENT_DETAILS,IOS,6.5.0,5001-10000 ms,7
2026-05-04,ISSUED_DOCUMENT_EVIDENCE,IOS,6.7.0,5001-10000 ms,817
2026-05-04,DOCUMENTS_LIST,IOS,6.7.0,5001-10000 ms,232
2026-05-04,ACTIONABLE_NOTIFICATION_DETAILS,IOS,6.7.0,5001-10000 ms,2204
2026-05-04,ISSUED_DOCUMENT_DETAILS,IOS,6.7.0,5001-10000 ms,144
2026-05-04,DOWNLOAD_SELF_SIGN_DOCUMENT,IOS,6.7.0,5001-10000 ms,1
2026-05-04,ISSUED_DOCUMENT_DETAILS,IOS,6.6.0,5001-10000 ms,30
2026-05-04,DOCUMENTS_LIST,IOS,6.6.0,5001-10000 ms,99
2026-05-04,ISSUED_DOCUMENT_EVIDENCE,IOS,6.6.0,5001-10000 ms,9
2026-05-04,NON_ACTIONABLE_NOTIFICATION_DETAILS,IOS,6.7.0,5001-10000 ms,25
2026-05-04,ISSUED_DOCUMENT_DETAILS,IOS,6.6.2,5001-10000 ms,519
2026-05-04,QR_VERIFICATION,IOS,6.7.0,5001-10000 ms,25
2026-05-04,DOCUMENTS_LIST,IOS,6.6.1,5001-10000 ms,21
2026-05-04,UPLOADED_DOCUMENT_EVIDENCE,IOS,6.7.0,5001-10000 ms,5
2026-05-04,ISSUED_DOCUMENT_DETAILS,IOS,6.6.1,5001-10000 ms,5
2026-05-04,ISSUERS_LIST,IOS,6.7.0,5001-10000 ms,80
2026-05-04,DOWNLOAD_SELF_SIGN_DOCUMENT,IOS,6.7.0,501-1000 ms,17
2026-05-04,ISSUED_DOCUMENT_DETAILS,IOS,6.6.0,501-1000 ms,450
2026-05-04,ISSUED_DOCUMENT_DETAILS,IOS,6.7.0,501-1000 ms,2685
2026-05-04,ISSUED_DOCUMENT_EVIDENCE,IOS,6.5.0,501-1000 ms,2
2026-05-04,QR_VERIFICATION,IOS,6.7.0,501-1000 ms,358
2026-05-04,ISSUED_DOCUMENT_DETAILS,IOS,6.6.1,501-1000 ms,112
2026-05-04,ISSUERS_LIST,IOS,6.7.0,501-1000 ms,1851
2026-05-04,NOTIFICATIONS_LIST,IOS,6.7.0,501-1000 ms,4862
2026-05-04,DOCUMENT_SELECTION_ISSUED_LIST,IOS,6.7.0,501-1000 ms,7
2026-05-04,ISSUED_DOCUMENT_EVIDENCE,IOS,6.6.0,501-1000 ms,9
2026-05-04,ISSUED_DOCUMENT_EVIDENCE,IOS,6.6.2,501-1000 ms,391
2026-05-04,ISSUED_DOCUMENT_EVIDENCE,IOS,6.7.0,501-1000 ms,128
2026-05-04,ACTIONABLE_NOTIFICATION_DETAILS,IOS,6.7.0,501-1000 ms,295
2026-05-04,ISSUED_DOCUMENT_DETAILS,IOS,6.5.0,501-1000 ms,178
2026-05-04,DOWNLOAD_DOCUMENT,IOS,6.7.0,501-1000 ms,9
2026-05-04,DOCUMENTS_LIST,IOS,6.7.0,501-1000 ms,5838
2026-05-04,SHARE_DOCUMENT,IOS,6.7.0,501-1000 ms,18
2026-05-04,UPLOADED_DOCUMENT_EVIDENCE,IOS,6.7.0,501-1000 ms,107
2026-05-04,DOCUMENTS_LIST,IOS,6.6.1,501-1000 ms,386
2026-05-04,DOCUMENTS_LIST,IOS,6.6.0,501-1000 ms,1682
2026-05-04,ISSUED_DOCUMENT_DETAILS,IOS,6.6.2,501-1000 ms,8386
2026-05-04,DOCUMENTS_LIST,IOS,6.5.0,501-1000 ms,655
2026-05-04,NON_ACTIONABLE_NOTIFICATION_DETAILS,IOS,6.7.0,501-1000 ms,2124
2026-05-04,DOCUMENTS_LIST,IOS,6.6.2,501-1000 ms,29611
2026-05-04,ISSUED_DOCUMENT_EVIDENCE,IOS,6.6.2,< 0 ms,24
2026-05-04,DOCUMENTS_LIST,IOS,6.7.0,< 0 ms,1
2026-05-04,ISSUED_DOCUMENT_EVIDENCE,IOS,6.6.0,< 0 ms,1
2026-05-04,ISSUED_DOCUMENT_EVIDENCE,IOS,6.7.0,< 0 ms,1
2026-05-04,ISSUED_DOCUMENT_EVIDENCE,IOS,6.5.0,< 0 ms,1
2026-05-04,ACTIONABLE_NOTIFICATION_DETAILS,IOS,6.7.0,< 0 ms,13
2026-05-04,DOCUMENTS_LIST,IOS,6.6.2,= 0 ms,26419
2026-05-04,ISSUED_DOCUMENT_DETAILS,IOS,6.5.0,= 0 ms,32
2026-05-04,ISSUED_DOCUMENT_EVIDENCE,IOS,6.7.0,= 0 ms,78
2026-05-04,UPLOADED_DOCUMENT_EVIDENCE,IOS,6.7.0,= 0 ms,35
2026-05-04,ISSUED_DOCUMENT_EVIDENCE,IOS,6.6.0,= 0 ms,694
2026-05-04,DOCUMENTS_LIST,IOS,6.5.0,= 0 ms,560
2026-05-04,ACTIONABLE_NOTIFICATION_DETAILS,IOS,6.7.0,= 0 ms,1000
2026-05-04,ISSUERS_LIST,IOS,6.7.0,= 0 ms,563
2026-05-04,ISSUED_DOCUMENT_EVIDENCE,IOS,6.6.2,= 0 ms,13469
2026-05-04,ISSUED_DOCUMENT_DETAILS,IOS,6.7.0,= 0 ms,591
2026-05-04,DOCUMENTS_LIST,IOS,6.6.1,= 0 ms,282
2026-05-04,NON_ACTIONABLE_NOTIFICATION_DETAILS,IOS,6.7.0,= 0 ms,4578
2026-05-04,ISSUED_DOCUMENT_DETAILS,IOS,6.6.0,= 0 ms,83
2026-05-04,DOCUMENTS_LIST,IOS,6.7.0,= 0 ms,5281
2026-05-04,QR_VERIFICATION,IOS,6.7.0,= 0 ms,93
2026-05-04,ISSUED_DOCUMENT_DETAILS,IOS,6.6.1,= 0 ms,18
2026-05-04,ISSUED_DOCUMENT_EVIDENCE,IOS,6.6.1,= 0 ms,182
2026-05-04,ISSUED_DOCUMENT_DETAILS,IOS,6.6.2,= 0 ms,2023
2026-05-04,DOCUMENTS_LIST,IOS,6.6.0,= 0 ms,1298
2026-05-04,ISSUED_DOCUMENT_EVIDENCE,IOS,6.5.0,= 0 ms,251
2026-05-04,NOTIFICATIONS_LIST,IOS,6.7.0,= 0 ms,10226
2026-05-04,DOCUMENT_SELECTION_ISSUED_LIST,IOS,6.7.0,= 0 ms,2
2026-05-04,DOWNLOAD_SELF_SIGN_DOCUMENT,IOS,6.7.0,= 0 ms,21
2026-05-05,QR_VERIFICATION,IOS,6.7.0,10000+ ms,82
2026-05-05,ISSUED_DOCUMENT_EVIDENCE,IOS,6.5.0,10000+ ms,8
2026-05-05,ISSUED_DOCUMENT_DETAILS,IOS,6.6.0,10000+ ms,91
2026-05-05,ISSUED_DOCUMENT_EVIDENCE,IOS,6.7.0,10000+ ms,881
2026-05-05,DOCUMENTS_LIST,IOS,6.7.0,10000+ ms,575
2026-05-05,UPLOADED_DOCUMENT_EVIDENCE,IOS,6.7.0,10000+ ms,12
2026-05-05,ISSUED_DOCUMENT_EVIDENCE,IOS,6.6.1,10000+ ms,13
2026-05-05,ISSUED_DOCUMENT_DETAILS,IOS,6.6.1,10000+ ms,17
2026-05-05,DOCUMENTS_LIST,IOS,6.6.0,10000+ ms,127
2026-05-05,ISSUED_DOCUMENT_DETAILS,IOS,6.7.0,10000+ ms,494
2026-05-05,ISSUED_DOCUMENT_DETAILS,IOS,6.6.2,10000+ ms,1384
2026-05-05,ISSUED_DOCUMENT_EVIDENCE,IOS,6.6.2,10000+ ms,551
2026-05-05,DOWNLOAD_DOCUMENT,IOS,6.7.0,10000+ ms,12
2026-05-05,DOWNLOAD_SELF_SIGN_DOCUMENT,IOS,6.7.0,10000+ ms,15
2026-05-05,DOCUMENTS_LIST,IOS,6.5.0,10000+ ms,42
2026-05-05,SHARE_DOCUMENT,IOS,6.7.0,10000+ ms,8
2026-05-05,DOCUMENT_SELECTION_ISSUED_LIST,IOS,6.7.0,10000+ ms,7
2026-05-05,ACTIONABLE_NOTIFICATION_DETAILS,IOS,6.7.0,10000+ ms,2971
2026-05-05,NON_ACTIONABLE_NOTIFICATION_DETAILS,IOS,6.7.0,10000+ ms,80
2026-05-05,NOTIFICATIONS_LIST,IOS,6.7.0,10000+ ms,384
2026-05-05,ISSUED_DOCUMENT_EVIDENCE,IOS,6.6.0,10000+ ms,19
2026-05-05,DOCUMENTS_LIST,IOS,6.6.2,10000+ ms,1700
2026-05-05,ISSUERS_LIST,IOS,6.7.0,10000+ ms,146
2026-05-05,ISSUED_DOCUMENT_DETAILS,IOS,6.5.0,10000+ ms,22
2026-05-05,DOCUMENTS_LIST,IOS,6.6.1,10000+ ms,26
2026-05-05,ISSUED_DOCUMENT_EVIDENCE,IOS,6.5.0,1001-5000 ms,22
2026-05-05,ISSUED_DOCUMENT_DETAILS,IOS,6.6.1,1001-5000 ms,54
2026-05-05,ACTIONABLE_NOTIFICATION_DETAILS,IOS,6.7.0,1001-5000 ms,6109
2026-05-05,ISSUERS_LIST,IOS,6.7.0,1001-5000 ms,5047
2026-05-05,DOCUMENTS_LIST,IOS,6.6.0,1001-5000 ms,632
2026-05-05,DOWNLOAD_SELF_SIGN_DOCUMENT,IOS,6.7.0,1001-5000 ms,7
2026-05-05,SHARE_DOCUMENT,IOS,6.7.0,1001-5000 ms,40
2026-05-05,NON_ACTIONABLE_NOTIFICATION_DETAILS,IOS,6.7.0,1001-5000 ms,486
2026-05-05,ISSUED_DOCUMENT_DETAILS,IOS,6.5.0,1001-5000 ms,67
2026-05-05,DOCUMENTS_LIST,IOS,6.5.0,1001-5000 ms,194
2026-05-05,DOCUMENTS_LIST,IOS,6.6.2,1001-5000 ms,8327
2026-05-05,QR_VERIFICATION,IOS,6.7.0,1001-5000 ms,214
2026-05-05,UPLOADED_DOCUMENT_EVIDENCE,IOS,6.7.0,1001-5000 ms,96
2026-05-05,DOCUMENTS_LIST,IOS,6.7.0,1001-5000 ms,2384
2026-05-05,DOCUMENTS_LIST,IOS,6.6.1,1001-5000 ms,149
2026-05-05,ISSUED_DOCUMENT_EVIDENCE,IOS,6.6.2,1001-5000 ms,991
2026-05-05,DOWNLOAD_DOCUMENT,IOS,6.7.0,1001-5000 ms,28
2026-05-05,ISSUED_DOCUMENT_EVIDENCE,IOS,6.6.1,1001-5000 ms,17
2026-05-05,ISSUED_DOCUMENT_DETAILS,IOS,6.6.0,1001-5000 ms,221
2026-05-05,ISSUED_DOCUMENT_DETAILS,IOS,6.6.2,1001-5000 ms,3186
2026-05-05,ISSUED_DOCUMENT_EVIDENCE,IOS,6.7.0,1001-5000 ms,2802
2026-05-05,NOTIFICATIONS_LIST,IOS,6.7.0,1001-5000 ms,1817
2026-05-05,ISSUED_DOCUMENT_DETAILS,IOS,6.7.0,1001-5000 ms,1409
2026-05-05,ISSUED_DOCUMENT_EVIDENCE,IOS,6.6.0,1001-5000 ms,58
2026-05-05,DOCUMENT_SELECTION_ISSUED_LIST,IOS,6.7.0,1001-5000 ms,4
2026-05-05,NON_ACTIONABLE_NOTIFICATION_DETAILS,IOS,6.7.0,5001-10000 ms,89
2026-05-05,DOWNLOAD_SELF_SIGN_DOCUMENT,IOS,6.7.0,5001-10000 ms,1
2026-05-05,DOCUMENTS_LIST,IOS,6.6.2,5001-10000 ms,1629
2026-05-05,ISSUED_DOCUMENT_DETAILS,IOS,6.6.1,5001-10000 ms,11
2026-05-05,DOCUMENT_SELECTION_ISSUED_LIST,IOS,6.7.0,5001-10000 ms,1
2026-05-05,ISSUED_DOCUMENT_EVIDENCE,IOS,6.6.1,5001-10000 ms,2
2026-05-05,DOWNLOAD_DOCUMENT,IOS,6.7.0,5001-10000 ms,9
2026-05-05,ISSUED_DOCUMENT_EVIDENCE,IOS,6.7.0,5001-10000 ms,1033
2026-05-05,ISSUED_DOCUMENT_DETAILS,IOS,6.6.0,5001-10000 ms,41
2026-05-05,UPLOADED_DOCUMENT_EVIDENCE,IOS,6.7.0,5001-10000 ms,12
2026-05-05,ISSUED_DOCUMENT_EVIDENCE,IOS,6.5.0,5001-10000 ms,3
2026-05-05,ISSUED_DOCUMENT_DETAILS,IOS,6.5.0,5001-10000 ms,14
2026-05-05,SHARE_DOCUMENT,IOS,6.7.0,5001-10000 ms,7
2026-05-05,DOCUMENTS_LIST,IOS,6.6.1,5001-10000 ms,40
2026-05-05,QR_VERIFICATION,IOS,6.7.0,5001-10000 ms,55
2026-05-05,ISSUED_DOCUMENT_DETAILS,IOS,6.6.2,5001-10000 ms,586
2026-05-05,DOCUMENTS_LIST,IOS,6.7.0,5001-10000 ms,529
2026-05-05,ACTIONABLE_NOTIFICATION_DETAILS,IOS,6.7.0,5001-10000 ms,2675
2026-05-05,DOCUMENTS_LIST,IOS,6.6.0,5001-10000 ms,124
2026-05-05,ISSUED_DOCUMENT_EVIDENCE,IOS,6.6.2,5001-10000 ms,168
2026-05-05,ISSUERS_LIST,IOS,6.7.0,5001-10000 ms,207
2026-05-05,NOTIFICATIONS_LIST,IOS,6.7.0,5001-10000 ms,407
2026-05-05,DOCUMENTS_LIST,IOS,6.5.0,5001-10000 ms,41
2026-05-05,ISSUED_DOCUMENT_EVIDENCE,IOS,6.6.0,5001-10000 ms,10
2026-05-05,ISSUED_DOCUMENT_DETAILS,IOS,6.7.0,5001-10000 ms,266
2026-05-05,ISSUED_DOCUMENT_EVIDENCE,IOS,6.6.0,501-1000 ms,16
2026-05-05,ACTIONABLE_NOTIFICATION_DETAILS,IOS,6.7.0,501-1000 ms,336
2026-05-05,DOCUMENTS_LIST,IOS,6.6.0,501-1000 ms,1679
2026-05-05,ISSUED_DOCUMENT_EVIDENCE,IOS,6.5.0,501-1000 ms,5
2026-05-05,SHARE_DOCUMENT,IOS,6.7.0,501-1000 ms,22
2026-05-05,UPLOADED_DOCUMENT_EVIDENCE,IOS,6.7.0,501-1000 ms,124
2026-05-05,ISSUED_DOCUMENT_DETAILS,IOS,6.6.2,501-1000 ms,7959
2026-05-05,ISSUED_DOCUMENT_DETAILS,IOS,6.7.0,501-1000 ms,3332
2026-05-05,ISSUERS_LIST,IOS,6.7.0,501-1000 ms,2116
2026-05-05,ISSUED_DOCUMENT_EVIDENCE,IOS,6.6.1,501-1000 ms,6
2026-05-05,ISSUED_DOCUMENT_EVIDENCE,IOS,6.6.2,501-1000 ms,360
2026-05-05,ISSUED_DOCUMENT_DETAILS,IOS,6.6.0,501-1000 ms,473
2026-05-05,QR_VERIFICATION,IOS,6.7.0,501-1000 ms,502
2026-05-05,DOWNLOAD_SELF_SIGN_DOCUMENT,IOS,6.7.0,501-1000 ms,36
2026-05-05,ISSUED_DOCUMENT_EVIDENCE,IOS,6.7.0,501-1000 ms,186
2026-05-05,DOWNLOAD_DOCUMENT,IOS,6.7.0,501-1000 ms,14
2026-05-05,DOCUMENTS_LIST,IOS,6.7.0,501-1000 ms,7756
2026-05-05,DOCUMENTS_LIST,IOS,6.6.2,501-1000 ms,27265
2026-05-05,DOCUMENTS_LIST,IOS,6.6.1,501-1000 ms,376
2026-05-05,ISSUED_DOCUMENT_DETAILS,IOS,6.6.1,501-1000 ms,92
2026-05-05,DOCUMENTS_LIST,IOS,6.5.0,501-1000 ms,601
2026-05-05,NOTIFICATIONS_LIST,IOS,6.7.0,501-1000 ms,6371
2026-05-05,ISSUED_DOCUMENT_DETAILS,IOS,6.5.0,501-1000 ms,170
2026-05-05,NON_ACTIONABLE_NOTIFICATION_DETAILS,IOS,6.7.0,501-1000 ms,3010
2026-05-05,DOCUMENT_SELECTION_ISSUED_LIST,IOS,6.7.0,501-1000 ms,10
2026-05-05,ISSUED_DOCUMENT_EVIDENCE,IOS,6.6.2,< 0 ms,11
2026-05-05,ISSUED_DOCUMENT_EVIDENCE,IOS,6.7.0,< 0 ms,1
2026-05-05,DOCUMENTS_LIST,IOS,6.7.0,< 0 ms,1
2026-05-05,ACTIONABLE_NOTIFICATION_DETAILS,IOS,6.7.0,< 0 ms,12
2026-05-05,ISSUED_DOCUMENT_EVIDENCE,IOS,6.6.1,= 0 ms,171
2026-05-05,NOTIFICATIONS_LIST,IOS,6.7.0,= 0 ms,13449
2026-05-05,ISSUED_DOCUMENT_DETAILS,IOS,6.6.1,= 0 ms,19
2026-05-05,QR_VERIFICATION,IOS,6.7.0,= 0 ms,151
2026-05-05,SHARE_DOCUMENT,IOS,6.7.0,= 0 ms,3
2026-05-05,ISSUED_DOCUMENT_DETAILS,IOS,6.5.0,= 0 ms,29
2026-05-05,DOCUMENTS_LIST,IOS,6.6.0,= 0 ms,1310
2026-05-05,ISSUED_DOCUMENT_EVIDENCE,IOS,6.6.2,= 0 ms,12793
2026-05-05,ISSUED_DOCUMENT_DETAILS,IOS,6.6.2,= 0 ms,1859
2026-05-05,DOWNLOAD_SELF_SIGN_DOCUMENT,IOS,6.7.0,= 0 ms,18
2026-05-05,NON_ACTIONABLE_NOTIFICATION_DETAILS,IOS,6.7.0,= 0 ms,6315
2026-05-05,ISSUED_DOCUMENT_DETAILS,IOS,6.7.0,= 0 ms,721
2026-05-05,ACTIONABLE_NOTIFICATION_DETAILS,IOS,6.7.0,= 0 ms,1255
2026-05-05,ISSUERS_LIST,IOS,6.7.0,= 0 ms,911
2026-05-05,ISSUED_DOCUMENT_EVIDENCE,IOS,6.5.0,= 0 ms,257
2026-05-05,DOCUMENTS_LIST,IOS,6.6.1,= 0 ms,290
2026-05-05,ISSUED_DOCUMENT_DETAILS,IOS,6.6.0,= 0 ms,83
2026-05-05,DOCUMENTS_LIST,IOS,6.6.2,= 0 ms,25046
2026-05-05,ISSUED_DOCUMENT_EVIDENCE,IOS,6.7.0,= 0 ms,110
2026-05-05,DOWNLOAD_DOCUMENT,IOS,6.7.0,= 0 ms,3
2026-05-05,DOCUMENTS_LIST,IOS,6.7.0,= 0 ms,7444
2026-05-05,UPLOADED_DOCUMENT_EVIDENCE,IOS,6.7.0,= 0 ms,39
2026-05-05,DOCUMENTS_LIST,IOS,6.5.0,= 0 ms,521
2026-05-05,ISSUED_DOCUMENT_EVIDENCE,IOS,6.6.0,= 0 ms,743
2026-05-06,ISSUED_DOCUMENT_DETAILS,IOS,6.6.1,10000+ ms,14
2026-05-06,NON_ACTIONABLE_NOTIFICATION_DETAILS,IOS,6.7.0,10000+ ms,94
2026-05-06,DOWNLOAD_DOCUMENT,IOS,6.7.0,10000+ ms,18
2026-05-06,QR_VERIFICATION,IOS,6.7.0,10000+ ms,127
2026-05-06,ISSUED_DOCUMENT_DETAILS,IOS,6.5.0,10000+ ms,25
2026-05-06,DOCUMENT_SELECTION_ISSUED_LIST,IOS,6.7.0,10000+ ms,15
2026-05-06,DOCUMENTS_LIST,IOS,6.6.2,10000+ ms,1217
2026-05-06,DOCUMENTS_LIST,IOS,6.5.0,10000+ ms,45
2026-05-06,ISSUED_DOCUMENT_EVIDENCE,IOS,6.6.2,10000+ ms,453
2026-05-06,NOTIFICATIONS_LIST,IOS,6.7.0,10000+ ms,526
2026-05-06,ISSUED_DOCUMENT_DETAILS,IOS,6.6.0,10000+ ms,58
2026-05-06,ISSUED_DOCUMENT_DETAILS,IOS,6.7.0,10000+ ms,820
2026-05-06,DOCUMENTS_LIST,IOS,6.7.0,10000+ ms,771
2026-05-06,DOCUMENTS_LIST,IOS,6.6.1,10000+ ms,25
2026-05-06,ACTIONABLE_NOTIFICATION_DETAILS,IOS,6.7.0,10000+ ms,4744
2026-05-06,DOCUMENTS_LIST,IOS,6.6.0,10000+ ms,88
2026-05-06,ISSUED_DOCUMENT_EVIDENCE,IOS,6.6.1,10000+ ms,9
2026-05-06,ISSUED_DOCUMENT_EVIDENCE,IOS,6.5.0,10000+ ms,8
2026-05-06,SHARE_DOCUMENT,IOS,6.7.0,10000+ ms,36
2026-05-06,DOWNLOAD_SELF_SIGN_DOCUMENT,IOS,6.7.0,10000+ ms,15
2026-05-06,ISSUED_DOCUMENT_DETAILS,IOS,6.6.2,10000+ ms,1161
2026-05-06,ISSUED_DOCUMENT_EVIDENCE,IOS,6.7.0,10000+ ms,1332
2026-05-06,ISSUED_DOCUMENT_EVIDENCE,IOS,6.6.0,10000+ ms,35
2026-05-06,ISSUERS_LIST,IOS,6.7.0,10000+ ms,220
2026-05-06,UPLOADED_DOCUMENT_EVIDENCE,IOS,6.7.0,10000+ ms,22
2026-05-06,ISSUED_DOCUMENT_EVIDENCE,IOS,6.5.0,1001-5000 ms,18
2026-05-06,ACTIONABLE_NOTIFICATION_DETAILS,IOS,6.7.0,1001-5000 ms,8564
2026-05-06,QR_VERIFICATION,IOS,6.7.0,1001-5000 ms,406
2026-05-06,NOTIFICATIONS_LIST,IOS,6.7.0,1001-5000 ms,2832
2026-05-06,NON_ACTIONABLE_NOTIFICATION_DETAILS,IOS,6.7.0,1001-5000 ms,721
2026-05-06,ISSUED_DOCUMENT_DETAILS,IOS,6.6.0,1001-5000 ms,228
2026-05-06,ISSUED_DOCUMENT_EVIDENCE,IOS,6.6.2,1001-5000 ms,883
2026-05-06,ISSUED_DOCUMENT_DETAILS,IOS,6.7.0,1001-5000 ms,2096
2026-05-06,DOCUMENTS_LIST,IOS,6.7.0,1001-5000 ms,4065
2026-05-06,DOCUMENTS_LIST,IOS,6.5.0,1001-5000 ms,212
2026-05-06,DOCUMENTS_LIST,IOS,6.6.2,1001-5000 ms,7181
2026-05-06,DOWNLOAD_DOCUMENT,IOS,6.7.0,1001-5000 ms,52
2026-05-06,UPLOADED_DOCUMENT_EVIDENCE,IOS,6.7.0,1001-5000 ms,111
2026-05-06,ISSUED_DOCUMENT_DETAILS,IOS,6.6.1,1001-5000 ms,46
2026-05-06,ISSUED_DOCUMENT_EVIDENCE,IOS,6.6.1,1001-5000 ms,17
2026-05-06,ISSUED_DOCUMENT_EVIDENCE,IOS,6.6.0,1001-5000 ms,57
2026-05-06,DOCUMENTS_LIST,IOS,6.6.1,1001-5000 ms,148
2026-05-06,DOCUMENT_SELECTION_ISSUED_LIST,IOS,6.7.0,1001-5000 ms,10
2026-05-06,DOWNLOAD_SELF_SIGN_DOCUMENT,IOS,6.7.0,1001-5000 ms,14
2026-05-06,ISSUED_DOCUMENT_DETAILS,IOS,6.5.0,1001-5000 ms,92
2026-05-06,SHARE_DOCUMENT,IOS,6.7.0,1001-5000 ms,50
2026-05-06,ISSUED_DOCUMENT_DETAILS,IOS,6.6.2,1001-5000 ms,2877
2026-05-06,ISSUERS_LIST,IOS,6.7.0,1001-5000 ms,8139
2026-05-06,ISSUED_DOCUMENT_EVIDENCE,IOS,6.7.0,1001-5000 ms,4181
2026-05-06,DOCUMENTS_LIST,IOS,6.6.0,1001-5000 ms,620
2026-05-06,NOTIFICATIONS_LIST,IOS,6.7.0,5001-10000 ms,553
2026-05-06,DOCUMENTS_LIST,IOS,6.7.0,5001-10000 ms,717
2026-05-06,ISSUED_DOCUMENT_DETAILS,IOS,6.5.0,5001-10000 ms,14
2026-05-06,DOCUMENTS_LIST,IOS,6.5.0,5001-10000 ms,38
2026-05-06,ISSUED_DOCUMENT_EVIDENCE,IOS,6.6.2,5001-10000 ms,182
2026-05-06,DOCUMENTS_LIST,IOS,6.6.0,5001-10000 ms,131
2026-05-06,UPLOADED_DOCUMENT_EVIDENCE,IOS,6.7.0,5001-10000 ms,17
2026-05-06,ISSUED_DOCUMENT_EVIDENCE,IOS,6.5.0,5001-10000 ms,5
2026-05-06,NON_ACTIONABLE_NOTIFICATION_DETAILS,IOS,6.7.0,5001-10000 ms,133
2026-05-06,DOWNLOAD_DOCUMENT,IOS,6.7.0,5001-10000 ms,18
2026-05-06,ISSUED_DOCUMENT_DETAILS,IOS,6.6.2,5001-10000 ms,510
2026-05-06,ISSUED_DOCUMENT_EVIDENCE,IOS,6.7.0,5001-10000 ms,1638
2026-05-06,DOCUMENTS_LIST,IOS,6.6.2,5001-10000 ms,1382
2026-05-06,ISSUED_DOCUMENT_EVIDENCE,IOS,6.6.0,5001-10000 ms,5
2026-05-06,DOWNLOAD_SELF_SIGN_DOCUMENT,IOS,6.7.0,5001-10000 ms,2
2026-05-06,DOCUMENT_SELECTION_ISSUED_LIST,IOS,6.7.0,5001-10000 ms,1
2026-05-06,ISSUED_DOCUMENT_EVIDENCE,IOS,6.6.1,5001-10000 ms,5
2026-05-06,DOCUMENTS_LIST,IOS,6.6.1,5001-10000 ms,22
2026-05-06,ISSUED_DOCUMENT_DETAILS,IOS,6.6.0,5001-10000 ms,57
2026-05-06,ACTIONABLE_NOTIFICATION_DETAILS,IOS,6.7.0,5001-10000 ms,5283
2026-05-06,ISSUED_DOCUMENT_DETAILS,IOS,6.7.0,5001-10000 ms,364
2026-05-06,QR_VERIFICATION,IOS,6.7.0,5001-10000 ms,73
2026-05-06,ISSUERS_LIST,IOS,6.7.0,5001-10000 ms,284
2026-05-06,ISSUED_DOCUMENT_DETAILS,IOS,6.6.1,5001-10000 ms,9
2026-05-06,SHARE_DOCUMENT,IOS,6.7.0,5001-10000 ms,20
2026-05-06,ISSUERS_LIST,IOS,6.7.0,501-1000 ms,2904
2026-05-06,ISSUED_DOCUMENT_DETAILS,IOS,6.6.2,501-1000 ms,6586
2026-05-06,ISSUED_DOCUMENT_DETAILS,IOS,6.6.0,501-1000 ms,449
2026-05-06,DOCUMENTS_LIST,IOS,6.7.0,501-1000 ms,12353
2026-05-06,DOWNLOAD_SELF_SIGN_DOCUMENT,IOS,6.7.0,501-1000 ms,38
2026-05-06,ISSUED_DOCUMENT_EVIDENCE,IOS,6.7.0,501-1000 ms,245
2026-05-06,ISSUED_DOCUMENT_DETAILS,IOS,6.7.0,501-1000 ms,4795
2026-05-06,UPLOADED_DOCUMENT_EVIDENCE,IOS,6.7.0,501-1000 ms,198
2026-05-06,QR_VERIFICATION,IOS,6.7.0,501-1000 ms,798
2026-05-06,ISSUED_DOCUMENT_DETAILS,IOS,6.6.1,501-1000 ms,94
2026-05-06,ISSUED_DOCUMENT_EVIDENCE,IOS,6.5.0,501-1000 ms,5
2026-05-06,DOCUMENT_SELECTION_ISSUED_LIST,IOS,6.7.0,501-1000 ms,13
2026-05-06,DOCUMENTS_LIST,IOS,6.6.0,501-1000 ms,1589
2026-05-06,ISSUED_DOCUMENT_DETAILS,IOS,6.5.0,501-1000 ms,185
2026-05-06,ISSUED_DOCUMENT_EVIDENCE,IOS,6.6.2,501-1000 ms,279
2026-05-06,NON_ACTIONABLE_NOTIFICATION_DETAILS,IOS,6.7.0,501-1000 ms,4613
2026-05-06,ISSUED_DOCUMENT_EVIDENCE,IOS,6.6.0,501-1000 ms,11
2026-05-06,DOWNLOAD_DOCUMENT,IOS,6.7.0,501-1000 ms,26
2026-05-06,ISSUED_DOCUMENT_EVIDENCE,IOS,6.6.1,501-1000 ms,5
2026-05-06,SHARE_DOCUMENT,IOS,6.7.0,501-1000 ms,27
2026-05-06,DOCUMENTS_LIST,IOS,6.6.1,501-1000 ms,355
2026-05-06,NOTIFICATIONS_LIST,IOS,6.7.0,501-1000 ms,9538
2026-05-06,DOCUMENTS_LIST,IOS,6.6.2,501-1000 ms,23838
2026-05-06,ACTIONABLE_NOTIFICATION_DETAILS,IOS,6.7.0,501-1000 ms,412
2026-05-06,DOCUMENTS_LIST,IOS,6.5.0,501-1000 ms,689
2026-05-06,DOCUMENT_SELECTION_UPLOADED_LIST,IOS,6.7.0,501-1000 ms,4
2026-05-06,ISSUED_DOCUMENT_EVIDENCE,IOS,6.6.2,< 0 ms,16
2026-05-06,ISSUED_DOCUMENT_EVIDENCE,IOS,6.5.0,< 0 ms,3
2026-05-06,ISSUED_DOCUMENT_EVIDENCE,IOS,6.7.0,< 0 ms,2
2026-05-06,ACTIONABLE_NOTIFICATION_DETAILS,IOS,6.7.0,< 0 ms,8
2026-05-06,ISSUED_DOCUMENT_DETAILS,IOS,6.7.0,< 0 ms,1
2026-05-06,DOCUMENTS_LIST,IOS,6.7.0,< 0 ms,1
2026-05-06,DOCUMENT_SELECTION_ISSUED_LIST,IOS,6.7.0,= 0 ms,1
2026-05-06,DOWNLOAD_DOCUMENT,IOS,6.7.0,= 0 ms,1
2026-05-06,ISSUED_DOCUMENT_DETAILS,IOS,6.6.0,= 0 ms,96
2026-05-06,ISSUED_DOCUMENT_DETAILS,IOS,6.5.0,= 0 ms,36
2026-05-06,DOCUMENTS_LIST,IOS,6.6.2,= 0 ms,19762
2026-05-06,DOCUMENT_SELECTION_UPLOADED_LIST,IOS,6.7.0,= 0 ms,2
2026-05-06,QR_VERIFICATION,IOS,6.7.0,= 0 ms,221
2026-05-06,UPLOADED_DOCUMENT_EVIDENCE,IOS,6.7.0,= 0 ms,63
2026-05-06,ISSUED_DOCUMENT_DETAILS,IOS,6.7.0,= 0 ms,1091
2026-05-06,ISSUED_DOCUMENT_EVIDENCE,IOS,6.7.0,= 0 ms,109
2026-05-06,ISSUED_DOCUMENT_EVIDENCE,IOS,6.6.1,= 0 ms,136
2026-05-06,DOWNLOAD_SELF_SIGN_DOCUMENT,IOS,6.7.0,= 0 ms,41
2026-05-06,ISSUED_DOCUMENT_EVIDENCE,IOS,6.5.0,= 0 ms,287
2026-05-06,ACTIONABLE_NOTIFICATION_DETAILS,IOS,6.7.0,= 0 ms,2081
2026-05-06,NOTIFICATIONS_LIST,IOS,6.7.0,= 0 ms,19687
2026-05-06,NON_ACTIONABLE_NOTIFICATION_DETAILS,IOS,6.7.0,= 0 ms,9659
2026-05-06,ISSUED_DOCUMENT_EVIDENCE,IOS,6.6.0,= 0 ms,698
2026-05-06,SHARE_DOCUMENT,IOS,6.7.0,= 0 ms,2
2026-05-06,ISSUED_DOCUMENT_EVIDENCE,IOS,6.6.2,= 0 ms,10644
2026-05-06,DOCUMENTS_LIST,IOS,6.6.0,= 0 ms,1226
2026-05-06,DOCUMENTS_LIST,IOS,6.5.0,= 0 ms,533
2026-05-06,DOCUMENTS_LIST,IOS,6.7.0,= 0 ms,10929
2026-05-06,DOCUMENTS_LIST,IOS,6.6.1,= 0 ms,260
2026-05-06,ISSUED_DOCUMENT_DETAILS,IOS,6.6.2,= 0 ms,1548
2026-05-06,ISSUED_DOCUMENT_DETAILS,IOS,6.6.1,= 0 ms,25
2026-05-06,ISSUERS_LIST,IOS,6.7.0,= 0 ms,1323
2026-05-07,ISSUED_DOCUMENT_DETAILS,IOS,6.6.0,10000+ ms,104
2026-05-07,ISSUED_DOCUMENT_EVIDENCE,IOS,6.5.0,10000+ ms,6
2026-05-07,DOWNLOAD_SELF_SIGN_DOCUMENT,IOS,6.7.0,10000+ ms,22
2026-05-07,DOCUMENTS_LIST,IOS,6.6.0,10000+ ms,95
2026-05-07,UPLOADED_DOCUMENT_EVIDENCE,IOS,6.7.0,10000+ ms,26
2026-05-07,ISSUED_DOCUMENT_DETAILS,IOS,6.5.0,10000+ ms,34
2026-05-07,DOWNLOAD_DOCUMENT,IOS,6.7.0,10000+ ms,27
2026-05-07,ISSUED_DOCUMENT_EVIDENCE,IOS,6.6.2,10000+ ms,258
2026-05-07,DOCUMENTS_LIST,IOS,6.6.1,10000+ ms,17
2026-05-07,ISSUED_DOCUMENT_DETAILS,IOS,6.6.1,10000+ ms,20
2026-05-07,DOCUMENTS_LIST,IOS,6.7.0,10000+ ms,970
2026-05-07,ISSUED_DOCUMENT_DETAILS,IOS,6.6.2,10000+ ms,842
2026-05-07,SHARE_DOCUMENT,IOS,6.7.0,10000+ ms,41
2026-05-07,DOCUMENT_SELECTION_ISSUED_LIST,IOS,6.7.0,10000+ ms,24
2026-05-07,DOCUMENT_SELECTION_UPLOADED_LIST,IOS,6.7.0,10000+ ms,1
2026-05-07,QR_VERIFICATION,IOS,6.7.0,10000+ ms,199
2026-05-07,ISSUED_DOCUMENT_EVIDENCE,IOS,6.6.0,10000+ ms,30
2026-05-07,NON_ACTIONABLE_NOTIFICATION_DETAILS,IOS,6.7.0,10000+ ms,118
2026-05-07,ISSUED_DOCUMENT_EVIDENCE,IOS,6.7.0,10000+ ms,2051
2026-05-07,ISSUERS_LIST,IOS,6.7.0,10000+ ms,241
2026-05-07,NOTIFICATIONS_LIST,IOS,6.7.0,10000+ ms,583
2026-05-07,DOCUMENTS_LIST,IOS,6.6.2,10000+ ms,592
2026-05-07,ISSUED_DOCUMENT_DETAILS,IOS,6.7.0,10000+ ms,1466
2026-05-07,ACTIONABLE_NOTIFICATION_DETAILS,IOS,6.7.0,10000+ ms,7208
2026-05-07,ISSUED_DOCUMENT_EVIDENCE,IOS,6.6.1,10000+ ms,12
2026-05-07,DOCUMENTS_LIST,IOS,6.5.0,10000+ ms,25
2026-05-07,ACTIONABLE_NOTIFICATION_DETAILS,IOS,6.7.0,1001-5000 ms,11760
2026-05-07,DOCUMENT_SELECTION_ISSUED_LIST,IOS,6.7.0,1001-5000 ms,24
2026-05-07,ISSUERS_LIST,IOS,6.7.0,1001-5000 ms,12357
2026-05-07,ISSUED_DOCUMENT_EVIDENCE,IOS,6.6.0,1001-5000 ms,62
2026-05-07,ISSUED_DOCUMENT_EVIDENCE,IOS,6.6.1,1001-5000 ms,9
2026-05-07,QR_VERIFICATION,IOS,6.7.0,1001-5000 ms,736
2026-05-07,NOTIFICATIONS_LIST,IOS,6.7.0,1001-5000 ms,4430
2026-05-07,ISSUED_DOCUMENT_DETAILS,IOS,6.6.1,1001-5000 ms,46
2026-05-07,DOWNLOAD_DOCUMENT,IOS,6.7.0,1001-5000 ms,101
2026-05-07,DOCUMENTS_LIST,IOS,6.6.1,1001-5000 ms,129
2026-05-07,SHARE_DOCUMENT,IOS,6.7.0,1001-5000 ms,131
2026-05-07,ISSUED_DOCUMENT_DETAILS,IOS,6.7.0,1001-5000 ms,3726
2026-05-07,DOCUMENTS_LIST,IOS,6.7.0,1001-5000 ms,6876
2026-05-07,ISSUED_DOCUMENT_DETAILS,IOS,6.6.2,1001-5000 ms,2057
2026-05-07,DOCUMENTS_LIST,IOS,6.6.0,1001-5000 ms,609
2026-05-07,ISSUED_DOCUMENT_EVIDENCE,IOS,6.7.0,1001-5000 ms,6962
2026-05-07,DOWNLOAD_SELF_SIGN_DOCUMENT,IOS,6.7.0,1001-5000 ms,18
2026-05-07,DOCUMENTS_LIST,IOS,6.5.0,1001-5000 ms,220
2026-05-07,ISSUED_DOCUMENT_EVIDENCE,IOS,6.5.0,1001-5000 ms,14
2026-05-07,ISSUED_DOCUMENT_DETAILS,IOS,6.6.0,1001-5000 ms,273
2026-05-07,UPLOADED_DOCUMENT_EVIDENCE,IOS,6.7.0,1001-5000 ms,161
2026-05-07,NON_ACTIONABLE_NOTIFICATION_DETAILS,IOS,6.7.0,1001-5000 ms,1171
2026-05-07,DOCUMENTS_LIST,IOS,6.6.2,1001-5000 ms,4563
2026-05-07,ISSUED_DOCUMENT_DETAILS,IOS,6.5.0,1001-5000 ms,73
2026-05-07,ISSUED_DOCUMENT_EVIDENCE,IOS,6.6.2,1001-5000 ms,589
2026-05-07,DOCUMENTS_LIST,IOS,6.6.2,5001-10000 ms,774
2026-05-07,ISSUERS_LIST,IOS,6.7.0,5001-10000 ms,416
2026-05-07,DOCUMENTS_LIST,IOS,6.5.0,5001-10000 ms,41
2026-05-07,ISSUED_DOCUMENT_EVIDENCE,IOS,6.6.1,5001-10000 ms,2
2026-05-07,ISSUED_DOCUMENT_DETAILS,IOS,6.6.2,5001-10000 ms,297
2026-05-07,ISSUED_DOCUMENT_EVIDENCE,IOS,6.6.2,5001-10000 ms,87
2026-05-07,DOCUMENTS_LIST,IOS,6.6.1,5001-10000 ms,23
2026-05-07,UPLOADED_DOCUMENT_EVIDENCE,IOS,6.7.0,5001-10000 ms,29
2026-05-07,NON_ACTIONABLE_NOTIFICATION_DETAILS,IOS,6.7.0,5001-10000 ms,161
2026-05-07,ACTIONABLE_NOTIFICATION_DETAILS,IOS,6.7.0,5001-10000 ms,8228
2026-05-07,DOCUMENT_SELECTION_ISSUED_LIST,IOS,6.7.0,5001-10000 ms,4
2026-05-07,DOWNLOAD_SELF_SIGN_DOCUMENT,IOS,6.7.0,5001-10000 ms,5
2026-05-07,ISSUED_DOCUMENT_DETAILS,IOS,6.5.0,5001-10000 ms,6
2026-05-07,ISSUED_DOCUMENT_DETAILS,IOS,6.7.0,5001-10000 ms,599
2026-05-07,ISSUED_DOCUMENT_EVIDENCE,IOS,6.6.0,5001-10000 ms,11
2026-05-07,DOCUMENTS_LIST,IOS,6.6.0,5001-10000 ms,117
2026-05-07,DOCUMENTS_LIST,IOS,6.7.0,5001-10000 ms,1214
2026-05-07,ISSUED_DOCUMENT_DETAILS,IOS,6.6.0,5001-10000 ms,27
2026-05-07,ISSUED_DOCUMENT_EVIDENCE,IOS,6.5.0,5001-10000 ms,2
2026-05-07,SHARE_DOCUMENT,IOS,6.7.0,5001-10000 ms,23
2026-05-07,QR_VERIFICATION,IOS,6.7.0,5001-10000 ms,127
2026-05-07,ISSUED_DOCUMENT_EVIDENCE,IOS,6.7.0,5001-10000 ms,2889
2026-05-07,ISSUED_DOCUMENT_DETAILS,IOS,6.6.1,5001-10000 ms,7
2026-05-07,DOWNLOAD_DOCUMENT,IOS,6.7.0,5001-10000 ms,18
2026-05-07,NOTIFICATIONS_LIST,IOS,6.7.0,5001-10000 ms,829
2026-05-07,ISSUED_DOCUMENT_EVIDENCE,IOS,6.7.0,501-1000 ms,479
2026-05-07,QR_VERIFICATION,IOS,6.7.0,501-1000 ms,1208
2026-05-07,ISSUED_DOCUMENT_DETAILS,IOS,6.6.0,501-1000 ms,396
2026-05-07,DOCUMENTS_LIST,IOS,6.5.0,501-1000 ms,614
2026-05-07,NON_ACTIONABLE_NOTIFICATION_DETAILS,IOS,6.7.0,501-1000 ms,7535
2026-05-07,DOCUMENTS_LIST,IOS,6.6.2,501-1000 ms,14155
2026-05-07,ISSUED_DOCUMENT_EVIDENCE,IOS,6.5.0,501-1000 ms,7
2026-05-07,SHARE_DOCUMENT,IOS,6.7.0,501-1000 ms,42
2026-05-07,DOWNLOAD_SELF_SIGN_DOCUMENT,IOS,6.7.0,501-1000 ms,63
2026-05-07,ACTIONABLE_NOTIFICATION_DETAILS,IOS,6.7.0,501-1000 ms,644
2026-05-07,ISSUERS_LIST,IOS,6.7.0,501-1000 ms,5568
2026-05-07,DOCUMENTS_LIST,IOS,6.7.0,501-1000 ms,20247
2026-05-07,DOCUMENT_SELECTION_ISSUED_LIST,IOS,6.7.0,501-1000 ms,34
2026-05-07,DOCUMENTS_LIST,IOS,6.6.0,501-1000 ms,1554
2026-05-07,UPLOADED_DOCUMENT_EVIDENCE,IOS,6.7.0,501-1000 ms,325
2026-05-07,NOTIFICATIONS_LIST,IOS,6.7.0,501-1000 ms,15123
2026-05-07,ISSUED_DOCUMENT_EVIDENCE,IOS,6.6.1,501-1000 ms,3
2026-05-07,ISSUED_DOCUMENT_EVIDENCE,IOS,6.6.0,501-1000 ms,14
2026-05-07,ISSUED_DOCUMENT_DETAILS,IOS,6.5.0,501-1000 ms,171
2026-05-07,DOCUMENTS_LIST,IOS,6.6.1,501-1000 ms,308
2026-05-07,ISSUED_DOCUMENT_DETAILS,IOS,6.6.2,501-1000 ms,3786
2026-05-07,DOWNLOAD_DOCUMENT,IOS,6.7.0,501-1000 ms,58
2026-05-07,ISSUED_DOCUMENT_EVIDENCE,IOS,6.6.2,501-1000 ms,160
2026-05-07,ISSUED_DOCUMENT_DETAILS,IOS,6.6.1,501-1000 ms,95
2026-05-07,ISSUED_DOCUMENT_DETAILS,IOS,6.7.0,501-1000 ms,7409
2026-05-07,ACTIONABLE_NOTIFICATION_DETAILS,IOS,6.7.0,< 0 ms,8
2026-05-07,ISSUED_DOCUMENT_EVIDENCE,IOS,6.6.1,< 0 ms,1
2026-05-07,ISSUERS_LIST,IOS,6.7.0,< 0 ms,2
2026-05-07,QR_VERIFICATION,IOS,6.7.0,< 0 ms,1
2026-05-07,ISSUED_DOCUMENT_EVIDENCE,IOS,6.6.2,< 0 ms,4
2026-05-07,ISSUED_DOCUMENT_EVIDENCE,IOS,6.6.0,< 0 ms,1
2026-05-07,ISSUED_DOCUMENT_DETAILS,IOS,6.5.0,= 0 ms,26
2026-05-07,DOCUMENT_SELECTION_ISSUED_LIST,IOS,6.7.0,= 0 ms,7
2026-05-07,DOCUMENTS_LIST,IOS,6.6.2,= 0 ms,11694
2026-05-07,DOCUMENTS_LIST,IOS,6.5.0,= 0 ms,460
2026-05-07,ISSUED_DOCUMENT_DETAILS,IOS,6.6.2,= 0 ms,868
2026-05-07,ISSUED_DOCUMENT_DETAILS,IOS,6.6.1,= 0 ms,20
2026-05-07,ISSUED_DOCUMENT_EVIDENCE,IOS,6.7.0,= 0 ms,183
2026-05-07,SHARE_DOCUMENT,IOS,6.7.0,= 0 ms,5
2026-05-07,UPLOADED_DOCUMENT_EVIDENCE,IOS,6.7.0,= 0 ms,101
2026-05-07,ISSUED_DOCUMENT_EVIDENCE,IOS,6.6.2,= 0 ms,6703
2026-05-07,NON_ACTIONABLE_NOTIFICATION_DETAILS,IOS,6.7.0,= 0 ms,15512
2026-05-07,NOTIFICATIONS_LIST,IOS,6.7.0,= 0 ms,31659
2026-05-07,ISSUERS_LIST,IOS,6.7.0,= 0 ms,1913
2026-05-07,ISSUED_DOCUMENT_DETAILS,IOS,6.7.0,= 0 ms,1493
2026-05-07,ACTIONABLE_NOTIFICATION_DETAILS,IOS,6.7.0,= 0 ms,3259
2026-05-07,QR_VERIFICATION,IOS,6.7.0,= 0 ms,333
2026-05-07,DOCUMENT_SELECTION_UPLOADED_LIST,IOS,6.7.0,= 0 ms,1
2026-05-07,DOCUMENTS_LIST,IOS,6.7.0,= 0 ms,17354
2026-05-07,ISSUED_DOCUMENT_EVIDENCE,IOS,6.6.1,= 0 ms,147
2026-05-07,DOCUMENTS_LIST,IOS,6.6.1,= 0 ms,248
2026-05-07,ISSUED_DOCUMENT_EVIDENCE,IOS,6.6.0,= 0 ms,735
2026-05-07,ISSUED_DOCUMENT_DETAILS,IOS,6.6.0,= 0 ms,84
2026-05-07,DOWNLOAD_SELF_SIGN_DOCUMENT,IOS,6.7.0,= 0 ms,44
2026-05-07,DOCUMENTS_LIST,IOS,6.6.0,= 0 ms,1075
2026-05-07,DOWNLOAD_DOCUMENT,IOS,6.7.0,= 0 ms,4
2026-05-07,ISSUED_DOCUMENT_EVIDENCE,IOS,6.5.0,= 0 ms,269
2026-05-08,ISSUED_DOCUMENT_EVIDENCE,IOS,6.6.2,10000+ ms,114
2026-05-08,DOCUMENTS_LIST,IOS,6.6.0,10000+ ms,70
2026-05-08,DOCUMENTS_LIST,IOS,6.5.0,10000+ ms,34
2026-05-08,UPLOADED_DOCUMENT_EVIDENCE,IOS,6.7.0,10000+ ms,42
2026-05-08,ACTIONABLE_NOTIFICATION_DETAILS,IOS,6.7.0,10000+ ms,8794
2026-05-08,ISSUED_DOCUMENT_DETAILS,IOS,6.6.2,10000+ ms,349
2026-05-08,NOTIFICATIONS_LIST,IOS,6.7.0,10000+ ms,767
2026-05-08,ISSUERS_LIST,IOS,6.7.0,10000+ ms,278
2026-05-08,ISSUED_DOCUMENT_EVIDENCE,IOS,6.6.1,10000+ ms,4
2026-05-08,ISSUED_DOCUMENT_DETAILS,IOS,6.6.0,10000+ ms,78
2026-05-08,DOCUMENTS_LIST,IOS,6.6.1,10000+ ms,15
2026-05-08,ISSUED_DOCUMENT_EVIDENCE,IOS,6.5.0,10000+ ms,6
2026-05-08,NON_ACTIONABLE_NOTIFICATION_DETAILS,IOS,6.7.0,10000+ ms,165
2026-05-08,DOWNLOAD_DOCUMENT,IOS,6.7.0,10000+ ms,26
2026-05-08,DOCUMENT_SELECTION_ISSUED_LIST,IOS,6.7.0,10000+ ms,16
2026-05-08,ISSUED_DOCUMENT_DETAILS,IOS,6.7.0,10000+ ms,1620
2026-05-08,DOCUMENT_SELECTION_UPLOADED_LIST,IOS,6.7.0,10000+ ms,3
2026-05-08,QR_VERIFICATION,IOS,6.7.0,10000+ ms,229
2026-05-08,DOCUMENTS_LIST,IOS,6.7.0,10000+ ms,1189
2026-05-08,DOCUMENTS_LIST,IOS,6.6.2,10000+ ms,235
2026-05-08,DOWNLOAD_SELF_SIGN_DOCUMENT,IOS,6.7.0,10000+ ms,19
2026-05-08,ISSUED_DOCUMENT_EVIDENCE,IOS,6.6.0,10000+ ms,23
2026-05-08,ISSUED_DOCUMENT_EVIDENCE,IOS,6.7.0,10000+ ms,2408
2026-05-08,ISSUED_DOCUMENT_DETAILS,IOS,6.6.1,10000+ ms,18
2026-05-08,ISSUED_DOCUMENT_DETAILS,IOS,6.5.0,10000+ ms,24
2026-05-08,SHARE_DOCUMENT,IOS,6.7.0,10000+ ms,38
2026-05-08,ISSUED_DOCUMENT_EVIDENCE,IOS,6.6.2,1001-5000 ms,205
2026-05-08,ISSUED_DOCUMENT_DETAILS,IOS,6.7.0,1001-5000 ms,3108
2026-05-08,DOCUMENT_SELECTION_ISSUED_LIST,IOS,6.7.0,1001-5000 ms,21
2026-05-08,DOCUMENTS_LIST,IOS,6.7.0,1001-5000 ms,8167
2026-05-08,DOCUMENTS_LIST,IOS,6.6.0,1001-5000 ms,483
2026-05-08,UPLOADED_DOCUMENT_EVIDENCE,IOS,6.7.0,1001-5000 ms,219
2026-05-08,ISSUED_DOCUMENT_EVIDENCE,IOS,6.6.1,1001-5000 ms,14
2026-05-08,NOTIFICATIONS_LIST,IOS,6.7.0,1001-5000 ms,5167
2026-05-08,DOCUMENTS_LIST,IOS,6.6.2,1001-5000 ms,1915
2026-05-08,ISSUED_DOCUMENT_EVIDENCE,IOS,6.5.0,1001-5000 ms,15
2026-05-08,ISSUED_DOCUMENT_DETAILS,IOS,6.5.0,1001-5000 ms,64
2026-05-08,ACTIONABLE_NOTIFICATION_DETAILS,IOS,6.7.0,1001-5000 ms,13470
2026-05-08,ISSUED_DOCUMENT_EVIDENCE,IOS,6.6.0,1001-5000 ms,45
2026-05-08,ISSUED_DOCUMENT_EVIDENCE,IOS,6.7.0,1001-5000 ms,8774
2026-05-08,SHARE_DOCUMENT,IOS,6.7.0,1001-5000 ms,126
2026-05-08,ISSUED_DOCUMENT_DETAILS,IOS,6.6.0,1001-5000 ms,139
2026-05-08,ISSUERS_LIST,IOS,6.7.0,1001-5000 ms,15892
2026-05-08,ISSUED_DOCUMENT_DETAILS,IOS,6.6.1,1001-5000 ms,42
2026-05-08,DOWNLOAD_DOCUMENT,IOS,6.7.0,1001-5000 ms,110
2026-05-08,NON_ACTIONABLE_NOTIFICATION_DETAILS,IOS,6.7.0,1001-5000 ms,1605
2026-05-08,DOWNLOAD_SELF_SIGN_DOCUMENT,IOS,6.7.0,1001-5000 ms,25
2026-05-08,DOCUMENTS_LIST,IOS,6.5.0,1001-5000 ms,184
2026-05-08,DOCUMENTS_LIST,IOS,6.6.1,1001-5000 ms,121
2026-05-08,ISSUED_DOCUMENT_DETAILS,IOS,6.6.2,1001-5000 ms,580
2026-05-08,QR_VERIFICATION,IOS,6.7.0,1001-5000 ms,644
2026-05-08,NON_ACTIONABLE_NOTIFICATION_DETAILS,IOS,6.7.0,5001-10000 ms,193
2026-05-08,DOWNLOAD_SELF_SIGN_DOCUMENT,IOS,6.7.0,5001-10000 ms,11
2026-05-08,ISSUED_DOCUMENT_DETAILS,IOS,6.6.0,5001-10000 ms,31
2026-05-08,ACTIONABLE_NOTIFICATION_DETAILS,IOS,6.7.0,5001-10000 ms,10231
2026-05-08,ISSUED_DOCUMENT_EVIDENCE,IOS,6.6.2,5001-10000 ms,36
2026-05-08,QR_VERIFICATION,IOS,6.7.0,5001-10000 ms,145
2026-05-08,NOTIFICATIONS_LIST,IOS,6.7.0,5001-10000 ms,1014
2026-05-08,DOCUMENT_SELECTION_ISSUED_LIST,IOS,6.7.0,5001-10000 ms,2
2026-05-08,ISSUED_DOCUMENT_EVIDENCE,IOS,6.6.0,5001-10000 ms,4
2026-05-08,ISSUERS_LIST,IOS,6.7.0,5001-10000 ms,550
2026-05-08,UPLOADED_DOCUMENT_EVIDENCE,IOS,6.7.0,5001-10000 ms,28
2026-05-08,ISSUED_DOCUMENT_EVIDENCE,IOS,6.5.0,5001-10000 ms,3
2026-05-08,ISSUED_DOCUMENT_DETAILS,IOS,6.6.1,5001-10000 ms,5
2026-05-08,ISSUED_DOCUMENT_EVIDENCE,IOS,6.7.0,5001-10000 ms,2801
2026-05-08,ISSUED_DOCUMENT_DETAILS,IOS,6.6.2,5001-10000 ms,154
2026-05-08,ISSUED_DOCUMENT_DETAILS,IOS,6.7.0,5001-10000 ms,788
2026-05-08,DOCUMENTS_LIST,IOS,6.6.0,5001-10000 ms,109
2026-05-08,DOCUMENTS_LIST,IOS,6.6.2,5001-10000 ms,312
2026-05-08,DOCUMENTS_LIST,IOS,6.5.0,5001-10000 ms,41
2026-05-08,DOCUMENTS_LIST,IOS,6.7.0,5001-10000 ms,1639
2026-05-08,DOWNLOAD_DOCUMENT,IOS,6.7.0,5001-10000 ms,19
2026-05-08,SHARE_DOCUMENT,IOS,6.7.0,5001-10000 ms,29
2026-05-08,ISSUED_DOCUMENT_DETAILS,IOS,6.5.0,5001-10000 ms,19
2026-05-08,DOCUMENTS_LIST,IOS,6.6.1,5001-10000 ms,19
2026-05-08,ISSUED_DOCUMENT_EVIDENCE,IOS,6.6.1,5001-10000 ms,4
2026-05-08,SHARE_DOCUMENT,IOS,6.7.0,501-1000 ms,83
2026-05-08,DOCUMENT_SELECTION_ISSUED_LIST,IOS,6.7.0,501-1000 ms,38
2026-05-08,ISSUED_DOCUMENT_EVIDENCE,IOS,6.7.0,501-1000 ms,817
2026-05-08,DOWNLOAD_SELF_SIGN_DOCUMENT,IOS,6.7.0,501-1000 ms,57
2026-05-08,ISSUED_DOCUMENT_DETAILS,IOS,6.5.0,501-1000 ms,168
2026-05-08,QR_VERIFICATION,IOS,6.7.0,501-1000 ms,1573
2026-05-08,ISSUED_DOCUMENT_EVIDENCE,IOS,6.6.0,501-1000 ms,10
2026-05-08,ISSUED_DOCUMENT_EVIDENCE,IOS,6.6.1,501-1000 ms,3
2026-05-08,NON_ACTIONABLE_NOTIFICATION_DETAILS,IOS,6.7.0,501-1000 ms,8942
2026-05-08,ISSUED_DOCUMENT_DETAILS,IOS,6.6.1,501-1000 ms,84
2026-05-08,ISSUERS_LIST,IOS,6.7.0,501-1000 ms,5269
2026-05-08,ISSUED_DOCUMENT_DETAILS,IOS,6.6.2,501-1000 ms,1672
2026-05-08,ISSUED_DOCUMENT_DETAILS,IOS,6.6.0,501-1000 ms,393
2026-05-08,DOCUMENTS_LIST,IOS,6.6.1,501-1000 ms,278
2026-05-08,DOWNLOAD_DOCUMENT,IOS,6.7.0,501-1000 ms,90
2026-05-08,ISSUED_DOCUMENT_EVIDENCE,IOS,6.5.0,501-1000 ms,6
2026-05-08,UPLOADED_DOCUMENT_EVIDENCE,IOS,6.7.0,501-1000 ms,312
2026-05-08,ISSUED_DOCUMENT_EVIDENCE,IOS,6.6.2,501-1000 ms,71
2026-05-08,NOTIFICATIONS_LIST,IOS,6.7.0,501-1000 ms,16810
2026-05-08,ACTIONABLE_NOTIFICATION_DETAILS,IOS,6.7.0,501-1000 ms,983
2026-05-08,DOCUMENTS_LIST,IOS,6.5.0,501-1000 ms,489
2026-05-08,DOCUMENTS_LIST,IOS,6.6.0,501-1000 ms,1253
2026-05-08,DOCUMENTS_LIST,IOS,6.7.0,501-1000 ms,23786
2026-05-08,DOCUMENTS_LIST,IOS,6.6.2,501-1000 ms,5689
2026-05-08,ISSUED_DOCUMENT_DETAILS,IOS,6.7.0,501-1000 ms,9302
2026-05-08,DOCUMENT_SELECTION_UPLOADED_LIST,IOS,6.7.0,501-1000 ms,3
2026-05-08,ISSUED_DOCUMENT_EVIDENCE,IOS,6.6.2,< 0 ms,7
2026-05-08,ACTIONABLE_NOTIFICATION_DETAILS,IOS,6.7.0,< 0 ms,12
2026-05-08,DOWNLOAD_SELF_SIGN_DOCUMENT,IOS,6.7.0,= 0 ms,62
2026-05-08,ISSUED_DOCUMENT_DETAILS,IOS,6.6.0,= 0 ms,67
2026-05-08,ISSUED_DOCUMENT_DETAILS,IOS,6.6.2,= 0 ms,472
2026-05-08,ISSUED_DOCUMENT_EVIDENCE,IOS,6.6.0,= 0 ms,620
2026-05-08,ISSUED_DOCUMENT_DETAILS,IOS,6.7.0,= 0 ms,2781
2026-05-08,ISSUERS_LIST,IOS,6.7.0,= 0 ms,2441
2026-05-08,DOCUMENT_SELECTION_UPLOADED_LIST,IOS,6.7.0,= 0 ms,2
2026-05-08,ISSUED_DOCUMENT_EVIDENCE,IOS,6.5.0,= 0 ms,266
2026-05-08,DOCUMENTS_LIST,IOS,6.7.0,= 0 ms,21031
2026-05-08,UPLOADED_DOCUMENT_EVIDENCE,IOS,6.7.0,= 0 ms,87
2026-05-08,ISSUED_DOCUMENT_DETAILS,IOS,6.5.0,= 0 ms,39
2026-05-08,QR_VERIFICATION,IOS,6.7.0,= 0 ms,556
2026-05-08,NON_ACTIONABLE_NOTIFICATION_DETAILS,IOS,6.7.0,= 0 ms,18702
2026-05-08,DOCUMENT_SELECTION_ISSUED_LIST,IOS,6.7.0,= 0 ms,8
2026-05-08,ISSUED_DOCUMENT_DETAILS,IOS,6.6.1,= 0 ms,23
2026-05-08,ISSUED_DOCUMENT_EVIDENCE,IOS,6.6.2,= 0 ms,2735
2026-05-08,DOCUMENTS_LIST,IOS,6.6.2,= 0 ms,4707
2026-05-08,DOWNLOAD_DOCUMENT,IOS,6.7.0,= 0 ms,9
2026-05-08,DOCUMENTS_LIST,IOS,6.5.0,= 0 ms,427
2026-05-08,ISSUED_DOCUMENT_EVIDENCE,IOS,6.7.0,= 0 ms,259
2026-05-08,ISSUED_DOCUMENT_EVIDENCE,IOS,6.6.1,= 0 ms,155
2026-05-08,SHARE_DOCUMENT,IOS,6.7.0,= 0 ms,4
2026-05-08,DOCUMENTS_LIST,IOS,6.6.0,= 0 ms,918
2026-05-08,DOCUMENTS_LIST,IOS,6.6.1,= 0 ms,221
2026-05-08,ACTIONABLE_NOTIFICATION_DETAILS,IOS,6.7.0,= 0 ms,3890
2026-05-08,NOTIFICATIONS_LIST,IOS,6.7.0,= 0 ms,36102
2026-05-09,ISSUED_DOCUMENT_EVIDENCE,IOS,6.5.0,10000+ ms,6
2026-05-09,DOCUMENT_SELECTION_UPLOADED_LIST,IOS,6.7.0,10000+ ms,4
2026-05-09,ACTIONABLE_NOTIFICATION_DETAILS,IOS,6.7.0,10000+ ms,2870
2026-05-09,QR_VERIFICATION,IOS,6.7.0,10000+ ms,166
2026-05-09,ISSUED_DOCUMENT_EVIDENCE,IOS,6.6.2,10000+ ms,32
2026-05-09,DOCUMENTS_LIST,IOS,6.6.2,10000+ ms,74
2026-05-09,ISSUED_DOCUMENT_EVIDENCE,IOS,6.6.0,10000+ ms,18
2026-05-09,DOWNLOAD_DOCUMENT,IOS,6.7.0,10000+ ms,27
2026-05-09,DOCUMENTS_LIST,IOS,6.6.0,10000+ ms,26
2026-05-09,DOWNLOAD_SELF_SIGN_DOCUMENT,IOS,6.7.0,10000+ ms,15
2026-05-09,DOCUMENT_SELECTION_ISSUED_LIST,IOS,6.7.0,10000+ ms,25
2026-05-09,ISSUED_DOCUMENT_DETAILS,IOS,6.6.1,10000+ ms,10
2026-05-09,ISSUED_DOCUMENT_DETAILS,IOS,6.5.0,10000+ ms,16
2026-05-09,DOCUMENTS_LIST,IOS,6.6.1,10000+ ms,7
2026-05-09,NON_ACTIONABLE_NOTIFICATION_DETAILS,IOS,6.7.0,10000+ ms,88
2026-05-09,DOCUMENTS_LIST,IOS,6.5.0,10000+ ms,17
2026-05-09,ISSUED_DOCUMENT_EVIDENCE,IOS,6.7.0,10000+ ms,1957
2026-05-09,ISSUED_DOCUMENT_EVIDENCE,IOS,6.6.1,10000+ ms,5
2026-05-09,NOTIFICATIONS_LIST,IOS,6.7.0,10000+ ms,328
2026-05-09,ISSUED_DOCUMENT_DETAILS,IOS,6.6.0,10000+ ms,66
2026-05-09,ISSUERS_LIST,IOS,6.7.0,10000+ ms,162
2026-05-09,ISSUED_DOCUMENT_DETAILS,IOS,6.7.0,10000+ ms,1490
2026-05-09,UPLOADED_DOCUMENT_EVIDENCE,IOS,6.7.0,10000+ ms,23
2026-05-09,ISSUED_DOCUMENT_DETAILS,IOS,6.6.2,10000+ ms,133
2026-05-09,DOCUMENTS_LIST,IOS,6.7.0,10000+ ms,487
2026-05-09,SHARE_DOCUMENT,IOS,6.7.0,10000+ ms,39
2026-05-09,ISSUED_DOCUMENT_DETAILS,IOS,6.7.0,1001-5000 ms,2057
2026-05-09,NOTIFICATIONS_LIST,IOS,6.7.0,1001-5000 ms,2822
2026-05-09,ISSUED_DOCUMENT_EVIDENCE,IOS,6.6.1,1001-5000 ms,7
2026-05-09,ISSUED_DOCUMENT_EVIDENCE,IOS,6.7.0,1001-5000 ms,8568
2026-05-09,ACTIONABLE_NOTIFICATION_DETAILS,IOS,6.7.0,1001-5000 ms,14364
2026-05-09,ISSUED_DOCUMENT_EVIDENCE,IOS,6.6.0,1001-5000 ms,32
2026-05-09,SHARE_DOCUMENT,IOS,6.7.0,1001-5000 ms,115
2026-05-09,ISSUED_DOCUMENT_EVIDENCE,IOS,6.6.2,1001-5000 ms,80
2026-05-09,ISSUED_DOCUMENT_DETAILS,IOS,6.5.0,1001-5000 ms,44
2026-05-09,DOCUMENTS_LIST,IOS,6.5.0,1001-5000 ms,114
2026-05-09,ISSUED_DOCUMENT_DETAILS,IOS,6.6.2,1001-5000 ms,225
2026-05-09,ISSUED_DOCUMENT_DETAILS,IOS,6.6.1,1001-5000 ms,25
2026-05-09,NON_ACTIONABLE_NOTIFICATION_DETAILS,IOS,6.7.0,1001-5000 ms,760
2026-05-09,DOWNLOAD_SELF_SIGN_DOCUMENT,IOS,6.7.0,1001-5000 ms,16
2026-05-09,DOCUMENTS_LIST,IOS,6.6.2,1001-5000 ms,650
2026-05-09,ISSUED_DOCUMENT_DETAILS,IOS,6.6.0,1001-5000 ms,75
2026-05-09,DOCUMENT_SELECTION_ISSUED_LIST,IOS,6.7.0,1001-5000 ms,4
2026-05-09,DOCUMENTS_LIST,IOS,6.6.1,1001-5000 ms,61
2026-05-09,DOCUMENTS_LIST,IOS,6.6.0,1001-5000 ms,305
2026-05-09,QR_VERIFICATION,IOS,6.7.0,1001-5000 ms,318
2026-05-09,UPLOADED_DOCUMENT_EVIDENCE,IOS,6.7.0,1001-5000 ms,192
2026-05-09,DOCUMENTS_LIST,IOS,6.7.0,1001-5000 ms,4408
2026-05-09,ISSUERS_LIST,IOS,6.7.0,1001-5000 ms,13878
2026-05-09,DOWNLOAD_DOCUMENT,IOS,6.7.0,1001-5000 ms,116
2026-05-09,ISSUED_DOCUMENT_EVIDENCE,IOS,6.5.0,1001-5000 ms,14
2026-05-09,ISSUED_DOCUMENT_EVIDENCE,IOS,6.6.0,5001-10000 ms,2
2026-05-09,DOCUMENTS_LIST,IOS,6.5.0,5001-10000 ms,18
2026-05-09,ISSUED_DOCUMENT_DETAILS,IOS,6.7.0,5001-10000 ms,621
2026-05-09,ISSUERS_LIST,IOS,6.7.0,5001-10000 ms,271
2026-05-09,ISSUED_DOCUMENT_EVIDENCE,IOS,6.6.2,5001-10000 ms,14
2026-05-09,UPLOADED_DOCUMENT_EVIDENCE,IOS,6.7.0,5001-10000 ms,30
2026-05-09,DOCUMENTS_LIST,IOS,6.6.2,5001-10000 ms,103
2026-05-09,QR_VERIFICATION,IOS,6.7.0,5001-10000 ms,59
2026-05-09,ISSUED_DOCUMENT_DETAILS,IOS,6.6.1,5001-10000 ms,4
2026-05-09,DOWNLOAD_SELF_SIGN_DOCUMENT,IOS,6.7.0,5001-10000 ms,1
2026-05-09,ISSUED_DOCUMENT_EVIDENCE,IOS,6.7.0,5001-10000 ms,2037
2026-05-09,DOCUMENTS_LIST,IOS,6.7.0,5001-10000 ms,601
2026-05-09,NON_ACTIONABLE_NOTIFICATION_DETAILS,IOS,6.7.0,5001-10000 ms,95
2026-05-09,ISSUED_DOCUMENT_DETAILS,IOS,6.6.2,5001-10000 ms,45
2026-05-09,ACTIONABLE_NOTIFICATION_DETAILS,IOS,6.7.0,5001-10000 ms,13721
2026-05-09,NOTIFICATIONS_LIST,IOS,6.7.0,5001-10000 ms,414
2026-05-09,DOCUMENTS_LIST,IOS,6.6.0,5001-10000 ms,50
2026-05-09,ISSUED_DOCUMENT_DETAILS,IOS,6.6.0,5001-10000 ms,27
2026-05-09,DOWNLOAD_DOCUMENT,IOS,6.7.0,5001-10000 ms,14
2026-05-09,DOCUMENTS_LIST,IOS,6.6.1,5001-10000 ms,7
2026-05-09,SHARE_DOCUMENT,IOS,6.7.0,5001-10000 ms,13
2026-05-09,DOCUMENT_SELECTION_ISSUED_LIST,IOS,6.7.0,5001-10000 ms,3
2026-05-09,ISSUED_DOCUMENT_DETAILS,IOS,6.5.0,5001-10000 ms,9
2026-05-09,ISSUED_DOCUMENT_EVIDENCE,IOS,6.6.1,5001-10000 ms,2
2026-05-09,NOTIFICATIONS_LIST,IOS,6.7.0,501-1000 ms,14927
2026-05-09,ISSUED_DOCUMENT_DETAILS,IOS,6.5.0,501-1000 ms,154
2026-05-09,ACTIONABLE_NOTIFICATION_DETAILS,IOS,6.7.0,501-1000 ms,1126
2026-05-09,UPLOADED_DOCUMENT_EVIDENCE,IOS,6.7.0,501-1000 ms,317
2026-05-09,ISSUED_DOCUMENT_EVIDENCE,IOS,6.6.2,501-1000 ms,36
2026-05-09,DOCUMENT_SELECTION_ISSUED_LIST,IOS,6.7.0,501-1000 ms,41
2026-05-09,ISSUED_DOCUMENT_EVIDENCE,IOS,6.5.0,501-1000 ms,10
2026-05-09,ISSUED_DOCUMENT_EVIDENCE,IOS,6.7.0,501-1000 ms,1017
2026-05-09,QR_VERIFICATION,IOS,6.7.0,501-1000 ms,1525
2026-05-09,ISSUED_DOCUMENT_DETAILS,IOS,6.6.2,501-1000 ms,829
2026-05-09,ISSUERS_LIST,IOS,6.7.0,501-1000 ms,5547
2026-05-09,DOCUMENTS_LIST,IOS,6.7.0,501-1000 ms,23419
2026-05-09,ISSUED_DOCUMENT_DETAILS,IOS,6.6.0,501-1000 ms,315
2026-05-09,ISSUED_DOCUMENT_EVIDENCE,IOS,6.6.0,501-1000 ms,12
2026-05-09,DOCUMENTS_LIST,IOS,6.6.1,501-1000 ms,226
2026-05-09,DOCUMENTS_LIST,IOS,6.6.2,501-1000 ms,2627
2026-05-09,DOCUMENTS_LIST,IOS,6.5.0,501-1000 ms,481
2026-05-09,DOWNLOAD_SELF_SIGN_DOCUMENT,IOS,6.7.0,501-1000 ms,50
2026-05-09,ISSUED_DOCUMENT_DETAILS,IOS,6.7.0,501-1000 ms,8927
2026-05-09,DOCUMENT_SELECTION_UPLOADED_LIST,IOS,6.7.0,501-1000 ms,1
2026-05-09,SHARE_DOCUMENT,IOS,6.7.0,501-1000 ms,108
2026-05-09,NON_ACTIONABLE_NOTIFICATION_DETAILS,IOS,6.7.0,501-1000 ms,7558
2026-05-09,DOCUMENTS_LIST,IOS,6.6.0,501-1000 ms,1107
2026-05-09,ISSUED_DOCUMENT_DETAILS,IOS,6.6.1,501-1000 ms,84
2026-05-09,DOWNLOAD_DOCUMENT,IOS,6.7.0,501-1000 ms,113
2026-05-09,DOCUMENTS_LIST,IOS,6.7.0,< 0 ms,2
2026-05-09,ISSUED_DOCUMENT_EVIDENCE,IOS,6.6.2,< 0 ms,1
2026-05-09,ISSUED_DOCUMENT_EVIDENCE,IOS,6.5.0,< 0 ms,1
2026-05-09,ACTIONABLE_NOTIFICATION_DETAILS,IOS,6.7.0,< 0 ms,20
2026-05-09,QR_VERIFICATION,IOS,6.7.0,= 0 ms,606
2026-05-09,ISSUED_DOCUMENT_EVIDENCE,IOS,6.5.0,= 0 ms,218
2026-05-09,ISSUED_DOCUMENT_DETAILS,IOS,6.6.0,= 0 ms,83
2026-05-09,DOWNLOAD_DOCUMENT,IOS,6.7.0,= 0 ms,8
2026-05-09,NOTIFICATIONS_LIST,IOS,6.7.0,= 0 ms,34294
2026-05-09,ISSUED_DOCUMENT_EVIDENCE,IOS,6.7.0,= 0 ms,226
2026-05-09,SHARE_DOCUMENT,IOS,6.7.0,= 0 ms,8
2026-05-09,NON_ACTIONABLE_NOTIFICATION_DETAILS,IOS,6.7.0,= 0 ms,19256
2026-05-09,ACTIONABLE_NOTIFICATION_DETAILS,IOS,6.7.0,= 0 ms,1984
2026-05-09,DOCUMENTS_LIST,IOS,6.6.2,= 0 ms,2114
2026-05-09,ISSUED_DOCUMENT_DETAILS,IOS,6.6.1,= 0 ms,21
2026-05-09,DOWNLOAD_SELF_SIGN_DOCUMENT,IOS,6.7.0,= 0 ms,30
2026-05-09,DOCUMENT_SELECTION_ISSUED_LIST,IOS,6.7.0,= 0 ms,7
2026-05-09,ISSUED_DOCUMENT_EVIDENCE,IOS,6.6.1,= 0 ms,123
2026-05-09,ISSUED_DOCUMENT_DETAILS,IOS,6.6.2,= 0 ms,194
2026-05-09,ISSUED_DOCUMENT_EVIDENCE,IOS,6.6.2,= 0 ms,1164
2026-05-09,DOCUMENTS_LIST,IOS,6.7.0,= 0 ms,21823
2026-05-09,DOCUMENTS_LIST,IOS,6.5.0,= 0 ms,386
2026-05-09,DOCUMENTS_LIST,IOS,6.6.0,= 0 ms,808
2026-05-09,ISSUED_DOCUMENT_DETAILS,IOS,6.5.0,= 0 ms,37
2026-05-09,ISSUED_DOCUMENT_EVIDENCE,IOS,6.6.0,= 0 ms,497
2026-05-09,ISSUED_DOCUMENT_DETAILS,IOS,6.7.0,= 0 ms,2885
2026-05-09,DOCUMENT_SELECTION_UPLOADED_LIST,IOS,6.7.0,= 0 ms,9
2026-05-09,ISSUERS_LIST,IOS,6.7.0,= 0 ms,1987
2026-05-09,DOCUMENTS_LIST,IOS,6.6.1,= 0 ms,172
2026-05-09,UPLOADED_DOCUMENT_EVIDENCE,IOS,6.7.0,= 0 ms,121
2026-05-10,DOWNLOAD_DOCUMENT,IOS,6.7.0,10000+ ms,15
2026-05-10,ISSUED_DOCUMENT_DETAILS,IOS,6.6.0,10000+ ms,47
2026-05-10,DOWNLOAD_SELF_SIGN_DOCUMENT,IOS,6.7.0,10000+ ms,5
2026-05-10,ACTIONABLE_NOTIFICATION_DETAILS,IOS,6.7.0,10000+ ms,2670
2026-05-10,UPLOADED_DOCUMENT_EVIDENCE,IOS,6.7.0,10000+ ms,19
2026-05-10,ISSUED_DOCUMENT_EVIDENCE,IOS,6.5.0,10000+ ms,7
2026-05-10,NOTIFICATIONS_LIST,IOS,6.7.0,10000+ ms,244
2026-05-10,ISSUED_DOCUMENT_DETAILS,IOS,6.6.1,10000+ ms,16
2026-05-10,DOCUMENT_SELECTION_ISSUED_LIST,IOS,6.7.0,10000+ ms,23
2026-05-10,DOCUMENTS_LIST,IOS,6.7.0,10000+ ms,367
2026-05-10,ISSUED_DOCUMENT_EVIDENCE,IOS,6.7.0,10000+ ms,1603
2026-05-10,DOCUMENTS_LIST,IOS,6.5.0,10000+ ms,8
2026-05-10,ISSUED_DOCUMENT_DETAILS,IOS,6.7.0,10000+ ms,1142
2026-05-10,DOCUMENT_SELECTION_UPLOADED_LIST,IOS,6.7.0,10000+ ms,2
2026-05-10,SHARE_DOCUMENT,IOS,6.7.0,10000+ ms,36
2026-05-10,ISSUERS_LIST,IOS,6.7.0,10000+ ms,136
2026-05-10,DOCUMENTS_LIST,IOS,6.6.2,10000+ ms,41
2026-05-10,DOCUMENTS_LIST,IOS,6.6.0,10000+ ms,28
2026-05-10,QR_VERIFICATION,IOS,6.7.0,10000+ ms,157
2026-05-10,ISSUED_DOCUMENT_EVIDENCE,IOS,6.6.2,10000+ ms,24
2026-05-10,DOCUMENTS_LIST,IOS,6.6.1,10000+ ms,9
2026-05-10,NON_ACTIONABLE_NOTIFICATION_DETAILS,IOS,6.7.0,10000+ ms,80
2026-05-10,ISSUED_DOCUMENT_DETAILS,IOS,6.5.0,10000+ ms,16
2026-05-10,ISSUED_DOCUMENT_EVIDENCE,IOS,6.6.0,10000+ ms,16
2026-05-10,ISSUED_DOCUMENT_EVIDENCE,IOS,6.6.1,10000+ ms,4
2026-05-10,ISSUED_DOCUMENT_DETAILS,IOS,6.6.2,10000+ ms,81
2026-05-10,ISSUED_DOCUMENT_EVIDENCE,IOS,6.5.0,1001-5000 ms,9
2026-05-10,NON_ACTIONABLE_NOTIFICATION_DETAILS,IOS,6.7.0,1001-5000 ms,737
2026-05-10,ISSUED_DOCUMENT_EVIDENCE,IOS,6.6.1,1001-5000 ms,11
2026-05-10,SHARE_DOCUMENT,IOS,6.7.0,1001-5000 ms,98
2026-05-10,DOCUMENTS_LIST,IOS,6.7.0,1001-5000 ms,4339
2026-05-10,DOCUMENTS_LIST,IOS,6.6.2,1001-5000 ms,451
2026-05-10,NOTIFICATIONS_LIST,IOS,6.7.0,1001-5000 ms,2701
2026-05-10,QR_VERIFICATION,IOS,6.7.0,1001-5000 ms,258
2026-05-10,ISSUED_DOCUMENT_DETAILS,IOS,6.6.2,1001-5000 ms,138
2026-05-10,ISSUED_DOCUMENT_EVIDENCE,IOS,6.7.0,1001-5000 ms,7054
2026-05-10,DOCUMENTS_LIST,IOS,6.5.0,1001-5000 ms,99
2026-05-10,DOCUMENTS_LIST,IOS,6.6.0,1001-5000 ms,286
2026-05-10,UPLOADED_DOCUMENT_EVIDENCE,IOS,6.7.0,1001-5000 ms,152
2026-05-10,ACTIONABLE_NOTIFICATION_DETAILS,IOS,6.7.0,1001-5000 ms,7808
2026-05-10,DOWNLOAD_SELF_SIGN_DOCUMENT,IOS,6.7.0,1001-5000 ms,11
2026-05-10,ISSUED_DOCUMENT_DETAILS,IOS,6.5.0,1001-5000 ms,25
2026-05-10,ISSUED_DOCUMENT_EVIDENCE,IOS,6.6.0,1001-5000 ms,20
2026-05-10,ISSUED_DOCUMENT_DETAILS,IOS,6.6.0,1001-5000 ms,84
2026-05-10,ISSUED_DOCUMENT_DETAILS,IOS,6.7.0,1001-5000 ms,1763
2026-05-10,ISSUERS_LIST,IOS,6.7.0,1001-5000 ms,13600
2026-05-10,ISSUED_DOCUMENT_EVIDENCE,IOS,6.6.2,1001-5000 ms,41
2026-05-10,DOCUMENT_SELECTION_ISSUED_LIST,IOS,6.7.0,1001-5000 ms,21
2026-05-10,DOWNLOAD_DOCUMENT,IOS,6.7.0,1001-5000 ms,91
2026-05-10,DOCUMENTS_LIST,IOS,6.6.1,1001-5000 ms,68
2026-05-10,ISSUED_DOCUMENT_DETAILS,IOS,6.6.1,1001-5000 ms,18
2026-05-10,ISSUED_DOCUMENT_EVIDENCE,IOS,6.6.0,5001-10000 ms,7
2026-05-10,ISSUERS_LIST,IOS,6.7.0,5001-10000 ms,211
2026-05-10,DOWNLOAD_DOCUMENT,IOS,6.7.0,5001-10000 ms,15
2026-05-10,DOWNLOAD_SELF_SIGN_DOCUMENT,IOS,6.7.0,5001-10000 ms,2
2026-05-10,ISSUED_DOCUMENT_DETAILS,IOS,6.5.0,5001-10000 ms,8
2026-05-10,SHARE_DOCUMENT,IOS,6.7.0,5001-10000 ms,17
2026-05-10,ISSUED_DOCUMENT_DETAILS,IOS,6.6.1,5001-10000 ms,4
2026-05-10,ISSUED_DOCUMENT_EVIDENCE,IOS,6.7.0,5001-10000 ms,1719
2026-05-10,DOCUMENTS_LIST,IOS,6.7.0,5001-10000 ms,561
2026-05-10,ISSUED_DOCUMENT_DETAILS,IOS,6.6.2,5001-10000 ms,33
2026-05-10,DOCUMENTS_LIST,IOS,6.5.0,5001-10000 ms,12
2026-05-10,NON_ACTIONABLE_NOTIFICATION_DETAILS,IOS,6.7.0,5001-10000 ms,78
2026-05-10,ACTIONABLE_NOTIFICATION_DETAILS,IOS,6.7.0,5001-10000 ms,12738
2026-05-10,ISSUED_DOCUMENT_DETAILS,IOS,6.6.0,5001-10000 ms,18
2026-05-10,DOCUMENTS_LIST,IOS,6.6.1,5001-10000 ms,12
2026-05-10,ISSUED_DOCUMENT_DETAILS,IOS,6.7.0,5001-10000 ms,466
2026-05-10,QR_VERIFICATION,IOS,6.7.0,5001-10000 ms,45
2026-05-10,DOCUMENTS_LIST,IOS,6.6.0,5001-10000 ms,50
2026-05-10,UPLOADED_DOCUMENT_EVIDENCE,IOS,6.7.0,5001-10000 ms,25
2026-05-10,DOCUMENTS_LIST,IOS,6.6.2,5001-10000 ms,75
2026-05-10,NOTIFICATIONS_LIST,IOS,6.7.0,5001-10000 ms,316
2026-05-10,DOCUMENT_SELECTION_ISSUED_LIST,IOS,6.7.0,5001-10000 ms,1
2026-05-10,ISSUED_DOCUMENT_EVIDENCE,IOS,6.6.2,5001-10000 ms,10
2026-05-10,DOWNLOAD_SELF_SIGN_DOCUMENT,IOS,6.7.0,501-1000 ms,39
2026-05-10,DOCUMENTS_LIST,IOS,6.6.2,501-1000 ms,1620
2026-05-10,ISSUED_DOCUMENT_DETAILS,IOS,6.6.2,501-1000 ms,490
2026-05-10,ISSUED_DOCUMENT_EVIDENCE,IOS,6.5.0,501-1000 ms,6
2026-05-10,SHARE_DOCUMENT,IOS,6.7.0,501-1000 ms,80
2026-05-10,QR_VERIFICATION,IOS,6.7.0,501-1000 ms,1251
2026-05-10,ISSUED_DOCUMENT_EVIDENCE,IOS,6.6.2,501-1000 ms,19
2026-05-10,ISSUED_DOCUMENT_EVIDENCE,IOS,6.7.0,501-1000 ms,790
2026-05-10,DOCUMENT_SELECTION_ISSUED_LIST,IOS,6.7.0,501-1000 ms,34
2026-05-10,ISSUED_DOCUMENT_DETAILS,IOS,6.6.1,501-1000 ms,73
2026-05-10,ISSUED_DOCUMENT_DETAILS,IOS,6.6.0,501-1000 ms,272
2026-05-10,UPLOADED_DOCUMENT_EVIDENCE,IOS,6.7.0,501-1000 ms,290
2026-05-10,NOTIFICATIONS_LIST,IOS,6.7.0,501-1000 ms,12448
2026-05-10,DOCUMENT_SELECTION_UPLOADED_LIST,IOS,6.7.0,501-1000 ms,1
2026-05-10,DOCUMENTS_LIST,IOS,6.6.0,501-1000 ms,953
2026-05-10,ACTIONABLE_NOTIFICATION_DETAILS,IOS,6.7.0,501-1000 ms,639
2026-05-10,ISSUED_DOCUMENT_DETAILS,IOS,6.7.0,501-1000 ms,7461
2026-05-10,ISSUERS_LIST,IOS,6.7.0,501-1000 ms,2573
2026-05-10,DOWNLOAD_DOCUMENT,IOS,6.7.0,501-1000 ms,79
2026-05-10,DOCUMENTS_LIST,IOS,6.6.1,501-1000 ms,217
2026-05-10,DOCUMENTS_LIST,IOS,6.7.0,501-1000 ms,20117
2026-05-10,ISSUED_DOCUMENT_EVIDENCE,IOS,6.6.0,501-1000 ms,12
2026-05-10,ISSUED_DOCUMENT_DETAILS,IOS,6.5.0,501-1000 ms,128
2026-05-10,DOCUMENTS_LIST,IOS,6.5.0,501-1000 ms,383
2026-05-10,NON_ACTIONABLE_NOTIFICATION_DETAILS,IOS,6.7.0,501-1000 ms,6586
2026-05-10,ACTIONABLE_NOTIFICATION_DETAILS,IOS,6.7.0,< 0 ms,14
2026-05-10,ISSUED_DOCUMENT_EVIDENCE,IOS,6.5.0,< 0 ms,1
2026-05-10,DOCUMENTS_LIST,IOS,6.5.0,= 0 ms,297
2026-05-10,NOTIFICATIONS_LIST,IOS,6.7.0,= 0 ms,29312
2026-05-10,ISSUED_DOCUMENT_DETAILS,IOS,6.6.0,= 0 ms,70
2026-05-10,ISSUED_DOCUMENT_EVIDENCE,IOS,6.7.0,= 0 ms,171
2026-05-10,DOWNLOAD_SELF_SIGN_DOCUMENT,IOS,6.7.0,= 0 ms,23
2026-05-10,ACTIONABLE_NOTIFICATION_DETAILS,IOS,6.7.0,= 0 ms,1721
2026-05-10,ISSUED_DOCUMENT_DETAILS,IOS,6.6.1,= 0 ms,15
2026-05-10,ISSUED_DOCUMENT_EVIDENCE,IOS,6.6.2,= 0 ms,720
2026-05-10,DOCUMENT_SELECTION_UPLOADED_LIST,IOS,6.7.0,= 0 ms,5
2026-05-10,ISSUED_DOCUMENT_DETAILS,IOS,6.7.0,= 0 ms,2417
2026-05-10,DOCUMENTS_LIST,IOS,6.6.2,= 0 ms,1276
2026-05-10,DOCUMENT_SELECTION_ISSUED_LIST,IOS,6.7.0,= 0 ms,7
2026-05-10,ISSUED_DOCUMENT_DETAILS,IOS,6.5.0,= 0 ms,30
2026-05-10,QR_VERIFICATION,IOS,6.7.0,= 0 ms,473
2026-05-10,DOCUMENTS_LIST,IOS,6.6.1,= 0 ms,138
2026-05-10,UPLOADED_DOCUMENT_EVIDENCE,IOS,6.7.0,= 0 ms,86
2026-05-10,ISSUED_DOCUMENT_EVIDENCE,IOS,6.6.1,= 0 ms,102
2026-05-10,DOWNLOAD_DOCUMENT,IOS,6.7.0,= 0 ms,6
2026-05-10,ISSUED_DOCUMENT_EVIDENCE,IOS,6.6.0,= 0 ms,407
2026-05-10,DOCUMENTS_LIST,IOS,6.7.0,= 0 ms,18253
2026-05-10,DOCUMENTS_LIST,IOS,6.6.0,= 0 ms,715
2026-05-10,NON_ACTIONABLE_NOTIFICATION_DETAILS,IOS,6.7.0,= 0 ms,15936
2026-05-10,ISSUED_DOCUMENT_DETAILS,IOS,6.6.2,= 0 ms,117
2026-05-10,ISSUED_DOCUMENT_EVIDENCE,IOS,6.5.0,= 0 ms,171
2026-05-10,ISSUERS_LIST,IOS,6.7.0,= 0 ms,1931
2026-05-11,DOCUMENTS_LIST,IOS,6.7.0,10000+ ms,1295
2026-05-11,ISSUED_DOCUMENT_EVIDENCE,IOS,6.6.0,10000+ ms,44
2026-05-11,NOTIFICATIONS_LIST,IOS,6.7.0,10000+ ms,899
2026-05-11,ACTIONABLE_NOTIFICATION_DETAILS,IOS,6.7.0,10000+ ms,3692
2026-05-11,QR_VERIFICATION,IOS,6.7.0,10000+ ms,281
2026-05-11,ISSUED_DOCUMENT_EVIDENCE,IOS,6.7.0,10000+ ms,4008
2026-05-11,NON_ACTIONABLE_NOTIFICATION_DETAILS,IOS,6.7.0,10000+ ms,225
2026-05-11,ISSUERS_LIST,IOS,6.7.0,10000+ ms,451
2026-05-11,DOCUMENTS_LIST,IOS,6.6.0,10000+ ms,62
2026-05-11,SHARE_DOCUMENT,IOS,6.7.0,10000+ ms,83
2026-05-11,ISSUED_DOCUMENT_DETAILS,IOS,6.5.0,10000+ ms,34
2026-05-11,DOCUMENTS_LIST,IOS,6.6.1,10000+ ms,12
2026-05-11,ISSUED_DOCUMENT_DETAILS,IOS,6.6.0,10000+ ms,77
2026-05-11,DOWNLOAD_DOCUMENT,IOS,6.7.0,10000+ ms,51
2026-05-11,ISSUED_DOCUMENT_DETAILS,IOS,6.6.1,10000+ ms,15
2026-05-11,DOCUMENTS_LIST,IOS,6.5.0,10000+ ms,28
2026-05-11,DOCUMENT_SELECTION_UPLOADED_LIST,IOS,6.7.0,10000+ ms,1
2026-05-11,DOCUMENT_SELECTION_ISSUED_LIST,IOS,6.7.0,10000+ ms,28
2026-05-11,DOWNLOAD_SELF_SIGN_DOCUMENT,IOS,6.7.0,10000+ ms,32
2026-05-11,ISSUED_DOCUMENT_DETAILS,IOS,6.6.2,10000+ ms,104
2026-05-11,ISSUED_DOCUMENT_DETAILS,IOS,6.7.0,10000+ ms,2136
2026-05-11,ISSUED_DOCUMENT_EVIDENCE,IOS,6.5.0,10000+ ms,20
2026-05-11,UPLOADED_DOCUMENT_EVIDENCE,IOS,6.7.0,10000+ ms,50
2026-05-11,ISSUED_DOCUMENT_EVIDENCE,IOS,6.6.2,10000+ ms,80
2026-05-11,DOCUMENTS_LIST,IOS,6.6.2,10000+ ms,101
2026-05-11,ISSUED_DOCUMENT_EVIDENCE,IOS,6.6.1,10000+ ms,11
2026-05-11,DOCUMENT_SELECTION_ISSUED_LIST,IOS,6.7.0,1001-5000 ms,18
2026-05-11,UPLOADED_DOCUMENT_EVIDENCE,IOS,6.7.0,1001-5000 ms,255
2026-05-11,DOCUMENTS_LIST,IOS,6.6.2,1001-5000 ms,636
2026-05-11,ISSUED_DOCUMENT_DETAILS,IOS,6.6.0,1001-5000 ms,138
2026-05-11,DOCUMENTS_LIST,IOS,6.6.0,1001-5000 ms,390
2026-05-11,QR_VERIFICATION,IOS,6.7.0,1001-5000 ms,534
2026-05-11,ISSUED_DOCUMENT_EVIDENCE,IOS,6.5.0,1001-5000 ms,9
2026-05-11,ISSUED_DOCUMENT_EVIDENCE,IOS,6.6.0,1001-5000 ms,28
2026-05-11,NOTIFICATIONS_LIST,IOS,6.7.0,1001-5000 ms,4650
2026-05-11,ISSUED_DOCUMENT_EVIDENCE,IOS,6.6.1,1001-5000 ms,5
2026-05-11,DOCUMENTS_LIST,IOS,6.5.0,1001-5000 ms,173
2026-05-11,ISSUED_DOCUMENT_EVIDENCE,IOS,6.7.0,1001-5000 ms,10572
2026-05-11,DOWNLOAD_SELF_SIGN_DOCUMENT,IOS,6.7.0,1001-5000 ms,28
2026-05-11,ISSUED_DOCUMENT_EVIDENCE,IOS,6.6.2,1001-5000 ms,41
2026-05-11,NON_ACTIONABLE_NOTIFICATION_DETAILS,IOS,6.7.0,1001-5000 ms,1304
2026-05-11,ISSUERS_LIST,IOS,6.7.0,1001-5000 ms,25457
2026-05-11,DOCUMENTS_LIST,IOS,6.6.1,1001-5000 ms,52
2026-05-11,DOCUMENTS_LIST,IOS,6.7.0,1001-5000 ms,6810
2026-05-11,ISSUED_DOCUMENT_DETAILS,IOS,6.6.1,1001-5000 ms,22
2026-05-11,ISSUED_DOCUMENT_DETAILS,IOS,6.6.2,1001-5000 ms,212
2026-05-11,SHARE_DOCUMENT,IOS,6.7.0,1001-5000 ms,159
2026-05-11,ISSUED_DOCUMENT_DETAILS,IOS,6.7.0,1001-5000 ms,3348
2026-05-11,ACTIONABLE_NOTIFICATION_DETAILS,IOS,6.7.0,1001-5000 ms,10983
2026-05-11,DOWNLOAD_DOCUMENT,IOS,6.7.0,1001-5000 ms,168
2026-05-11,ISSUED_DOCUMENT_DETAILS,IOS,6.5.0,1001-5000 ms,54
2026-05-11,ISSUED_DOCUMENT_EVIDENCE,IOS,6.6.1,5001-10000 ms,7
2026-05-11,DOCUMENT_SELECTION_ISSUED_LIST,IOS,6.7.0,5001-10000 ms,2
2026-05-11,DOWNLOAD_DOCUMENT,IOS,6.7.0,5001-10000 ms,24
2026-05-11,ISSUED_DOCUMENT_DETAILS,IOS,6.6.0,5001-10000 ms,29
2026-05-11,ISSUED_DOCUMENT_EVIDENCE,IOS,6.7.0,5001-10000 ms,3098
2026-05-11,UPLOADED_DOCUMENT_EVIDENCE,IOS,6.7.0,5001-10000 ms,44
2026-05-11,ISSUED_DOCUMENT_EVIDENCE,IOS,6.5.0,5001-10000 ms,3
2026-05-11,ISSUED_DOCUMENT_EVIDENCE,IOS,6.6.2,5001-10000 ms,5
2026-05-11,ISSUED_DOCUMENT_EVIDENCE,IOS,6.6.0,5001-10000 ms,4
2026-05-11,ISSUERS_LIST,IOS,6.7.0,5001-10000 ms,636
2026-05-11,ISSUED_DOCUMENT_DETAILS,IOS,6.7.0,5001-10000 ms,918
2026-05-11,QR_VERIFICATION,IOS,6.7.0,5001-10000 ms,109
2026-05-11,NON_ACTIONABLE_NOTIFICATION_DETAILS,IOS,6.7.0,5001-10000 ms,171
2026-05-11,ISSUED_DOCUMENT_DETAILS,IOS,6.6.2,5001-10000 ms,50
2026-05-11,ISSUED_DOCUMENT_DETAILS,IOS,6.6.1,5001-10000 ms,5
2026-05-11,DOWNLOAD_SELF_SIGN_DOCUMENT,IOS,6.7.0,5001-10000 ms,10
2026-05-11,DOCUMENTS_LIST,IOS,6.6.0,5001-10000 ms,51
2026-05-11,NOTIFICATIONS_LIST,IOS,6.7.0,5001-10000 ms,800
2026-05-11,ISSUED_DOCUMENT_DETAILS,IOS,6.5.0,5001-10000 ms,11
2026-05-11,DOCUMENTS_LIST,IOS,6.7.0,5001-10000 ms,1072
2026-05-11,ACTIONABLE_NOTIFICATION_DETAILS,IOS,6.7.0,5001-10000 ms,13988
2026-05-11,DOCUMENTS_LIST,IOS,6.6.2,5001-10000 ms,102
2026-05-11,DOCUMENTS_LIST,IOS,6.6.1,5001-10000 ms,10
2026-05-11,DOCUMENTS_LIST,IOS,6.5.0,5001-10000 ms,30
2026-05-11,SHARE_DOCUMENT,IOS,6.7.0,5001-10000 ms,40
2026-05-11,ISSUED_DOCUMENT_EVIDENCE,IOS,6.5.0,501-1000 ms,6
2026-05-11,ISSUED_DOCUMENT_EVIDENCE,IOS,6.6.0,501-1000 ms,13
2026-05-11,DOWNLOAD_DOCUMENT,IOS,6.7.0,501-1000 ms,113
2026-05-11,ISSUED_DOCUMENT_EVIDENCE,IOS,6.6.1,501-1000 ms,5
2026-05-11,ISSUED_DOCUMENT_DETAILS,IOS,6.6.1,501-1000 ms,90
2026-05-11,NOTIFICATIONS_LIST,IOS,6.7.0,501-1000 ms,23124
2026-05-11,DOCUMENTS_LIST,IOS,6.6.2,501-1000 ms,2309
2026-05-11,DOCUMENTS_LIST,IOS,6.6.1,501-1000 ms,276
2026-05-11,ISSUED_DOCUMENT_DETAILS,IOS,6.5.0,501-1000 ms,171
2026-05-11,ISSUED_DOCUMENT_DETAILS,IOS,6.6.0,501-1000 ms,363
2026-05-11,SHARE_DOCUMENT,IOS,6.7.0,501-1000 ms,103
2026-05-11,ACTIONABLE_NOTIFICATION_DETAILS,IOS,6.7.0,501-1000 ms,1128
2026-05-11,DOCUMENTS_LIST,IOS,6.7.0,501-1000 ms,34134
2026-05-11,ISSUED_DOCUMENT_EVIDENCE,IOS,6.6.2,501-1000 ms,17
2026-05-11,UPLOADED_DOCUMENT_EVIDENCE,IOS,6.7.0,501-1000 ms,438
2026-05-11,DOWNLOAD_SELF_SIGN_DOCUMENT,IOS,6.7.0,501-1000 ms,77
2026-05-11,NON_ACTIONABLE_NOTIFICATION_DETAILS,IOS,6.7.0,501-1000 ms,11525
2026-05-11,ISSUED_DOCUMENT_EVIDENCE,IOS,6.7.0,501-1000 ms,890
2026-05-11,DOCUMENTS_LIST,IOS,6.6.0,501-1000 ms,1394
2026-05-11,ISSUED_DOCUMENT_DETAILS,IOS,6.6.2,501-1000 ms,577
2026-05-11,DOCUMENTS_LIST,IOS,6.5.0,501-1000 ms,590
2026-05-11,QR_VERIFICATION,IOS,6.7.0,501-1000 ms,2325
2026-05-11,ISSUERS_LIST,IOS,6.7.0,501-1000 ms,661
2026-05-11,ISSUED_DOCUMENT_DETAILS,IOS,6.7.0,501-1000 ms,11493
2026-05-11,DOCUMENT_SELECTION_ISSUED_LIST,IOS,6.7.0,501-1000 ms,48
2026-05-11,DOCUMENTS_LIST,IOS,6.7.0,< 0 ms,3
2026-05-11,ISSUED_DOCUMENT_EVIDENCE,IOS,6.6.2,< 0 ms,3
2026-05-11,ISSUED_DOCUMENT_EVIDENCE,IOS,6.7.0,< 0 ms,3
2026-05-11,ISSUED_DOCUMENT_EVIDENCE,IOS,6.5.0,< 0 ms,1
2026-05-11,ISSUED_DOCUMENT_EVIDENCE,IOS,6.6.0,< 0 ms,1
2026-05-11,ACTIONABLE_NOTIFICATION_DETAILS,IOS,6.7.0,< 0 ms,24
2026-05-11,DOCUMENT_SELECTION_UPLOADED_LIST,IOS,6.7.0,= 0 ms,2
2026-05-11,ISSUED_DOCUMENT_EVIDENCE,IOS,6.6.1,= 0 ms,127
2026-05-11,ISSUED_DOCUMENT_DETAILS,IOS,6.6.2,= 0 ms,153
2026-05-11,DOCUMENTS_LIST,IOS,6.6.2,= 0 ms,1634
2026-05-11,QR_VERIFICATION,IOS,6.7.0,= 0 ms,720
2026-05-11,DOCUMENTS_LIST,IOS,6.5.0,= 0 ms,495
2026-05-11,DOWNLOAD_SELF_SIGN_DOCUMENT,IOS,6.7.0,= 0 ms,75
2026-05-11,DOWNLOAD_DOCUMENT,IOS,6.7.0,= 0 ms,12
2026-05-11,DOCUMENTS_LIST,IOS,6.6.0,= 0 ms,1106
2026-05-11,DOCUMENTS_LIST,IOS,6.6.1,= 0 ms,174
2026-05-11,NON_ACTIONABLE_NOTIFICATION_DETAILS,IOS,6.7.0,= 0 ms,27108
2026-05-11,ISSUERS_LIST,IOS,6.7.0,= 0 ms,3791
2026-05-11,ACTIONABLE_NOTIFICATION_DETAILS,IOS,6.7.0,= 0 ms,2624
2026-05-11,ISSUED_DOCUMENT_DETAILS,IOS,6.6.0,= 0 ms,71
2026-05-11,ISSUED_DOCUMENT_DETAILS,IOS,6.7.0,= 0 ms,3280
2026-05-11,NOTIFICATIONS_LIST,IOS,6.7.0,= 0 ms,51929
2026-05-11,DOCUMENTS_LIST,IOS,6.7.0,= 0 ms,28719
2026-05-11,DOCUMENT_SELECTION_ISSUED_LIST,IOS,6.7.0,= 0 ms,11
2026-05-11,ISSUED_DOCUMENT_EVIDENCE,IOS,6.6.2,= 0 ms,894
2026-05-11,ISSUED_DOCUMENT_DETAILS,IOS,6.6.1,= 0 ms,16
2026-05-11,ISSUED_DOCUMENT_DETAILS,IOS,6.5.0,= 0 ms,46
2026-05-11,UPLOADED_DOCUMENT_EVIDENCE,IOS,6.7.0,= 0 ms,137
2026-05-11,ISSUED_DOCUMENT_EVIDENCE,IOS,6.7.0,= 0 ms,425
2026-05-11,ISSUED_DOCUMENT_EVIDENCE,IOS,6.5.0,= 0 ms,277
2026-05-11,SHARE_DOCUMENT,IOS,6.7.0,= 0 ms,14
2026-05-11,ISSUED_DOCUMENT_EVIDENCE,IOS,6.6.0,= 0 ms,553
2026-05-12,NOTIFICATIONS_LIST,IOS,6.7.0,10000+ ms,537
2026-05-12,ISSUED_DOCUMENT_DETAILS,IOS,6.6.0,10000+ ms,76
2026-05-12,DOCUMENTS_LIST,IOS,6.5.0,10000+ ms,21
2026-05-12,DOWNLOAD_SELF_SIGN_DOCUMENT,IOS,6.7.0,10000+ ms,30
2026-05-12,DOCUMENT_SELECTION_ISSUED_LIST,IOS,6.7.0,10000+ ms,26
2026-05-12,ISSUERS_LIST,IOS,6.7.0,10000+ ms,242
2026-05-12,ISSUED_DOCUMENT_EVIDENCE,IOS,6.6.0,10000+ ms,42
2026-05-12,DOCUMENTS_LIST,IOS,6.7.0,10000+ ms,753
2026-05-12,ISSUED_DOCUMENT_DETAILS,IOS,6.7.0,10000+ ms,2031
2026-05-12,ACTIONABLE_NOTIFICATION_DETAILS,IOS,6.7.0,10000+ ms,3606
2026-05-12,DOWNLOAD_DOCUMENT,IOS,6.7.0,10000+ ms,53
2026-05-12,NON_ACTIONABLE_NOTIFICATION_DETAILS,IOS,6.7.0,10000+ ms,152
2026-05-12,ISSUED_DOCUMENT_EVIDENCE,IOS,6.6.2,10000+ ms,58
2026-05-12,ISSUED_DOCUMENT_EVIDENCE,IOS,6.7.0,10000+ ms,4019
2026-05-12,DOCUMENTS_LIST,IOS,6.6.0,10000+ ms,40
2026-05-12,ISSUED_DOCUMENT_EVIDENCE,IOS,6.5.0,10000+ ms,10
2026-05-12,UPLOADED_DOCUMENT_EVIDENCE,IOS,6.7.0,10000+ ms,54
2026-05-12,QR_VERIFICATION,IOS,6.7.0,10000+ ms,270
2026-05-12,ISSUED_DOCUMENT_EVIDENCE,IOS,6.6.1,10000+ ms,16
2026-05-12,SHARE_DOCUMENT,IOS,6.7.0,10000+ ms,83
2026-05-12,DOCUMENTS_LIST,IOS,6.6.2,10000+ ms,51
2026-05-12,ISSUED_DOCUMENT_DETAILS,IOS,6.6.2,10000+ ms,101
2026-05-12,ISSUED_DOCUMENT_DETAILS,IOS,6.6.1,10000+ ms,14
2026-05-12,DOCUMENT_SELECTION_UPLOADED_LIST,IOS,6.7.0,10000+ ms,1
2026-05-12,DOCUMENTS_LIST,IOS,6.6.1,10000+ ms,4
2026-05-12,ISSUED_DOCUMENT_DETAILS,IOS,6.5.0,10000+ ms,26
2026-05-12,SHARE_DOCUMENT,IOS,6.7.0,1001-5000 ms,205
2026-05-12,ISSUED_DOCUMENT_EVIDENCE,IOS,6.6.1,1001-5000 ms,11
2026-05-12,ISSUED_DOCUMENT_DETAILS,IOS,6.6.1,1001-5000 ms,32
2026-05-12,ISSUED_DOCUMENT_DETAILS,IOS,6.7.0,1001-5000 ms,3431
2026-05-12,ISSUED_DOCUMENT_EVIDENCE,IOS,6.5.0,1001-5000 ms,10
2026-05-12,DOCUMENTS_LIST,IOS,6.6.0,1001-5000 ms,392
2026-05-12,NOTIFICATIONS_LIST,IOS,6.7.0,1001-5000 ms,5067
2026-05-12,NON_ACTIONABLE_NOTIFICATION_DETAILS,IOS,6.7.0,1001-5000 ms,1261
2026-05-12,ACTIONABLE_NOTIFICATION_DETAILS,IOS,6.7.0,1001-5000 ms,12758
2026-05-12,DOCUMENTS_LIST,IOS,6.6.1,1001-5000 ms,106
2026-05-12,ISSUED_DOCUMENT_DETAILS,IOS,6.6.0,1001-5000 ms,151
2026-05-12,DOWNLOAD_SELF_SIGN_DOCUMENT,IOS,6.7.0,1001-5000 ms,36
2026-05-12,ISSUED_DOCUMENT_DETAILS,IOS,6.6.2,1001-5000 ms,196
2026-05-12,QR_VERIFICATION,IOS,6.7.0,1001-5000 ms,633
2026-05-12,ISSUED_DOCUMENT_EVIDENCE,IOS,6.6.0,1001-5000 ms,32
2026-05-12,DOWNLOAD_DOCUMENT,IOS,6.7.0,1001-5000 ms,203
2026-05-12,ISSUERS_LIST,IOS,6.7.0,1001-5000 ms,28467
2026-05-12,DOCUMENTS_LIST,IOS,6.7.0,1001-5000 ms,7339
2026-05-12,DOCUMENT_SELECTION_ISSUED_LIST,IOS,6.7.0,1001-5000 ms,15
2026-05-12,ISSUED_DOCUMENT_EVIDENCE,IOS,6.6.2,1001-5000 ms,42
2026-05-12,DOCUMENTS_LIST,IOS,6.6.2,1001-5000 ms,533
2026-05-12,ISSUED_DOCUMENT_DETAILS,IOS,6.5.0,1001-5000 ms,52
2026-05-12,DOCUMENTS_LIST,IOS,6.5.0,1001-5000 ms,136
2026-05-12,UPLOADED_DOCUMENT_EVIDENCE,IOS,6.7.0,1001-5000 ms,288
2026-05-12,ISSUED_DOCUMENT_EVIDENCE,IOS,6.7.0,1001-5000 ms,11273
2026-05-12,ISSUED_DOCUMENT_EVIDENCE,IOS,6.6.1,5001-10000 ms,5
2026-05-12,ACTIONABLE_NOTIFICATION_DETAILS,IOS,6.7.0,5001-10000 ms,17398
2026-05-12,DOCUMENTS_LIST,IOS,6.6.2,5001-10000 ms,95
2026-05-12,NON_ACTIONABLE_NOTIFICATION_DETAILS,IOS,6.7.0,5001-10000 ms,102
2026-05-12,DOWNLOAD_SELF_SIGN_DOCUMENT,IOS,6.7.0,5001-10000 ms,14
2026-05-12,ISSUERS_LIST,IOS,6.7.0,5001-10000 ms,653
2026-05-12,QR_VERIFICATION,IOS,6.7.0,5001-10000 ms,107
2026-05-12,ISSUED_DOCUMENT_DETAILS,IOS,6.6.1,5001-10000 ms,7
2026-05-12,ISSUED_DOCUMENT_EVIDENCE,IOS,6.7.0,5001-10000 ms,3304
2026-05-12,DOWNLOAD_DOCUMENT,IOS,6.7.0,5001-10000 ms,46
2026-05-12,ISSUED_DOCUMENT_DETAILS,IOS,6.7.0,5001-10000 ms,897
2026-05-12,DOCUMENTS_LIST,IOS,6.6.1,5001-10000 ms,11
2026-05-12,ISSUED_DOCUMENT_DETAILS,IOS,6.5.0,5001-10000 ms,10
2026-05-12,DOCUMENTS_LIST,IOS,6.6.0,5001-10000 ms,63
2026-05-12,ISSUED_DOCUMENT_DETAILS,IOS,6.6.0,5001-10000 ms,33
2026-05-12,DOCUMENTS_LIST,IOS,6.7.0,5001-10000 ms,906
2026-05-12,NOTIFICATIONS_LIST,IOS,6.7.0,5001-10000 ms,670
2026-05-12,DOCUMENTS_LIST,IOS,6.5.0,5001-10000 ms,16
2026-05-12,DOCUMENT_SELECTION_ISSUED_LIST,IOS,6.7.0,5001-10000 ms,3
2026-05-12,ISSUED_DOCUMENT_EVIDENCE,IOS,6.6.0,5001-10000 ms,7
2026-05-12,SHARE_DOCUMENT,IOS,6.7.0,5001-10000 ms,45
2026-05-12,ISSUED_DOCUMENT_DETAILS,IOS,6.6.2,5001-10000 ms,38
2026-05-12,UPLOADED_DOCUMENT_EVIDENCE,IOS,6.7.0,5001-10000 ms,48
2026-05-12,ISSUED_DOCUMENT_EVIDENCE,IOS,6.6.2,5001-10000 ms,12
2026-05-12,ACTIONABLE_NOTIFICATION_DETAILS,IOS,6.7.0,501-1000 ms,1177
2026-05-12,ISSUED_DOCUMENT_EVIDENCE,IOS,6.5.0,501-1000 ms,7
2026-05-12,SHARE_DOCUMENT,IOS,6.7.0,501-1000 ms,148
2026-05-12,ISSUED_DOCUMENT_EVIDENCE,IOS,6.7.0,501-1000 ms,1075
2026-05-12,DOCUMENTS_LIST,IOS,6.6.0,501-1000 ms,1520
2026-05-12,DOCUMENTS_LIST,IOS,6.7.0,501-1000 ms,37443
2026-05-12,DOCUMENTS_LIST,IOS,6.6.1,501-1000 ms,303
2026-05-12,DOWNLOAD_DOCUMENT,IOS,6.7.0,501-1000 ms,137
2026-05-12,ISSUED_DOCUMENT_EVIDENCE,IOS,6.6.0,501-1000 ms,11
2026-05-12,ISSUED_DOCUMENT_DETAILS,IOS,6.6.1,501-1000 ms,100
2026-05-12,ISSUED_DOCUMENT_DETAILS,IOS,6.6.2,501-1000 ms,566
2026-05-12,ISSUED_DOCUMENT_EVIDENCE,IOS,6.6.1,501-1000 ms,5
2026-05-12,UPLOADED_DOCUMENT_EVIDENCE,IOS,6.7.0,501-1000 ms,486
2026-05-12,DOCUMENT_SELECTION_ISSUED_LIST,IOS,6.7.0,501-1000 ms,47
2026-05-12,DOWNLOAD_SELF_SIGN_DOCUMENT,IOS,6.7.0,501-1000 ms,105
2026-05-12,QR_VERIFICATION,IOS,6.7.0,501-1000 ms,2484
2026-05-12,NOTIFICATIONS_LIST,IOS,6.7.0,501-1000 ms,25033
2026-05-12,ISSUERS_LIST,IOS,6.7.0,501-1000 ms,180
2026-05-12,ISSUED_DOCUMENT_DETAILS,IOS,6.5.0,501-1000 ms,139
2026-05-12,ISSUED_DOCUMENT_DETAILS,IOS,6.6.0,501-1000 ms,392
2026-05-12,ISSUED_DOCUMENT_EVIDENCE,IOS,6.6.2,501-1000 ms,20
2026-05-12,DOCUMENTS_LIST,IOS,6.5.0,501-1000 ms,607
2026-05-12,DOCUMENTS_LIST,IOS,6.6.2,501-1000 ms,2115
2026-05-12,ISSUED_DOCUMENT_DETAILS,IOS,6.7.0,501-1000 ms,12387
2026-05-12,NON_ACTIONABLE_NOTIFICATION_DETAILS,IOS,6.7.0,501-1000 ms,12075
2026-05-12,ACTIONABLE_NOTIFICATION_DETAILS,IOS,6.7.0,< 0 ms,21
2026-05-12,ISSUED_DOCUMENT_EVIDENCE,IOS,6.7.0,< 0 ms,4
2026-05-12,DOCUMENTS_LIST,IOS,6.7.0,< 0 ms,2
2026-05-12,ISSUED_DOCUMENT_EVIDENCE,IOS,6.6.0,< 0 ms,3
2026-05-12,SHARE_DOCUMENT,IOS,6.7.0,= 0 ms,11
2026-05-12,DOWNLOAD_DOCUMENT,IOS,6.7.0,= 0 ms,9
2026-05-12,ISSUED_DOCUMENT_DETAILS,IOS,6.6.2,= 0 ms,129
2026-05-12,QR_VERIFICATION,IOS,6.7.0,= 0 ms,818
2026-05-12,DOCUMENTS_LIST,IOS,6.5.0,= 0 ms,487
2026-05-12,ISSUED_DOCUMENT_EVIDENCE,IOS,6.5.0,= 0 ms,224
2026-05-12,ACTIONABLE_NOTIFICATION_DETAILS,IOS,6.7.0,= 0 ms,2683
2026-05-12,DOCUMENTS_LIST,IOS,6.6.1,= 0 ms,204
2026-05-12,ISSUED_DOCUMENT_DETAILS,IOS,6.6.0,= 0 ms,109
2026-05-12,ISSUED_DOCUMENT_DETAILS,IOS,6.7.0,= 0 ms,3560
2026-05-12,ISSUERS_LIST,IOS,6.7.0,= 0 ms,3839
2026-05-12,ISSUED_DOCUMENT_EVIDENCE,IOS,6.6.0,= 0 ms,618
2026-05-12,ISSUED_DOCUMENT_DETAILS,IOS,6.5.0,= 0 ms,45
2026-05-12,DOCUMENTS_LIST,IOS,6.7.0,= 0 ms,29907
2026-05-12,NOTIFICATIONS_LIST,IOS,6.7.0,= 0 ms,54618
2026-05-12,DOCUMENT_SELECTION_UPLOADED_LIST,IOS,6.7.0,= 0 ms,4
2026-05-12,ISSUED_DOCUMENT_DETAILS,IOS,6.6.1,= 0 ms,26
2026-05-12,ISSUED_DOCUMENT_EVIDENCE,IOS,6.6.1,= 0 ms,142
2026-05-12,DOCUMENTS_LIST,IOS,6.6.2,= 0 ms,1397
2026-05-12,DOCUMENTS_LIST,IOS,6.6.0,= 0 ms,1042
2026-05-12,NON_ACTIONABLE_NOTIFICATION_DETAILS,IOS,6.7.0,= 0 ms,28840
2026-05-12,DOCUMENT_SELECTION_ISSUED_LIST,IOS,6.7.0,= 0 ms,12
2026-05-12,DOWNLOAD_SELF_SIGN_DOCUMENT,IOS,6.7.0,= 0 ms,98
2026-05-12,ISSUED_DOCUMENT_EVIDENCE,IOS,6.6.2,= 0 ms,826
2026-05-12,UPLOADED_DOCUMENT_EVIDENCE,IOS,6.7.0,= 0 ms,161
2026-05-12,ISSUED_DOCUMENT_EVIDENCE,IOS,6.7.0,= 0 ms,442
2026-05-13,ISSUED_DOCUMENT_EVIDENCE,IOS,6.7.0,10000+ ms,4546
2026-05-13,ISSUED_DOCUMENT_DETAILS,IOS,6.6.1,10000+ ms,22
2026-05-13,DOCUMENT_SELECTION_UPLOADED_LIST,IOS,6.7.0,10000+ ms,2
2026-05-13,DOCUMENTS_LIST,IOS,6.7.0,10000+ ms,757
2026-05-13,ISSUED_DOCUMENT_EVIDENCE,IOS,6.5.0,10000+ ms,42
2026-05-13,ISSUERS_LIST,IOS,6.7.0,10000+ ms,265
2026-05-13,ACTIONABLE_NOTIFICATION_DETAILS,IOS,6.7.0,10000+ ms,4159
2026-05-13,ISSUED_DOCUMENT_EVIDENCE,IOS,6.6.2,10000+ ms,73
2026-05-13,QR_VERIFICATION,IOS,6.7.0,10000+ ms,295
2026-05-13,DOWNLOAD_DOCUMENT,IOS,6.7.0,10000+ ms,48
2026-05-13,DOWNLOAD_SELF_SIGN_DOCUMENT,IOS,6.7.0,10000+ ms,28
2026-05-13,ISSUED_DOCUMENT_DETAILS,IOS,6.5.0,10000+ ms,31
2026-05-13,ISSUED_DOCUMENT_DETAILS,IOS,6.7.0,10000+ ms,2185
2026-05-13,ISSUED_DOCUMENT_DETAILS,IOS,6.6.0,10000+ ms,77
2026-05-13,DOCUMENTS_LIST,IOS,6.6.1,10000+ ms,8
2026-05-13,DOCUMENTS_LIST,IOS,6.5.0,10000+ ms,19
2026-05-13,DOCUMENT_SELECTION_ISSUED_LIST,IOS,6.7.0,10000+ ms,22
2026-05-13,NOTIFICATIONS_LIST,IOS,6.7.0,10000+ ms,541
2026-05-13,DOCUMENTS_LIST,IOS,6.6.2,10000+ ms,43
2026-05-13,DOCUMENTS_LIST,IOS,6.6.0,10000+ ms,46
2026-05-13,ISSUED_DOCUMENT_EVIDENCE,IOS,6.6.1,10000+ ms,13
2026-05-13,SHARE_DOCUMENT,IOS,6.7.0,10000+ ms,87
2026-05-13,ISSUED_DOCUMENT_EVIDENCE,IOS,6.6.0,10000+ ms,67
2026-05-13,UPLOADED_DOCUMENT_EVIDENCE,IOS,6.7.0,10000+ ms,46
2026-05-13,NON_ACTIONABLE_NOTIFICATION_DETAILS,IOS,6.7.0,10000+ ms,138
2026-05-13,ISSUED_DOCUMENT_DETAILS,IOS,6.6.2,10000+ ms,90
2026-05-13,DOCUMENTS_LIST,IOS,6.7.0,1001-5000 ms,7221
2026-05-13,DOCUMENTS_LIST,IOS,6.6.1,1001-5000 ms,76
2026-05-13,DOWNLOAD_SELF_SIGN_DOCUMENT,IOS,6.7.0,1001-5000 ms,31
2026-05-13,ISSUED_DOCUMENT_DETAILS,IOS,6.6.1,1001-5000 ms,31
2026-05-13,ISSUED_DOCUMENT_DETAILS,IOS,6.6.0,1001-5000 ms,160
2026-05-13,DOCUMENTS_LIST,IOS,6.5.0,1001-5000 ms,145
2026-05-13,DOWNLOAD_DOCUMENT,IOS,6.7.0,1001-5000 ms,153
2026-05-13,QR_VERIFICATION,IOS,6.7.0,1001-5000 ms,588
2026-05-13,ISSUED_DOCUMENT_EVIDENCE,IOS,6.6.2,1001-5000 ms,36
2026-05-13,ISSUED_DOCUMENT_DETAILS,IOS,6.7.0,1001-5000 ms,3466
2026-05-13,ISSUED_DOCUMENT_DETAILS,IOS,6.6.2,1001-5000 ms,176
2026-05-13,DOCUMENT_SELECTION_ISSUED_LIST,IOS,6.7.0,1001-5000 ms,31
2026-05-13,NON_ACTIONABLE_NOTIFICATION_DETAILS,IOS,6.7.0,1001-5000 ms,1250
2026-05-13,ISSUED_DOCUMENT_EVIDENCE,IOS,6.5.0,1001-5000 ms,6
2026-05-13,DOCUMENTS_LIST,IOS,6.6.2,1001-5000 ms,511
2026-05-13,SHARE_DOCUMENT,IOS,6.7.0,1001-5000 ms,171
2026-05-13,ISSUERS_LIST,IOS,6.7.0,1001-5000 ms,27616
2026-05-13,ISSUED_DOCUMENT_EVIDENCE,IOS,6.6.1,1001-5000 ms,10
2026-05-13,NOTIFICATIONS_LIST,IOS,6.7.0,1001-5000 ms,4914
2026-05-13,DOCUMENTS_LIST,IOS,6.6.0,1001-5000 ms,383
2026-05-13,UPLOADED_DOCUMENT_EVIDENCE,IOS,6.7.0,1001-5000 ms,295
2026-05-13,ISSUED_DOCUMENT_EVIDENCE,IOS,6.7.0,1001-5000 ms,10784
2026-05-13,ACTIONABLE_NOTIFICATION_DETAILS,IOS,6.7.0,1001-5000 ms,11446
2026-05-13,ISSUED_DOCUMENT_EVIDENCE,IOS,6.6.0,1001-5000 ms,23
2026-05-13,ISSUED_DOCUMENT_DETAILS,IOS,6.5.0,1001-5000 ms,52
2026-05-13,ISSUED_DOCUMENT_EVIDENCE,IOS,6.6.0,5001-10000 ms,6
2026-05-13,ISSUED_DOCUMENT_DETAILS,IOS,6.5.0,5001-10000 ms,11
2026-05-13,DOCUMENTS_LIST,IOS,6.5.0,5001-10000 ms,22
2026-05-13,ISSUED_DOCUMENT_EVIDENCE,IOS,6.7.0,5001-10000 ms,3022
2026-05-13,ISSUERS_LIST,IOS,6.7.0,5001-10000 ms,548
2026-05-13,DOCUMENTS_LIST,IOS,6.7.0,5001-10000 ms,854
2026-05-13,ISSUED_DOCUMENT_DETAILS,IOS,6.6.1,5001-10000 ms,2
2026-05-13,QR_VERIFICATION,IOS,6.7.0,5001-10000 ms,69
2026-05-13,NON_ACTIONABLE_NOTIFICATION_DETAILS,IOS,6.7.0,5001-10000 ms,133
2026-05-13,DOWNLOAD_DOCUMENT,IOS,6.7.0,5001-10000 ms,27
2026-05-13,ISSUED_DOCUMENT_DETAILS,IOS,6.6.2,5001-10000 ms,20
2026-05-13,DOCUMENTS_LIST,IOS,6.6.2,5001-10000 ms,62
2026-05-13,SHARE_DOCUMENT,IOS,6.7.0,5001-10000 ms,29
2026-05-13,ISSUED_DOCUMENT_EVIDENCE,IOS,6.6.1,5001-10000 ms,3
2026-05-13,ISSUED_DOCUMENT_DETAILS,IOS,6.7.0,5001-10000 ms,776
2026-05-13,UPLOADED_DOCUMENT_EVIDENCE,IOS,6.7.0,5001-10000 ms,46
2026-05-13,ISSUED_DOCUMENT_DETAILS,IOS,6.6.0,5001-10000 ms,28
2026-05-13,ACTIONABLE_NOTIFICATION_DETAILS,IOS,6.7.0,5001-10000 ms,18195
2026-05-13,DOWNLOAD_SELF_SIGN_DOCUMENT,IOS,6.7.0,5001-10000 ms,10
2026-05-13,ISSUED_DOCUMENT_EVIDENCE,IOS,6.6.2,5001-10000 ms,5
2026-05-13,DOCUMENT_SELECTION_ISSUED_LIST,IOS,6.7.0,5001-10000 ms,7
2026-05-13,DOCUMENTS_LIST,IOS,6.6.1,5001-10000 ms,10
2026-05-13,DOCUMENTS_LIST,IOS,6.6.0,5001-10000 ms,58
2026-05-13,NOTIFICATIONS_LIST,IOS,6.7.0,5001-10000 ms,611
2026-05-13,ISSUED_DOCUMENT_EVIDENCE,IOS,6.7.0,501-1000 ms,853
2026-05-13,NON_ACTIONABLE_NOTIFICATION_DETAILS,IOS,6.7.0,501-1000 ms,11951
2026-05-13,ISSUED_DOCUMENT_EVIDENCE,IOS,6.6.2,501-1000 ms,10
2026-05-13,UPLOADED_DOCUMENT_EVIDENCE,IOS,6.7.0,501-1000 ms,473
2026-05-13,ISSUED_DOCUMENT_DETAILS,IOS,6.6.0,501-1000 ms,436
2026-05-13,DOCUMENTS_LIST,IOS,6.6.0,501-1000 ms,1454
2026-05-13,ACTIONABLE_NOTIFICATION_DETAILS,IOS,6.7.0,501-1000 ms,1039
2026-05-13,QR_VERIFICATION,IOS,6.7.0,501-1000 ms,2411
2026-05-13,ISSUED_DOCUMENT_DETAILS,IOS,6.5.0,501-1000 ms,185
2026-05-13,DOWNLOAD_SELF_SIGN_DOCUMENT,IOS,6.7.0,501-1000 ms,108
2026-05-13,ISSUERS_LIST,IOS,6.7.0,501-1000 ms,158
2026-05-13,ISSUED_DOCUMENT_EVIDENCE,IOS,6.6.0,501-1000 ms,9
2026-05-13,DOCUMENTS_LIST,IOS,6.6.1,501-1000 ms,318
2026-05-13,DOCUMENT_SELECTION_ISSUED_LIST,IOS,6.7.0,501-1000 ms,41
2026-05-13,DOCUMENTS_LIST,IOS,6.6.2,501-1000 ms,1860
2026-05-13,ISSUED_DOCUMENT_DETAILS,IOS,6.7.0,501-1000 ms,12021
2026-05-13,DOCUMENTS_LIST,IOS,6.7.0,501-1000 ms,36665
2026-05-13,ISSUED_DOCUMENT_EVIDENCE,IOS,6.5.0,501-1000 ms,7
2026-05-13,ISSUED_DOCUMENT_DETAILS,IOS,6.6.1,501-1000 ms,97
2026-05-13,DOCUMENTS_LIST,IOS,6.5.0,501-1000 ms,668
2026-05-13,DOWNLOAD_DOCUMENT,IOS,6.7.0,501-1000 ms,82
2026-05-13,ISSUED_DOCUMENT_EVIDENCE,IOS,6.6.1,501-1000 ms,4
2026-05-13,ISSUED_DOCUMENT_DETAILS,IOS,6.6.2,501-1000 ms,468
2026-05-13,SHARE_DOCUMENT,IOS,6.7.0,501-1000 ms,125
2026-05-13,NOTIFICATIONS_LIST,IOS,6.7.0,501-1000 ms,24852
2026-05-13,ISSUED_DOCUMENT_EVIDENCE,IOS,6.7.0,< 0 ms,5
2026-05-13,ISSUED_DOCUMENT_EVIDENCE,IOS,6.5.0,< 0 ms,1
2026-05-13,ISSUED_DOCUMENT_EVIDENCE,IOS,6.6.2,< 0 ms,3
2026-05-13,ACTIONABLE_NOTIFICATION_DETAILS,IOS,6.7.0,< 0 ms,29
2026-05-13,DOCUMENTS_LIST,IOS,6.6.1,= 0 ms,211
2026-05-13,UPLOADED_DOCUMENT_EVIDENCE,IOS,6.7.0,= 0 ms,149
2026-05-13,QR_VERIFICATION,IOS,6.7.0,= 0 ms,772
2026-05-13,DOCUMENTS_LIST,IOS,6.6.0,= 0 ms,962
2026-05-13,ISSUERS_LIST,IOS,6.7.0,= 0 ms,3848
2026-05-13,ISSUED_DOCUMENT_DETAILS,IOS,6.6.1,= 0 ms,18
2026-05-13,DOCUMENT_SELECTION_ISSUED_LIST,IOS,6.7.0,= 0 ms,7
2026-05-13,ISSUED_DOCUMENT_DETAILS,IOS,6.5.0,= 0 ms,47
2026-05-13,NOTIFICATIONS_LIST,IOS,6.7.0,= 0 ms,53169
2026-05-13,ISSUED_DOCUMENT_DETAILS,IOS,6.6.2,= 0 ms,104
2026-05-13,DOWNLOAD_SELF_SIGN_DOCUMENT,IOS,6.7.0,= 0 ms,77
2026-05-13,DOCUMENT_SELECTION_UPLOADED_LIST,IOS,6.7.0,= 0 ms,6
2026-05-13,ISSUED_DOCUMENT_EVIDENCE,IOS,6.7.0,= 0 ms,535
2026-05-13,ACTIONABLE_NOTIFICATION_DETAILS,IOS,6.7.0,= 0 ms,2740
2026-05-13,DOWNLOAD_DOCUMENT,IOS,6.7.0,= 0 ms,9
2026-05-13,ISSUED_DOCUMENT_EVIDENCE,IOS,6.6.0,= 0 ms,613
2026-05-13,DOCUMENTS_LIST,IOS,6.5.0,= 0 ms,456
2026-05-13,ISSUED_DOCUMENT_DETAILS,IOS,6.7.0,= 0 ms,3415
2026-05-13,DOCUMENTS_LIST,IOS,6.7.0,= 0 ms,28920
2026-05-13,SHARE_DOCUMENT,IOS,6.7.0,= 0 ms,7
2026-05-13,NON_ACTIONABLE_NOTIFICATION_DETAILS,IOS,6.7.0,= 0 ms,27301
2026-05-13,ISSUED_DOCUMENT_DETAILS,IOS,6.6.0,= 0 ms,93
2026-05-13,ISSUED_DOCUMENT_EVIDENCE,IOS,6.5.0,= 0 ms,252
2026-05-13,ISSUED_DOCUMENT_EVIDENCE,IOS,6.6.2,= 0 ms,730
2026-05-13,DOCUMENTS_LIST,IOS,6.6.2,= 0 ms,1182
2026-05-13,ISSUED_DOCUMENT_EVIDENCE,IOS,6.6.1,= 0 ms,126
2026-05-14,ISSUED_DOCUMENT_EVIDENCE,IOS,6.7.0,10000+ ms,3524
2026-05-14,DOCUMENTS_LIST,IOS,6.5.0,10000+ ms,21
2026-05-14,DOCUMENT_SELECTION_ISSUED_LIST,IOS,6.7.0,10000+ ms,17
2026-05-14,ISSUED_DOCUMENT_DETAILS,IOS,6.7.0,10000+ ms,2150
2026-05-14,NOTIFICATIONS_LIST,IOS,6.7.0,10000+ ms,482
2026-05-14,DOCUMENTS_LIST,IOS,6.6.2,10000+ ms,49
2026-05-14,ISSUED_DOCUMENT_EVIDENCE,IOS,6.6.0,10000+ ms,34
2026-05-14,SHARE_DOCUMENT,IOS,6.7.0,10000+ ms,83
2026-05-14,DOCUMENTS_LIST,IOS,6.6.1,10000+ ms,7
2026-05-14,DOCUMENTS_LIST,IOS,6.7.0,10000+ ms,699
2026-05-14,NON_ACTIONABLE_NOTIFICATION_DETAILS,IOS,6.7.0,10000+ ms,134
2026-05-14,UPLOADED_DOCUMENT_EVIDENCE,IOS,6.7.0,10000+ ms,49
2026-05-14,DOWNLOAD_SELF_SIGN_DOCUMENT,IOS,6.7.0,10000+ ms,35
2026-05-14,ISSUED_DOCUMENT_DETAILS,IOS,6.6.1,10000+ ms,14
2026-05-14,ISSUED_DOCUMENT_EVIDENCE,IOS,6.6.1,10000+ ms,5
2026-05-14,ISSUED_DOCUMENT_DETAILS,IOS,6.5.0,10000+ ms,41
2026-05-14,ISSUED_DOCUMENT_EVIDENCE,IOS,6.6.2,10000+ ms,45
2026-05-14,ISSUED_DOCUMENT_DETAILS,IOS,6.6.2,10000+ ms,80
2026-05-14,QR_VERIFICATION,IOS,6.7.0,10000+ ms,236
2026-05-14,DOWNLOAD_DOCUMENT,IOS,6.7.0,10000+ ms,48
2026-05-14,DOCUMENTS_LIST,IOS,6.6.0,10000+ ms,47
2026-05-14,ACTIONABLE_NOTIFICATION_DETAILS,IOS,6.7.0,10000+ ms,4596
2026-05-14,ISSUED_DOCUMENT_EVIDENCE,IOS,6.5.0,10000+ ms,16
2026-05-14,ISSUED_DOCUMENT_DETAILS,IOS,6.6.0,10000+ ms,67
2026-05-14,ISSUERS_LIST,IOS,6.7.0,10000+ ms,254
2026-05-14,DOCUMENT_SELECTION_UPLOADED_LIST,IOS,6.7.0,10000+ ms,3
2026-05-14,DOCUMENTS_LIST,IOS,6.6.1,1001-5000 ms,81
2026-05-14,DOCUMENTS_LIST,IOS,6.6.2,1001-5000 ms,467
2026-05-14,ISSUED_DOCUMENT_DETAILS,IOS,6.6.1,1001-5000 ms,20
2026-05-14,DOCUMENTS_LIST,IOS,6.6.0,1001-5000 ms,387
2026-05-14,ISSUERS_LIST,IOS,6.7.0,1001-5000 ms,26578
2026-05-14,ISSUED_DOCUMENT_DETAILS,IOS,6.6.2,1001-5000 ms,156
2026-05-14,DOCUMENTS_LIST,IOS,6.7.0,1001-5000 ms,7476
2026-05-14,NOTIFICATIONS_LIST,IOS,6.7.0,1001-5000 ms,5029
2026-05-14,ACTIONABLE_NOTIFICATION_DETAILS,IOS,6.7.0,1001-5000 ms,10371
2026-05-14,ISSUED_DOCUMENT_DETAILS,IOS,6.5.0,1001-5000 ms,43
2026-05-14,NON_ACTIONABLE_NOTIFICATION_DETAILS,IOS,6.7.0,1001-5000 ms,1161
2026-05-14,ISSUED_DOCUMENT_EVIDENCE,IOS,6.7.0,1001-5000 ms,11037
2026-05-14,ISSUED_DOCUMENT_EVIDENCE,IOS,6.5.0,1001-5000 ms,17
2026-05-14,DOCUMENTS_LIST,IOS,6.5.0,1001-5000 ms,142
2026-05-14,DOWNLOAD_SELF_SIGN_DOCUMENT,IOS,6.7.0,1001-5000 ms,38
2026-05-14,ISSUED_DOCUMENT_DETAILS,IOS,6.7.0,1001-5000 ms,3397
2026-05-14,UPLOADED_DOCUMENT_EVIDENCE,IOS,6.7.0,1001-5000 ms,275
2026-05-14,DOCUMENT_SELECTION_ISSUED_LIST,IOS,6.7.0,1001-5000 ms,13
2026-05-14,ISSUED_DOCUMENT_DETAILS,IOS,6.6.0,1001-5000 ms,149
2026-05-14,SHARE_DOCUMENT,IOS,6.7.0,1001-5000 ms,181
2026-05-14,ISSUED_DOCUMENT_EVIDENCE,IOS,6.6.2,1001-5000 ms,49
2026-05-14,ISSUED_DOCUMENT_EVIDENCE,IOS,6.6.0,1001-5000 ms,39
2026-05-14,QR_VERIFICATION,IOS,6.7.0,1001-5000 ms,554
2026-05-14,ISSUED_DOCUMENT_EVIDENCE,IOS,6.6.1,1001-5000 ms,10
2026-05-14,DOWNLOAD_DOCUMENT,IOS,6.7.0,1001-5000 ms,178
2026-05-14,DOWNLOAD_DOCUMENT,IOS,6.7.0,5001-10000 ms,32
2026-05-14,DOCUMENTS_LIST,IOS,6.6.1,5001-10000 ms,9
2026-05-14,ISSUED_DOCUMENT_EVIDENCE,IOS,6.6.1,5001-10000 ms,5
2026-05-14,NOTIFICATIONS_LIST,IOS,6.7.0,5001-10000 ms,632
2026-05-14,DOCUMENTS_LIST,IOS,6.6.2,5001-10000 ms,61
2026-05-14,ISSUED_DOCUMENT_EVIDENCE,IOS,6.5.0,5001-10000 ms,4
2026-05-14,ISSUED_DOCUMENT_DETAILS,IOS,6.6.2,5001-10000 ms,31
2026-05-14,ISSUED_DOCUMENT_DETAILS,IOS,6.6.0,5001-10000 ms,22
2026-05-14,ISSUED_DOCUMENT_DETAILS,IOS,6.7.0,5001-10000 ms,799
2026-05-14,ISSUED_DOCUMENT_EVIDENCE,IOS,6.7.0,5001-10000 ms,3013
2026-05-14,SHARE_DOCUMENT,IOS,6.7.0,5001-10000 ms,38
2026-05-14,ISSUED_DOCUMENT_EVIDENCE,IOS,6.6.2,5001-10000 ms,8
2026-05-14,ACTIONABLE_NOTIFICATION_DETAILS,IOS,6.7.0,5001-10000 ms,17136
2026-05-14,QR_VERIFICATION,IOS,6.7.0,5001-10000 ms,89
2026-05-14,DOCUMENTS_LIST,IOS,6.5.0,5001-10000 ms,30
2026-05-14,NON_ACTIONABLE_NOTIFICATION_DETAILS,IOS,6.7.0,5001-10000 ms,109
2026-05-14,ISSUED_DOCUMENT_EVIDENCE,IOS,6.6.0,5001-10000 ms,5
2026-05-14,ISSUERS_LIST,IOS,6.7.0,5001-10000 ms,608
2026-05-14,DOCUMENTS_LIST,IOS,6.7.0,5001-10000 ms,945
2026-05-14,UPLOADED_DOCUMENT_EVIDENCE,IOS,6.7.0,5001-10000 ms,48
2026-05-14,ISSUED_DOCUMENT_DETAILS,IOS,6.5.0,5001-10000 ms,9
2026-05-14,DOCUMENTS_LIST,IOS,6.6.0,5001-10000 ms,49
2026-05-14,DOWNLOAD_SELF_SIGN_DOCUMENT,IOS,6.7.0,5001-10000 ms,13
2026-05-14,ISSUED_DOCUMENT_DETAILS,IOS,6.6.1,5001-10000 ms,9
2026-05-14,DOCUMENT_SELECTION_ISSUED_LIST,IOS,6.7.0,5001-10000 ms,3
2026-05-14,ISSUED_DOCUMENT_DETAILS,IOS,6.6.2,501-1000 ms,425
2026-05-14,ACTIONABLE_NOTIFICATION_DETAILS,IOS,6.7.0,501-1000 ms,1170
2026-05-14,ISSUED_DOCUMENT_DETAILS,IOS,6.7.0,501-1000 ms,11874
2026-05-14,NOTIFICATIONS_LIST,IOS,6.7.0,501-1000 ms,23848
2026-05-14,NON_ACTIONABLE_NOTIFICATION_DETAILS,IOS,6.7.0,501-1000 ms,11582
2026-05-14,DOWNLOAD_DOCUMENT,IOS,6.7.0,501-1000 ms,104
2026-05-14,ISSUED_DOCUMENT_EVIDENCE,IOS,6.7.0,501-1000 ms,970
2026-05-14,DOCUMENTS_LIST,IOS,6.6.2,501-1000 ms,1699
2026-05-14,ISSUED_DOCUMENT_EVIDENCE,IOS,6.6.0,501-1000 ms,10
2026-05-14,DOCUMENT_SELECTION_ISSUED_LIST,IOS,6.7.0,501-1000 ms,36
2026-05-14,QR_VERIFICATION,IOS,6.7.0,501-1000 ms,2358
2026-05-14,ISSUED_DOCUMENT_DETAILS,IOS,6.6.1,501-1000 ms,72
2026-05-14,DOCUMENTS_LIST,IOS,6.5.0,501-1000 ms,635
2026-05-14,ISSUED_DOCUMENT_EVIDENCE,IOS,6.6.1,501-1000 ms,2
2026-05-14,DOCUMENTS_LIST,IOS,6.6.0,501-1000 ms,1414
2026-05-14,UPLOADED_DOCUMENT_EVIDENCE,IOS,6.7.0,501-1000 ms,496
2026-05-14,ISSUED_DOCUMENT_DETAILS,IOS,6.6.0,501-1000 ms,320
2026-05-14,ISSUERS_LIST,IOS,6.7.0,501-1000 ms,173
2026-05-14,DOCUMENTS_LIST,IOS,6.7.0,501-1000 ms,35397
2026-05-14,DOCUMENTS_LIST,IOS,6.6.1,501-1000 ms,273
2026-05-14,ISSUED_DOCUMENT_EVIDENCE,IOS,6.5.0,501-1000 ms,6
2026-05-14,ISSUED_DOCUMENT_DETAILS,IOS,6.5.0,501-1000 ms,148
2026-05-14,ISSUED_DOCUMENT_EVIDENCE,IOS,6.6.2,501-1000 ms,15
2026-05-14,DOWNLOAD_SELF_SIGN_DOCUMENT,IOS,6.7.0,501-1000 ms,106
2026-05-14,SHARE_DOCUMENT,IOS,6.7.0,501-1000 ms,106
2026-05-14,ISSUED_DOCUMENT_EVIDENCE,IOS,6.5.0,< 0 ms,1
2026-05-14,ACTIONABLE_NOTIFICATION_DETAILS,IOS,6.7.0,< 0 ms,31
2026-05-14,ISSUED_DOCUMENT_EVIDENCE,IOS,6.6.0,< 0 ms,1
2026-05-14,DOCUMENTS_LIST,IOS,6.7.0,< 0 ms,1
2026-05-14,ISSUED_DOCUMENT_EVIDENCE,IOS,6.7.0,< 0 ms,2
2026-05-14,ISSUED_DOCUMENT_EVIDENCE,IOS,6.6.2,< 0 ms,1
2026-05-14,DOCUMENTS_LIST,IOS,6.6.1,= 0 ms,212
2026-05-14,ACTIONABLE_NOTIFICATION_DETAILS,IOS,6.7.0,= 0 ms,2899
2026-05-14,NOTIFICATIONS_LIST,IOS,6.7.0,= 0 ms,52784
2026-05-14,DOCUMENT_SELECTION_UPLOADED_LIST,IOS,6.7.0,= 0 ms,1
2026-05-14,ISSUED_DOCUMENT_EVIDENCE,IOS,6.7.0,= 0 ms,347
2026-05-14,ISSUED_DOCUMENT_EVIDENCE,IOS,6.6.1,= 0 ms,106
2026-05-14,ISSUED_DOCUMENT_DETAILS,IOS,6.6.2,= 0 ms,87
2026-05-14,DOCUMENTS_LIST,IOS,6.5.0,= 0 ms,486
2026-05-14,ISSUED_DOCUMENT_EVIDENCE,IOS,6.6.0,= 0 ms,499
2026-05-14,DOCUMENTS_LIST,IOS,6.7.0,= 0 ms,28584
2026-05-14,ISSUED_DOCUMENT_DETAILS,IOS,6.5.0,= 0 ms,42
2026-05-14,ISSUED_DOCUMENT_EVIDENCE,IOS,6.6.2,= 0 ms,654
2026-05-14,DOWNLOAD_DOCUMENT,IOS,6.7.0,= 0 ms,14
2026-05-14,ISSUED_DOCUMENT_DETAILS,IOS,6.7.0,= 0 ms,3365
2026-05-14,SHARE_DOCUMENT,IOS,6.7.0,= 0 ms,14
2026-05-14,QR_VERIFICATION,IOS,6.7.0,= 0 ms,721
2026-05-14,DOCUMENT_SELECTION_ISSUED_LIST,IOS,6.7.0,= 0 ms,8
2026-05-14,DOCUMENTS_LIST,IOS,6.6.2,= 0 ms,1199
2026-05-14,ISSUERS_LIST,IOS,6.7.0,= 0 ms,3992
2026-05-14,ISSUED_DOCUMENT_DETAILS,IOS,6.6.1,= 0 ms,13
2026-05-14,ISSUED_DOCUMENT_DETAILS,IOS,6.6.0,= 0 ms,90
2026-05-14,ISSUED_DOCUMENT_EVIDENCE,IOS,6.5.0,= 0 ms,255
2026-05-14,DOWNLOAD_SELF_SIGN_DOCUMENT,IOS,6.7.0,= 0 ms,86
2026-05-14,NON_ACTIONABLE_NOTIFICATION_DETAILS,IOS,6.7.0,= 0 ms,26829
2026-05-14,UPLOADED_DOCUMENT_EVIDENCE,IOS,6.7.0,= 0 ms,157
2026-05-14,DOCUMENTS_LIST,IOS,6.6.0,= 0 ms,985
2026-05-15,QR_VERIFICATION,IOS,6.7.0,10000+ ms,244
2026-05-15,ISSUED_DOCUMENT_DETAILS,IOS,6.7.0,10000+ ms,1855
2026-05-15,DOWNLOAD_SELF_SIGN_DOCUMENT,IOS,6.7.0,10000+ ms,14
2026-05-15,ISSUED_DOCUMENT_EVIDENCE,IOS,6.7.0,10000+ ms,2615
2026-05-15,ISSUED_DOCUMENT_DETAILS,IOS,6.5.0,10000+ ms,17
2026-05-15,ISSUED_DOCUMENT_EVIDENCE,IOS,6.6.1,10000+ ms,15
2026-05-15,DOWNLOAD_DOCUMENT,IOS,6.7.0,10000+ ms,31
2026-05-15,ISSUED_DOCUMENT_EVIDENCE,IOS,6.6.2,10000+ ms,29
2026-05-15,UPLOADED_DOCUMENT_EVIDENCE,IOS,6.7.0,10000+ ms,38
2026-05-15,DOCUMENT_SELECTION_UPLOADED_LIST,IOS,6.7.0,10000+ ms,1
2026-05-15,ACTIONABLE_NOTIFICATION_DETAILS,IOS,6.7.0,10000+ ms,3823
2026-05-15,DOCUMENTS_LIST,IOS,6.7.0,10000+ ms,588
2026-05-15,ISSUERS_LIST,IOS,6.7.0,10000+ ms,254
2026-05-15,SHARE_DOCUMENT,IOS,6.7.0,10000+ ms,49
2026-05-15,NON_ACTIONABLE_NOTIFICATION_DETAILS,IOS,6.7.0,10000+ ms,111
2026-05-15,ISSUED_DOCUMENT_DETAILS,IOS,6.6.0,10000+ ms,65
2026-05-15,ISSUED_DOCUMENT_EVIDENCE,IOS,6.6.0,10000+ ms,26
2026-05-15,ISSUED_DOCUMENT_EVIDENCE,IOS,6.5.0,10000+ ms,7
2026-05-15,NOTIFICATIONS_LIST,IOS,6.7.0,10000+ ms,396
2026-05-15,DOCUMENTS_LIST,IOS,6.6.2,10000+ ms,41
2026-05-15,DOCUMENTS_LIST,IOS,6.6.1,10000+ ms,6
2026-05-15,DOCUMENTS_LIST,IOS,6.6.0,10000+ ms,36
2026-05-15,DOCUMENT_SELECTION_ISSUED_LIST,IOS,6.7.0,10000+ ms,23
2026-05-15,ISSUED_DOCUMENT_DETAILS,IOS,6.6.2,10000+ ms,52
2026-05-15,ISSUED_DOCUMENT_DETAILS,IOS,6.6.1,10000+ ms,8
2026-05-15,DOCUMENTS_LIST,IOS,6.5.0,10000+ ms,21
2026-05-15,ISSUED_DOCUMENT_DETAILS,IOS,6.6.1,1001-5000 ms,16
2026-05-15,DOCUMENTS_LIST,IOS,6.5.0,1001-5000 ms,95
2026-05-15,ISSUED_DOCUMENT_EVIDENCE,IOS,6.6.0,1001-5000 ms,44
2026-05-15,ISSUED_DOCUMENT_EVIDENCE,IOS,6.6.1,1001-5000 ms,13
2026-05-15,ISSUED_DOCUMENT_DETAILS,IOS,6.6.2,1001-5000 ms,99
2026-05-15,DOCUMENTS_LIST,IOS,6.6.0,1001-5000 ms,307
2026-05-15,ISSUED_DOCUMENT_EVIDENCE,IOS,6.5.0,1001-5000 ms,8
2026-05-15,DOCUMENT_SELECTION_ISSUED_LIST,IOS,6.7.0,1001-5000 ms,16
2026-05-15,ISSUED_DOCUMENT_EVIDENCE,IOS,6.6.2,1001-5000 ms,37
2026-05-15,NOTIFICATIONS_LIST,IOS,6.7.0,1001-5000 ms,4012
2026-05-15,NON_ACTIONABLE_NOTIFICATION_DETAILS,IOS,6.7.0,1001-5000 ms,1110
2026-05-15,UPLOADED_DOCUMENT_EVIDENCE,IOS,6.7.0,1001-5000 ms,258
2026-05-15,QR_VERIFICATION,IOS,6.7.0,1001-5000 ms,417
2026-05-15,ISSUERS_LIST,IOS,6.7.0,1001-5000 ms,23580
2026-05-15,ISSUED_DOCUMENT_DETAILS,IOS,6.5.0,1001-5000 ms,30
2026-05-15,DOCUMENTS_LIST,IOS,6.6.1,1001-5000 ms,70
2026-05-15,SHARE_DOCUMENT,IOS,6.7.0,1001-5000 ms,153
2026-05-15,DOWNLOAD_SELF_SIGN_DOCUMENT,IOS,6.7.0,1001-5000 ms,22
2026-05-15,DOCUMENTS_LIST,IOS,6.6.2,1001-5000 ms,351
2026-05-15,DOCUMENTS_LIST,IOS,6.7.0,1001-5000 ms,5842
2026-05-15,ISSUED_DOCUMENT_EVIDENCE,IOS,6.7.0,1001-5000 ms,10339
2026-05-15,ISSUED_DOCUMENT_DETAILS,IOS,6.7.0,1001-5000 ms,2773
2026-05-15,ISSUED_DOCUMENT_DETAILS,IOS,6.6.0,1001-5000 ms,100
2026-05-15,DOWNLOAD_DOCUMENT,IOS,6.7.0,1001-5000 ms,126
2026-05-15,ACTIONABLE_NOTIFICATION_DETAILS,IOS,6.7.0,1001-5000 ms,8938
2026-05-15,DOCUMENTS_LIST,IOS,6.6.2,5001-10000 ms,54
2026-05-15,NOTIFICATIONS_LIST,IOS,6.7.0,5001-10000 ms,571
2026-05-15,ISSUED_DOCUMENT_DETAILS,IOS,6.6.0,5001-10000 ms,25
2026-05-15,ISSUERS_LIST,IOS,6.7.0,5001-10000 ms,481
2026-05-15,ACTIONABLE_NOTIFICATION_DETAILS,IOS,6.7.0,5001-10000 ms,16506
2026-05-15,DOCUMENTS_LIST,IOS,6.6.0,5001-10000 ms,41
2026-05-15,ISSUED_DOCUMENT_DETAILS,IOS,6.5.0,5001-10000 ms,4
2026-05-15,DOCUMENTS_LIST,IOS,6.6.1,5001-10000 ms,5
2026-05-15,UPLOADED_DOCUMENT_EVIDENCE,IOS,6.7.0,5001-10000 ms,24
2026-05-15,NON_ACTIONABLE_NOTIFICATION_DETAILS,IOS,6.7.0,5001-10000 ms,97
2026-05-15,ISSUED_DOCUMENT_EVIDENCE,IOS,6.6.0,5001-10000 ms,5
2026-05-15,ISSUED_DOCUMENT_DETAILS,IOS,6.6.2,5001-10000 ms,20
2026-05-15,DOCUMENTS_LIST,IOS,6.7.0,5001-10000 ms,770
2026-05-15,DOWNLOAD_SELF_SIGN_DOCUMENT,IOS,6.7.0,5001-10000 ms,5
2026-05-15,QR_VERIFICATION,IOS,6.7.0,5001-10000 ms,80
2026-05-15,DOWNLOAD_DOCUMENT,IOS,6.7.0,5001-10000 ms,28
2026-05-15,SHARE_DOCUMENT,IOS,6.7.0,5001-10000 ms,28
2026-05-15,ISSUED_DOCUMENT_DETAILS,IOS,6.7.0,5001-10000 ms,673
2026-05-15,DOCUMENT_SELECTION_ISSUED_LIST,IOS,6.7.0,5001-10000 ms,1
2026-05-15,ISSUED_DOCUMENT_DETAILS,IOS,6.6.1,5001-10000 ms,2
2026-05-15,ISSUED_DOCUMENT_EVIDENCE,IOS,6.6.1,5001-10000 ms,3
2026-05-15,DOCUMENTS_LIST,IOS,6.5.0,5001-10000 ms,20
2026-05-15,ISSUED_DOCUMENT_EVIDENCE,IOS,6.7.0,5001-10000 ms,2583
2026-05-15,ISSUED_DOCUMENT_EVIDENCE,IOS,6.6.2,5001-10000 ms,9
2026-05-15,ISSUERS_LIST,IOS,6.7.0,501-1000 ms,202
2026-05-15,DOCUMENT_SELECTION_ISSUED_LIST,IOS,6.7.0,501-1000 ms,36
2026-05-15,ISSUED_DOCUMENT_EVIDENCE,IOS,6.6.1,501-1000 ms,3
2026-05-15,DOCUMENTS_LIST,IOS,6.6.2,501-1000 ms,1260
2026-05-15,DOCUMENTS_LIST,IOS,6.6.1,501-1000 ms,229
2026-05-15,ACTIONABLE_NOTIFICATION_DETAILS,IOS,6.7.0,501-1000 ms,1152
2026-05-15,UPLOADED_DOCUMENT_EVIDENCE,IOS,6.7.0,501-1000 ms,423
2026-05-15,ISSUED_DOCUMENT_DETAILS,IOS,6.6.0,501-1000 ms,316
2026-05-15,DOCUMENTS_LIST,IOS,6.5.0,501-1000 ms,503
2026-05-15,NON_ACTIONABLE_NOTIFICATION_DETAILS,IOS,6.7.0,501-1000 ms,9793
2026-05-15,ISSUED_DOCUMENT_EVIDENCE,IOS,6.6.0,501-1000 ms,18
2026-05-15,NOTIFICATIONS_LIST,IOS,6.7.0,501-1000 ms,19447
2026-05-15,ISSUED_DOCUMENT_EVIDENCE,IOS,6.5.0,501-1000 ms,2
2026-05-15,SHARE_DOCUMENT,IOS,6.7.0,501-1000 ms,112
2026-05-15,DOWNLOAD_DOCUMENT,IOS,6.7.0,501-1000 ms,118
2026-05-15,DOWNLOAD_SELF_SIGN_DOCUMENT,IOS,6.7.0,501-1000 ms,60
2026-05-15,ISSUED_DOCUMENT_EVIDENCE,IOS,6.6.2,501-1000 ms,7
2026-05-15,QR_VERIFICATION,IOS,6.7.0,501-1000 ms,2023
2026-05-15,DOCUMENT_SELECTION_UPLOADED_LIST,IOS,6.7.0,501-1000 ms,1
2026-05-15,ISSUED_DOCUMENT_DETAILS,IOS,6.6.1,501-1000 ms,61
2026-05-15,ISSUED_DOCUMENT_DETAILS,IOS,6.5.0,501-1000 ms,137
2026-05-15,DOCUMENTS_LIST,IOS,6.6.0,501-1000 ms,1145
2026-05-15,ISSUED_DOCUMENT_EVIDENCE,IOS,6.7.0,501-1000 ms,1052
2026-05-15,DOCUMENTS_LIST,IOS,6.7.0,501-1000 ms,30081
2026-05-15,ISSUED_DOCUMENT_DETAILS,IOS,6.7.0,501-1000 ms,10687
2026-05-15,ISSUED_DOCUMENT_DETAILS,IOS,6.6.2,501-1000 ms,326
2026-05-15,DOCUMENTS_LIST,IOS,6.7.0,< 0 ms,1
2026-05-15,ISSUED_DOCUMENT_EVIDENCE,IOS,6.7.0,< 0 ms,3
2026-05-15,ISSUED_DOCUMENT_EVIDENCE,IOS,6.6.0,< 0 ms,1
2026-05-15,ACTIONABLE_NOTIFICATION_DETAILS,IOS,6.7.0,< 0 ms,25
2026-05-15,ISSUED_DOCUMENT_EVIDENCE,IOS,6.5.0,= 0 ms,180
2026-05-15,ISSUED_DOCUMENT_EVIDENCE,IOS,6.6.1,= 0 ms,85
2026-05-15,UPLOADED_DOCUMENT_EVIDENCE,IOS,6.7.0,= 0 ms,132
2026-05-15,DOWNLOAD_DOCUMENT,IOS,6.7.0,= 0 ms,9
2026-05-15,ISSUED_DOCUMENT_DETAILS,IOS,6.6.1,= 0 ms,19
2026-05-15,ISSUED_DOCUMENT_EVIDENCE,IOS,6.6.2,= 0 ms,517
2026-05-15,ISSUERS_LIST,IOS,6.7.0,= 0 ms,3174
2026-05-15,ISSUED_DOCUMENT_DETAILS,IOS,6.6.2,= 0 ms,88
2026-05-15,ISSUED_DOCUMENT_DETAILS,IOS,6.5.0,= 0 ms,34
2026-05-15,ISSUED_DOCUMENT_EVIDENCE,IOS,6.7.0,= 0 ms,303
2026-05-15,DOCUMENT_SELECTION_ISSUED_LIST,IOS,6.7.0,= 0 ms,14
2026-05-15,DOCUMENT_SELECTION_UPLOADED_LIST,IOS,6.7.0,= 0 ms,5
2026-05-15,NOTIFICATIONS_LIST,IOS,6.7.0,= 0 ms,44401
2026-05-15,NON_ACTIONABLE_NOTIFICATION_DETAILS,IOS,6.7.0,= 0 ms,24422
2026-05-15,SHARE_DOCUMENT,IOS,6.7.0,= 0 ms,10
2026-05-15,DOWNLOAD_SELF_SIGN_DOCUMENT,IOS,6.7.0,= 0 ms,57
2026-05-15,ISSUED_DOCUMENT_EVIDENCE,IOS,6.6.0,= 0 ms,472
2026-05-15,DOCUMENTS_LIST,IOS,6.6.2,= 0 ms,1009
2026-05-15,ACTIONABLE_NOTIFICATION_DETAILS,IOS,6.7.0,= 0 ms,2361
2026-05-15,DOCUMENTS_LIST,IOS,6.7.0,= 0 ms,26424
2026-05-15,DOCUMENTS_LIST,IOS,6.5.0,= 0 ms,383
2026-05-15,DOCUMENTS_LIST,IOS,6.6.1,= 0 ms,146
2026-05-15,QR_VERIFICATION,IOS,6.7.0,= 0 ms,754
2026-05-15,ISSUED_DOCUMENT_DETAILS,IOS,6.6.0,= 0 ms,96
2026-05-15,ISSUED_DOCUMENT_DETAILS,IOS,6.7.0,= 0 ms,3262
2026-05-15,DOCUMENTS_LIST,IOS,6.6.0,= 0 ms,864
2026-05-16,ISSUED_DOCUMENT_EVIDENCE,IOS,6.6.1,10000+ ms,9
2026-05-16,DOWNLOAD_SELF_SIGN_DOCUMENT,IOS,6.7.0,10000+ ms,13
2026-05-16,ISSUED_DOCUMENT_DETAILS,IOS,6.6.1,10000+ ms,9
2026-05-16,DOCUMENTS_LIST,IOS,6.7.0,10000+ ms,523
2026-05-16,DOCUMENTS_LIST,IOS,6.6.0,10000+ ms,21
2026-05-16,ISSUED_DOCUMENT_EVIDENCE,IOS,6.6.0,10000+ ms,15
2026-05-16,DOCUMENT_SELECTION_ISSUED_LIST,IOS,6.7.0,10000+ ms,10
2026-05-16,ISSUED_DOCUMENT_DETAILS,IOS,6.7.0,10000+ ms,1459
2026-05-16,DOCUMENT_SELECTION_UPLOADED_LIST,IOS,6.7.0,10000+ ms,1
2026-05-16,NOTIFICATIONS_LIST,IOS,6.7.0,10000+ ms,328
2026-05-16,SHARE_DOCUMENT,IOS,6.7.0,10000+ ms,43
2026-05-16,ISSUED_DOCUMENT_EVIDENCE,IOS,6.5.0,10000+ ms,2
2026-05-16,ISSUED_DOCUMENT_DETAILS,IOS,6.6.2,10000+ ms,51
2026-05-16,ACTIONABLE_NOTIFICATION_DETAILS,IOS,6.7.0,10000+ ms,3627
2026-05-16,ISSUED_DOCUMENT_EVIDENCE,IOS,6.6.2,10000+ ms,10
2026-05-16,DOCUMENTS_LIST,IOS,6.6.2,10000+ ms,28
2026-05-16,UPLOADED_DOCUMENT_EVIDENCE,IOS,6.7.0,10000+ ms,26
2026-05-16,DOWNLOAD_DOCUMENT,IOS,6.7.0,10000+ ms,22
2026-05-16,ISSUED_DOCUMENT_EVIDENCE,IOS,6.7.0,10000+ ms,2172
2026-05-16,ISSUERS_LIST,IOS,6.7.0,10000+ ms,175
2026-05-16,DOCUMENTS_LIST,IOS,6.6.1,10000+ ms,3
2026-05-16,NON_ACTIONABLE_NOTIFICATION_DETAILS,IOS,6.7.0,10000+ ms,106
2026-05-16,QR_VERIFICATION,IOS,6.7.0,10000+ ms,196
2026-05-16,ISSUED_DOCUMENT_DETAILS,IOS,6.5.0,10000+ ms,17
2026-05-16,ISSUED_DOCUMENT_DETAILS,IOS,6.6.0,10000+ ms,57
2026-05-16,DOCUMENTS_LIST,IOS,6.5.0,10000+ ms,14
2026-05-16,ISSUED_DOCUMENT_DETAILS,IOS,6.6.1,1001-5000 ms,20
2026-05-16,DOCUMENTS_LIST,IOS,6.6.2,1001-5000 ms,248
2026-05-16,ISSUED_DOCUMENT_DETAILS,IOS,6.6.0,1001-5000 ms,89
2026-05-16,DOCUMENTS_LIST,IOS,6.6.1,1001-5000 ms,47
2026-05-16,DOWNLOAD_DOCUMENT,IOS,6.7.0,1001-5000 ms,119
2026-05-16,DOCUMENTS_LIST,IOS,6.7.0,1001-5000 ms,4875
2026-05-16,NON_ACTIONABLE_NOTIFICATION_DETAILS,IOS,6.7.0,1001-5000 ms,874
2026-05-16,ISSUED_DOCUMENT_EVIDENCE,IOS,6.5.0,1001-5000 ms,9
2026-05-16,ISSUED_DOCUMENT_DETAILS,IOS,6.7.0,1001-5000 ms,2241
2026-05-16,DOWNLOAD_SELF_SIGN_DOCUMENT,IOS,6.7.0,1001-5000 ms,20
2026-05-16,UPLOADED_DOCUMENT_EVIDENCE,IOS,6.7.0,1001-5000 ms,197
2026-05-16,ISSUED_DOCUMENT_EVIDENCE,IOS,6.6.1,1001-5000 ms,10
2026-05-16,DOCUMENT_SELECTION_ISSUED_LIST,IOS,6.7.0,1001-5000 ms,17
2026-05-16,ISSUED_DOCUMENT_EVIDENCE,IOS,6.6.2,1001-5000 ms,28
2026-05-16,ISSUED_DOCUMENT_EVIDENCE,IOS,6.7.0,1001-5000 ms,8351
2026-05-16,ISSUED_DOCUMENT_DETAILS,IOS,6.5.0,1001-5000 ms,33
2026-05-16,SHARE_DOCUMENT,IOS,6.7.0,1001-5000 ms,124
2026-05-16,DOCUMENTS_LIST,IOS,6.5.0,1001-5000 ms,96
2026-05-16,ISSUERS_LIST,IOS,6.7.0,1001-5000 ms,19275
2026-05-16,NOTIFICATIONS_LIST,IOS,6.7.0,1001-5000 ms,3060
2026-05-16,DOCUMENTS_LIST,IOS,6.6.0,1001-5000 ms,266
2026-05-16,ISSUED_DOCUMENT_DETAILS,IOS,6.6.2,1001-5000 ms,76
2026-05-16,ACTIONABLE_NOTIFICATION_DETAILS,IOS,6.7.0,1001-5000 ms,8343
2026-05-16,QR_VERIFICATION,IOS,6.7.0,1001-5000 ms,344
2026-05-16,ISSUED_DOCUMENT_EVIDENCE,IOS,6.6.0,1001-5000 ms,20
2026-05-16,DOCUMENTS_LIST,IOS,6.6.2,5001-10000 ms,46
2026-05-16,DOCUMENTS_LIST,IOS,6.6.0,5001-10000 ms,37
2026-05-16,DOWNLOAD_SELF_SIGN_DOCUMENT,IOS,6.7.0,5001-10000 ms,2
2026-05-16,DOWNLOAD_DOCUMENT,IOS,6.7.0,5001-10000 ms,13
2026-05-16,ISSUED_DOCUMENT_EVIDENCE,IOS,6.5.0,5001-10000 ms,3
2026-05-16,ISSUED_DOCUMENT_EVIDENCE,IOS,6.6.2,5001-10000 ms,8
2026-05-16,ISSUED_DOCUMENT_DETAILS,IOS,6.6.0,5001-10000 ms,26
2026-05-16,DOCUMENTS_LIST,IOS,6.6.1,5001-10000 ms,9
2026-05-16,UPLOADED_DOCUMENT_EVIDENCE,IOS,6.7.0,5001-10000 ms,33
2026-05-16,ISSUERS_LIST,IOS,6.7.0,5001-10000 ms,356
2026-05-16,DOCUMENTS_LIST,IOS,6.7.0,5001-10000 ms,654
2026-05-16,ISSUED_DOCUMENT_DETAILS,IOS,6.7.0,5001-10000 ms,654
2026-05-16,ISSUED_DOCUMENT_DETAILS,IOS,6.5.0,5001-10000 ms,5
2026-05-16,ISSUED_DOCUMENT_DETAILS,IOS,6.6.1,5001-10000 ms,5
2026-05-16,ISSUED_DOCUMENT_EVIDENCE,IOS,6.6.0,5001-10000 ms,3
2026-05-16,QR_VERIFICATION,IOS,6.7.0,5001-10000 ms,77
2026-05-16,ISSUED_DOCUMENT_EVIDENCE,IOS,6.7.0,5001-10000 ms,2069
2026-05-16,SHARE_DOCUMENT,IOS,6.7.0,5001-10000 ms,21
2026-05-16,NOTIFICATIONS_LIST,IOS,6.7.0,5001-10000 ms,409
2026-05-16,NON_ACTIONABLE_NOTIFICATION_DETAILS,IOS,6.7.0,5001-10000 ms,95
2026-05-16,DOCUMENT_SELECTION_UPLOADED_LIST,IOS,6.7.0,5001-10000 ms,1
2026-05-16,ISSUED_DOCUMENT_DETAILS,IOS,6.6.2,5001-10000 ms,21
2026-05-16,DOCUMENTS_LIST,IOS,6.5.0,5001-10000 ms,18
2026-05-16,ACTIONABLE_NOTIFICATION_DETAILS,IOS,6.7.0,5001-10000 ms,15641
2026-05-16,ISSUED_DOCUMENT_EVIDENCE,IOS,6.6.1,5001-10000 ms,1
2026-05-16,ISSUED_DOCUMENT_EVIDENCE,IOS,6.6.1,501-1000 ms,2
2026-05-16,DOCUMENTS_LIST,IOS,6.6.1,501-1000 ms,185
2026-05-16,DOCUMENTS_LIST,IOS,6.6.0,501-1000 ms,971
2026-05-16,ISSUED_DOCUMENT_DETAILS,IOS,6.6.1,501-1000 ms,48
2026-05-16,SHARE_DOCUMENT,IOS,6.7.0,501-1000 ms,116
2026-05-16,DOCUMENTS_LIST,IOS,6.5.0,501-1000 ms,441
2026-05-16,DOWNLOAD_DOCUMENT,IOS,6.7.0,501-1000 ms,94
2026-05-16,ISSUED_DOCUMENT_DETAILS,IOS,6.5.0,501-1000 ms,99
2026-05-16,NON_ACTIONABLE_NOTIFICATION_DETAILS,IOS,6.7.0,501-1000 ms,8432
2026-05-16,ISSUED_DOCUMENT_EVIDENCE,IOS,6.5.0,501-1000 ms,2
2026-05-16,ISSUED_DOCUMENT_DETAILS,IOS,6.6.2,501-1000 ms,296
2026-05-16,ACTIONABLE_NOTIFICATION_DETAILS,IOS,6.7.0,501-1000 ms,1192
2026-05-16,ISSUED_DOCUMENT_DETAILS,IOS,6.7.0,501-1000 ms,8814
2026-05-16,ISSUERS_LIST,IOS,6.7.0,501-1000 ms,153
2026-05-16,DOCUMENT_SELECTION_ISSUED_LIST,IOS,6.7.0,501-1000 ms,51
2026-05-16,ISSUED_DOCUMENT_EVIDENCE,IOS,6.6.0,501-1000 ms,9
2026-05-16,DOCUMENT_SELECTION_UPLOADED_LIST,IOS,6.7.0,501-1000 ms,1
2026-05-16,DOCUMENTS_LIST,IOS,6.6.2,501-1000 ms,1042
2026-05-16,NOTIFICATIONS_LIST,IOS,6.7.0,501-1000 ms,15509
2026-05-16,DOCUMENTS_LIST,IOS,6.7.0,501-1000 ms,25376
2026-05-16,DOWNLOAD_SELF_SIGN_DOCUMENT,IOS,6.7.0,501-1000 ms,57
2026-05-16,QR_VERIFICATION,IOS,6.7.0,501-1000 ms,1659
2026-05-16,ISSUED_DOCUMENT_EVIDENCE,IOS,6.6.2,501-1000 ms,17
2026-05-16,ISSUED_DOCUMENT_EVIDENCE,IOS,6.7.0,501-1000 ms,1034
2026-05-16,UPLOADED_DOCUMENT_EVIDENCE,IOS,6.7.0,501-1000 ms,358
2026-05-16,ISSUED_DOCUMENT_DETAILS,IOS,6.6.0,501-1000 ms,284
2026-05-16,DOCUMENTS_LIST,IOS,6.7.0,< 0 ms,1
2026-05-16,ISSUERS_LIST,IOS,6.7.0,< 0 ms,3
2026-05-16,ACTIONABLE_NOTIFICATION_DETAILS,IOS,6.7.0,< 0 ms,16
2026-05-16,ISSUED_DOCUMENT_EVIDENCE,IOS,6.7.0,= 0 ms,266
2026-05-16,ISSUED_DOCUMENT_DETAILS,IOS,6.6.2,= 0 ms,72
2026-05-16,NOTIFICATIONS_LIST,IOS,6.7.0,= 0 ms,36138
2026-05-16,ISSUED_DOCUMENT_EVIDENCE,IOS,6.6.1,= 0 ms,75
2026-05-16,DOCUMENT_SELECTION_UPLOADED_LIST,IOS,6.7.0,= 0 ms,1
2026-05-16,DOCUMENTS_LIST,IOS,6.6.0,= 0 ms,727
2026-05-16,ISSUED_DOCUMENT_EVIDENCE,IOS,6.6.0,= 0 ms,458
2026-05-16,DOCUMENTS_LIST,IOS,6.7.0,= 0 ms,22083
2026-05-16,DOWNLOAD_DOCUMENT,IOS,6.7.0,= 0 ms,6
2026-05-16,UPLOADED_DOCUMENT_EVIDENCE,IOS,6.7.0,= 0 ms,114
2026-05-16,ISSUED_DOCUMENT_DETAILS,IOS,6.5.0,= 0 ms,33
2026-05-16,ACTIONABLE_NOTIFICATION_DETAILS,IOS,6.7.0,= 0 ms,1939
2026-05-16,ISSUED_DOCUMENT_EVIDENCE,IOS,6.6.2,= 0 ms,449
2026-05-16,SHARE_DOCUMENT,IOS,6.7.0,= 0 ms,7
2026-05-16,DOWNLOAD_SELF_SIGN_DOCUMENT,IOS,6.7.0,= 0 ms,45
2026-05-16,DOCUMENTS_LIST,IOS,6.5.0,= 0 ms,308
2026-05-16,QR_VERIFICATION,IOS,6.7.0,= 0 ms,585
2026-05-16,ISSUED_DOCUMENT_DETAILS,IOS,6.6.0,= 0 ms,79
2026-05-16,ISSUED_DOCUMENT_DETAILS,IOS,6.7.0,= 0 ms,2750
2026-05-16,DOCUMENTS_LIST,IOS,6.6.2,= 0 ms,709
2026-05-16,DOCUMENT_SELECTION_ISSUED_LIST,IOS,6.7.0,= 0 ms,4
2026-05-16,DOCUMENTS_LIST,IOS,6.6.1,= 0 ms,140
2026-05-16,ISSUED_DOCUMENT_EVIDENCE,IOS,6.5.0,= 0 ms,164
2026-05-16,ISSUERS_LIST,IOS,6.7.0,= 0 ms,2688
2026-05-16,ISSUED_DOCUMENT_DETAILS,IOS,6.6.1,= 0 ms,16
2026-05-16,NON_ACTIONABLE_NOTIFICATION_DETAILS,IOS,6.7.0,= 0 ms,20238
2026-05-17,DOCUMENTS_LIST,IOS,6.6.0,10000+ ms,25
2026-05-17,DOWNLOAD_DOCUMENT,IOS,6.7.0,10000+ ms,19
2026-05-17,ISSUED_DOCUMENT_DETAILS,IOS,6.7.0,10000+ ms,1253
2026-05-17,ISSUED_DOCUMENT_DETAILS,IOS,6.6.2,10000+ ms,47
2026-05-17,UPLOADED_DOCUMENT_EVIDENCE,IOS,6.7.0,10000+ ms,29
2026-05-17,ISSUED_DOCUMENT_DETAILS,IOS,6.6.0,10000+ ms,41
2026-05-17,ISSUED_DOCUMENT_EVIDENCE,IOS,6.6.2,10000+ ms,13
2026-05-17,SHARE_DOCUMENT,IOS,6.7.0,10000+ ms,43
2026-05-17,NON_ACTIONABLE_NOTIFICATION_DETAILS,IOS,6.7.0,10000+ ms,89
2026-05-17,ISSUED_DOCUMENT_EVIDENCE,IOS,6.7.0,10000+ ms,1733
2026-05-17,NOTIFICATIONS_LIST,IOS,6.7.0,10000+ ms,259
2026-05-17,DOCUMENT_SELECTION_ISSUED_LIST,IOS,6.7.0,10000+ ms,13
2026-05-17,ISSUED_DOCUMENT_DETAILS,IOS,6.5.0,10000+ ms,17
2026-05-17,ISSUERS_LIST,IOS,6.7.0,10000+ ms,169
2026-05-17,DOCUMENTS_LIST,IOS,6.7.0,10000+ ms,388
2026-05-17,DOCUMENTS_LIST,IOS,6.5.0,10000+ ms,9
2026-05-17,DOCUMENT_SELECTION_UPLOADED_LIST,IOS,6.7.0,10000+ ms,1
2026-05-17,QR_VERIFICATION,IOS,6.7.0,10000+ ms,172
2026-05-17,ISSUED_DOCUMENT_EVIDENCE,IOS,6.6.0,10000+ ms,12
2026-05-17,DOCUMENTS_LIST,IOS,6.6.2,10000+ ms,27
2026-05-17,ACTIONABLE_NOTIFICATION_DETAILS,IOS,6.7.0,10000+ ms,2662
2026-05-17,DOCUMENTS_LIST,IOS,6.6.1,10000+ ms,6
2026-05-17,DOWNLOAD_SELF_SIGN_DOCUMENT,IOS,6.7.0,10000+ ms,16
2026-05-17,ISSUED_DOCUMENT_DETAILS,IOS,6.6.1,10000+ ms,11
2026-05-17,ISSUED_DOCUMENT_EVIDENCE,IOS,6.5.0,10000+ ms,6
2026-05-17,ISSUED_DOCUMENT_EVIDENCE,IOS,6.6.1,10000+ ms,5
2026-05-17,NON_ACTIONABLE_NOTIFICATION_DETAILS,IOS,6.7.0,1001-5000 ms,721
2026-05-17,DOCUMENT_SELECTION_ISSUED_LIST,IOS,6.7.0,1001-5000 ms,9
2026-05-17,ISSUED_DOCUMENT_DETAILS,IOS,6.6.0,1001-5000 ms,86
2026-05-17,DOCUMENTS_LIST,IOS,6.5.0,1001-5000 ms,99
2026-05-17,ACTIONABLE_NOTIFICATION_DETAILS,IOS,6.7.0,1001-5000 ms,7155
2026-05-17,DOCUMENTS_LIST,IOS,6.6.1,1001-5000 ms,42
2026-05-17,DOWNLOAD_SELF_SIGN_DOCUMENT,IOS,6.7.0,1001-5000 ms,10
2026-05-17,ISSUED_DOCUMENT_EVIDENCE,IOS,6.7.0,1001-5000 ms,7127
2026-05-17,DOCUMENTS_LIST,IOS,6.6.0,1001-5000 ms,245
2026-05-17,ISSUED_DOCUMENT_EVIDENCE,IOS,6.6.1,1001-5000 ms,11
2026-05-17,ISSUED_DOCUMENT_DETAILS,IOS,6.6.1,1001-5000 ms,20
2026-05-17,SHARE_DOCUMENT,IOS,6.7.0,1001-5000 ms,92
2026-05-17,NOTIFICATIONS_LIST,IOS,6.7.0,1001-5000 ms,2657
2026-05-17,DOCUMENTS_LIST,IOS,6.6.2,1001-5000 ms,214
2026-05-17,UPLOADED_DOCUMENT_EVIDENCE,IOS,6.7.0,1001-5000 ms,162
2026-05-17,ISSUED_DOCUMENT_EVIDENCE,IOS,6.6.2,1001-5000 ms,25
2026-05-17,ISSUED_DOCUMENT_DETAILS,IOS,6.6.2,1001-5000 ms,75
2026-05-17,ISSUED_DOCUMENT_DETAILS,IOS,6.7.0,1001-5000 ms,1957
2026-05-17,ISSUERS_LIST,IOS,6.7.0,1001-5000 ms,16854
2026-05-17,QR_VERIFICATION,IOS,6.7.0,1001-5000 ms,294
2026-05-17,ISSUED_DOCUMENT_DETAILS,IOS,6.5.0,1001-5000 ms,33
2026-05-17,ISSUED_DOCUMENT_EVIDENCE,IOS,6.5.0,1001-5000 ms,15
2026-05-17,ISSUED_DOCUMENT_EVIDENCE,IOS,6.6.0,1001-5000 ms,24
2026-05-17,DOWNLOAD_DOCUMENT,IOS,6.7.0,1001-5000 ms,80
2026-05-17,DOCUMENTS_LIST,IOS,6.7.0,1001-5000 ms,3901
2026-05-17,DOWNLOAD_DOCUMENT,IOS,6.7.0,5001-10000 ms,11
2026-05-17,DOCUMENT_SELECTION_ISSUED_LIST,IOS,6.7.0,5001-10000 ms,2
2026-05-17,NON_ACTIONABLE_NOTIFICATION_DETAILS,IOS,6.7.0,5001-10000 ms,68
2026-05-17,ISSUED_DOCUMENT_DETAILS,IOS,6.5.0,5001-10000 ms,6
2026-05-17,ISSUED_DOCUMENT_EVIDENCE,IOS,6.6.2,5001-10000 ms,1
2026-05-17,DOCUMENTS_LIST,IOS,6.5.0,5001-10000 ms,10
2026-05-17,ISSUED_DOCUMENT_DETAILS,IOS,6.6.2,5001-10000 ms,15
2026-05-17,DOCUMENTS_LIST,IOS,6.6.1,5001-10000 ms,7
2026-05-17,ISSUED_DOCUMENT_EVIDENCE,IOS,6.6.0,5001-10000 ms,1
2026-05-17,QR_VERIFICATION,IOS,6.7.0,5001-10000 ms,64
2026-05-17,ACTIONABLE_NOTIFICATION_DETAILS,IOS,6.7.0,5001-10000 ms,15311
2026-05-17,DOCUMENTS_LIST,IOS,6.6.2,5001-10000 ms,37
2026-05-17,ISSUED_DOCUMENT_DETAILS,IOS,6.6.1,5001-10000 ms,5
2026-05-17,NOTIFICATIONS_LIST,IOS,6.7.0,5001-10000 ms,327
2026-05-17,ISSUED_DOCUMENT_EVIDENCE,IOS,6.7.0,5001-10000 ms,1856
2026-05-17,UPLOADED_DOCUMENT_EVIDENCE,IOS,6.7.0,5001-10000 ms,28
2026-05-17,ISSUED_DOCUMENT_EVIDENCE,IOS,6.6.1,5001-10000 ms,1
2026-05-17,SHARE_DOCUMENT,IOS,6.7.0,5001-10000 ms,20
2026-05-17,ISSUED_DOCUMENT_DETAILS,IOS,6.7.0,5001-10000 ms,558
2026-05-17,ISSUED_DOCUMENT_DETAILS,IOS,6.6.0,5001-10000 ms,32
2026-05-17,DOWNLOAD_SELF_SIGN_DOCUMENT,IOS,6.7.0,5001-10000 ms,2
2026-05-17,DOCUMENTS_LIST,IOS,6.7.0,5001-10000 ms,542
2026-05-17,DOCUMENTS_LIST,IOS,6.6.0,5001-10000 ms,38
2026-05-17,ISSUED_DOCUMENT_EVIDENCE,IOS,6.5.0,5001-10000 ms,2
2026-05-17,ISSUERS_LIST,IOS,6.7.0,5001-10000 ms,293
2026-05-17,ISSUED_DOCUMENT_EVIDENCE,IOS,6.6.0,501-1000 ms,14
2026-05-17,SHARE_DOCUMENT,IOS,6.7.0,501-1000 ms,89
2026-05-17,DOCUMENTS_LIST,IOS,6.5.0,501-1000 ms,332
2026-05-17,ISSUED_DOCUMENT_DETAILS,IOS,6.7.0,501-1000 ms,7510
2026-05-17,ISSUED_DOCUMENT_DETAILS,IOS,6.6.1,501-1000 ms,52
2026-05-17,DOWNLOAD_SELF_SIGN_DOCUMENT,IOS,6.7.0,501-1000 ms,36
2026-05-17,DOCUMENT_SELECTION_ISSUED_LIST,IOS,6.7.0,501-1000 ms,22
2026-05-17,ISSUED_DOCUMENT_EVIDENCE,IOS,6.6.1,501-1000 ms,2
2026-05-17,ISSUED_DOCUMENT_EVIDENCE,IOS,6.5.0,501-1000 ms,1
2026-05-17,DOCUMENTS_LIST,IOS,6.6.0,501-1000 ms,826
2026-05-17,UPLOADED_DOCUMENT_EVIDENCE,IOS,6.7.0,501-1000 ms,315
2026-05-17,DOCUMENTS_LIST,IOS,6.6.2,501-1000 ms,796
2026-05-17,ACTIONABLE_NOTIFICATION_DETAILS,IOS,6.7.0,501-1000 ms,1216
2026-05-17,NOTIFICATIONS_LIST,IOS,6.7.0,501-1000 ms,13611
2026-05-17,NON_ACTIONABLE_NOTIFICATION_DETAILS,IOS,6.7.0,501-1000 ms,7285
2026-05-17,ISSUED_DOCUMENT_EVIDENCE,IOS,6.7.0,501-1000 ms,873
2026-05-17,ISSUED_DOCUMENT_DETAILS,IOS,6.6.0,501-1000 ms,235
2026-05-17,DOCUMENTS_LIST,IOS,6.6.1,501-1000 ms,180
2026-05-17,ISSUED_DOCUMENT_DETAILS,IOS,6.6.2,501-1000 ms,226
2026-05-17,ISSUERS_LIST,IOS,6.7.0,501-1000 ms,313
2026-05-17,DOCUMENTS_LIST,IOS,6.7.0,501-1000 ms,21357
2026-05-17,ISSUED_DOCUMENT_DETAILS,IOS,6.5.0,501-1000 ms,107
2026-05-17,ISSUED_DOCUMENT_EVIDENCE,IOS,6.6.2,501-1000 ms,9
2026-05-17,QR_VERIFICATION,IOS,6.7.0,501-1000 ms,1327
2026-05-17,DOWNLOAD_DOCUMENT,IOS,6.7.0,501-1000 ms,82
2026-05-17,ACTIONABLE_NOTIFICATION_DETAILS,IOS,6.7.0,< 0 ms,8
2026-05-17,DOCUMENTS_LIST,IOS,6.7.0,< 0 ms,1
2026-05-17,ISSUED_DOCUMENT_EVIDENCE,IOS,6.5.0,= 0 ms,136
2026-05-17,ISSUED_DOCUMENT_DETAILS,IOS,6.5.0,= 0 ms,28
2026-05-17,QR_VERIFICATION,IOS,6.7.0,= 0 ms,544
2026-05-17,DOCUMENTS_LIST,IOS,6.5.0,= 0 ms,295
2026-05-17,UPLOADED_DOCUMENT_EVIDENCE,IOS,6.7.0,= 0 ms,108
2026-05-17,ISSUED_DOCUMENT_EVIDENCE,IOS,6.6.2,= 0 ms,350
2026-05-17,ISSUED_DOCUMENT_DETAILS,IOS,6.6.1,= 0 ms,10
2026-05-17,SHARE_DOCUMENT,IOS,6.7.0,= 0 ms,7
2026-05-17,DOWNLOAD_SELF_SIGN_DOCUMENT,IOS,6.7.0,= 0 ms,44
2026-05-17,ISSUED_DOCUMENT_DETAILS,IOS,6.6.0,= 0 ms,52
2026-05-17,DOCUMENT_SELECTION_ISSUED_LIST,IOS,6.7.0,= 0 ms,6
2026-05-17,ISSUED_DOCUMENT_DETAILS,IOS,6.7.0,= 0 ms,2655
2026-05-17,ACTIONABLE_NOTIFICATION_DETAILS,IOS,6.7.0,= 0 ms,1722
2026-05-17,DOWNLOAD_DOCUMENT,IOS,6.7.0,= 0 ms,4
2026-05-17,ISSUED_DOCUMENT_EVIDENCE,IOS,6.6.1,= 0 ms,72
2026-05-17,ISSUED_DOCUMENT_EVIDENCE,IOS,6.6.0,= 0 ms,358
2026-05-17,ISSUERS_LIST,IOS,6.7.0,= 0 ms,2256
2026-05-17,ISSUED_DOCUMENT_EVIDENCE,IOS,6.7.0,= 0 ms,233
2026-05-17,NOTIFICATIONS_LIST,IOS,6.7.0,= 0 ms,32072
2026-05-17,DOCUMENTS_LIST,IOS,6.6.1,= 0 ms,117
2026-05-17,ISSUED_DOCUMENT_DETAILS,IOS,6.6.2,= 0 ms,53
2026-05-17,DOCUMENTS_LIST,IOS,6.6.2,= 0 ms,591
2026-05-17,DOCUMENT_SELECTION_UPLOADED_LIST,IOS,6.7.0,= 0 ms,3
2026-05-17,DOCUMENTS_LIST,IOS,6.7.0,= 0 ms,20675
2026-05-17,DOCUMENTS_LIST,IOS,6.6.0,= 0 ms,654
2026-05-17,NON_ACTIONABLE_NOTIFICATION_DETAILS,IOS,6.7.0,= 0 ms,18569
2026-05-18,ISSUED_DOCUMENT_DETAILS,IOS,6.6.2,10000+ ms,61
2026-05-18,ISSUED_DOCUMENT_EVIDENCE,IOS,6.6.2,10000+ ms,66
2026-05-18,ISSUED_DOCUMENT_EVIDENCE,IOS,6.6.1,10000+ ms,7
2026-05-18,DOWNLOAD_DOCUMENT,IOS,6.7.0,10000+ ms,62
2026-05-18,DOWNLOAD_SELF_SIGN_DOCUMENT,IOS,6.7.0,10000+ ms,47
2026-05-18,ISSUED_DOCUMENT_DETAILS,IOS,6.7.0,10000+ ms,2227
2026-05-18,NOTIFICATIONS_LIST,IOS,6.7.0,10000+ ms,459
2026-05-18,ISSUED_DOCUMENT_DETAILS,IOS,6.6.1,10000+ ms,11
2026-05-18,DOCUMENTS_LIST,IOS,6.7.0,10000+ ms,702
2026-05-18,ISSUERS_LIST,IOS,6.7.0,10000+ ms,287
2026-05-18,QR_VERIFICATION,IOS,6.7.0,10000+ ms,255
2026-05-18,SHARE_DOCUMENT,IOS,6.7.0,10000+ ms,90
2026-05-18,DOCUMENTS_LIST,IOS,6.5.0,10000+ ms,17
2026-05-18,DOCUMENT_SELECTION_ISSUED_LIST,IOS,6.7.0,10000+ ms,27
2026-05-18,ISSUED_DOCUMENT_DETAILS,IOS,6.6.0,10000+ ms,71
2026-05-18,ISSUED_DOCUMENT_DETAILS,IOS,6.5.0,10000+ ms,23
2026-05-18,UPLOADED_DOCUMENT_EVIDENCE,IOS,6.7.0,10000+ ms,51
2026-05-18,DOCUMENTS_LIST,IOS,6.6.0,10000+ ms,36
2026-05-18,ISSUED_DOCUMENT_EVIDENCE,IOS,6.5.0,10000+ ms,25
2026-05-18,DOCUMENTS_LIST,IOS,6.6.2,10000+ ms,31
2026-05-18,ISSUED_DOCUMENT_EVIDENCE,IOS,6.7.0,10000+ ms,4589
2026-05-18,DOCUMENT_SELECTION_UPLOADED_LIST,IOS,6.7.0,10000+ ms,2
2026-05-18,ACTIONABLE_NOTIFICATION_DETAILS,IOS,6.7.0,10000+ ms,5939
2026-05-18,ISSUED_DOCUMENT_EVIDENCE,IOS,6.6.0,10000+ ms,53
2026-05-18,NON_ACTIONABLE_NOTIFICATION_DETAILS,IOS,6.7.0,10000+ ms,138
2026-05-18,DOCUMENTS_LIST,IOS,6.6.1,10000+ ms,7
2026-05-18,DOCUMENTS_LIST,IOS,6.6.2,1001-5000 ms,403
2026-05-18,UPLOADED_DOCUMENT_EVIDENCE,IOS,6.7.0,1001-5000 ms,352
2026-05-18,DOWNLOAD_DOCUMENT,IOS,6.7.0,1001-5000 ms,205
2026-05-18,DOCUMENT_SELECTION_ISSUED_LIST,IOS,6.7.0,1001-5000 ms,30
2026-05-18,ISSUED_DOCUMENT_EVIDENCE,IOS,6.6.1,1001-5000 ms,13
2026-05-18,ISSUED_DOCUMENT_DETAILS,IOS,6.6.2,1001-5000 ms,130
2026-05-18,DOCUMENTS_LIST,IOS,6.5.0,1001-5000 ms,176
2026-05-18,ISSUED_DOCUMENT_EVIDENCE,IOS,6.7.0,1001-5000 ms,11045
2026-05-18,DOCUMENTS_LIST,IOS,6.7.0,1001-5000 ms,8611
2026-05-18,NOTIFICATIONS_LIST,IOS,6.7.0,1001-5000 ms,5438
2026-05-18,ISSUED_DOCUMENT_DETAILS,IOS,6.7.0,1001-5000 ms,3811
2026-05-18,SHARE_DOCUMENT,IOS,6.7.0,1001-5000 ms,242
2026-05-18,ISSUED_DOCUMENT_EVIDENCE,IOS,6.6.0,1001-5000 ms,26
2026-05-18,QR_VERIFICATION,IOS,6.7.0,1001-5000 ms,661
2026-05-18,ISSUED_DOCUMENT_DETAILS,IOS,6.6.0,1001-5000 ms,98
2026-05-18,DOWNLOAD_SELF_SIGN_DOCUMENT,IOS,6.7.0,1001-5000 ms,49
2026-05-18,ISSUED_DOCUMENT_EVIDENCE,IOS,6.5.0,1001-5000 ms,18
2026-05-18,DOCUMENTS_LIST,IOS,6.6.1,1001-5000 ms,65
2026-05-18,ISSUED_DOCUMENT_EVIDENCE,IOS,6.6.2,1001-5000 ms,34
2026-05-18,DOCUMENTS_LIST,IOS,6.6.0,1001-5000 ms,337
2026-05-18,ACTIONABLE_NOTIFICATION_DETAILS,IOS,6.7.0,1001-5000 ms,9107
2026-05-18,ISSUED_DOCUMENT_DETAILS,IOS,6.6.1,1001-5000 ms,21
2026-05-18,ISSUED_DOCUMENT_DETAILS,IOS,6.5.0,1001-5000 ms,57
2026-05-18,NON_ACTIONABLE_NOTIFICATION_DETAILS,IOS,6.7.0,1001-5000 ms,1351
2026-05-18,ISSUERS_LIST,IOS,6.7.0,1001-5000 ms,29020
2026-05-18,ISSUED_DOCUMENT_EVIDENCE,IOS,6.6.0,5001-10000 ms,4
2026-05-18,ISSUED_DOCUMENT_EVIDENCE,IOS,6.6.2,5001-10000 ms,8
2026-05-18,NON_ACTIONABLE_NOTIFICATION_DETAILS,IOS,6.7.0,5001-10000 ms,106
2026-05-18,ISSUED_DOCUMENT_DETAILS,IOS,6.6.1,5001-10000 ms,4
2026-05-18,ISSUED_DOCUMENT_DETAILS,IOS,6.6.0,5001-10000 ms,21
2026-05-18,QR_VERIFICATION,IOS,6.7.0,5001-10000 ms,108
2026-05-18,ISSUED_DOCUMENT_DETAILS,IOS,6.6.2,5001-10000 ms,15
2026-05-18,SHARE_DOCUMENT,IOS,6.7.0,5001-10000 ms,49
2026-05-18,DOCUMENTS_LIST,IOS,6.5.0,5001-10000 ms,25
2026-05-18,DOWNLOAD_SELF_SIGN_DOCUMENT,IOS,6.7.0,5001-10000 ms,17
2026-05-18,DOCUMENTS_LIST,IOS,6.7.0,5001-10000 ms,964
2026-05-18,DOCUMENT_SELECTION_ISSUED_LIST,IOS,6.7.0,5001-10000 ms,3
2026-05-18,ISSUED_DOCUMENT_EVIDENCE,IOS,6.7.0,5001-10000 ms,3630
2026-05-18,NOTIFICATIONS_LIST,IOS,6.7.0,5001-10000 ms,598
2026-05-18,DOWNLOAD_DOCUMENT,IOS,6.7.0,5001-10000 ms,30
2026-05-18,ISSUERS_LIST,IOS,6.7.0,5001-10000 ms,776
2026-05-18,ACTIONABLE_NOTIFICATION_DETAILS,IOS,6.7.0,5001-10000 ms,15221
2026-05-18,ISSUED_DOCUMENT_DETAILS,IOS,6.5.0,5001-10000 ms,4
2026-05-18,DOCUMENTS_LIST,IOS,6.6.1,5001-10000 ms,6
2026-05-18,DOCUMENTS_LIST,IOS,6.6.0,5001-10000 ms,43
2026-05-18,DOCUMENTS_LIST,IOS,6.6.2,5001-10000 ms,44
2026-05-18,UPLOADED_DOCUMENT_EVIDENCE,IOS,6.7.0,5001-10000 ms,39
2026-05-18,ISSUED_DOCUMENT_DETAILS,IOS,6.7.0,5001-10000 ms,905
2026-05-18,DOWNLOAD_SELF_SIGN_DOCUMENT,IOS,6.7.0,501-1000 ms,129
2026-05-18,SHARE_DOCUMENT,IOS,6.7.0,501-1000 ms,133
2026-05-18,ISSUED_DOCUMENT_DETAILS,IOS,6.7.0,501-1000 ms,12719
2026-05-18,ISSUED_DOCUMENT_DETAILS,IOS,6.6.2,501-1000 ms,283
2026-05-18,ISSUED_DOCUMENT_DETAILS,IOS,6.5.0,501-1000 ms,177
2026-05-18,UPLOADED_DOCUMENT_EVIDENCE,IOS,6.7.0,501-1000 ms,552
2026-05-18,NOTIFICATIONS_LIST,IOS,6.7.0,501-1000 ms,26573
2026-05-18,DOWNLOAD_DOCUMENT,IOS,6.7.0,501-1000 ms,114
2026-05-18,DOCUMENT_SELECTION_ISSUED_LIST,IOS,6.7.0,501-1000 ms,48
2026-05-18,DOCUMENTS_LIST,IOS,6.7.0,501-1000 ms,38681
2026-05-18,ACTIONABLE_NOTIFICATION_DETAILS,IOS,6.7.0,501-1000 ms,1098
2026-05-18,ISSUED_DOCUMENT_EVIDENCE,IOS,6.6.2,501-1000 ms,10
2026-05-18,DOCUMENTS_LIST,IOS,6.6.1,501-1000 ms,262
2026-05-18,ISSUED_DOCUMENT_EVIDENCE,IOS,6.7.0,501-1000 ms,1114
2026-05-18,QR_VERIFICATION,IOS,6.7.0,501-1000 ms,2475
2026-05-18,DOCUMENTS_LIST,IOS,6.6.2,501-1000 ms,1225
2026-05-18,ISSUED_DOCUMENT_DETAILS,IOS,6.6.1,501-1000 ms,60
2026-05-18,ISSUED_DOCUMENT_EVIDENCE,IOS,6.5.0,501-1000 ms,4
2026-05-18,ISSUED_DOCUMENT_DETAILS,IOS,6.6.0,501-1000 ms,376
2026-05-18,ISSUED_DOCUMENT_EVIDENCE,IOS,6.6.1,501-1000 ms,7
2026-05-18,DOCUMENTS_LIST,IOS,6.5.0,501-1000 ms,694
2026-05-18,NON_ACTIONABLE_NOTIFICATION_DETAILS,IOS,6.7.0,501-1000 ms,12881
2026-05-18,ISSUED_DOCUMENT_EVIDENCE,IOS,6.6.0,501-1000 ms,10
2026-05-18,ISSUERS_LIST,IOS,6.7.0,501-1000 ms,331
2026-05-18,DOCUMENTS_LIST,IOS,6.6.0,501-1000 ms,1342
2026-05-18,ISSUED_DOCUMENT_EVIDENCE,IOS,6.6.0,< 0 ms,1
2026-05-18,ISSUED_DOCUMENT_EVIDENCE,IOS,6.6.2,< 0 ms,3
2026-05-18,ACTIONABLE_NOTIFICATION_DETAILS,IOS,6.7.0,< 0 ms,23
2026-05-18,ISSUED_DOCUMENT_EVIDENCE,IOS,6.7.0,< 0 ms,1
2026-05-18,DOCUMENTS_LIST,IOS,6.7.0,< 0 ms,4
2026-05-18,ISSUED_DOCUMENT_DETAILS,IOS,6.7.0,= 0 ms,3490
2026-05-18,ISSUED_DOCUMENT_EVIDENCE,IOS,6.6.0,= 0 ms,552
2026-05-18,ACTIONABLE_NOTIFICATION_DETAILS,IOS,6.7.0,= 0 ms,3098
2026-05-18,NON_ACTIONABLE_NOTIFICATION_DETAILS,IOS,6.7.0,= 0 ms,29841
2026-05-18,ISSUED_DOCUMENT_EVIDENCE,IOS,6.6.2,= 0 ms,509
2026-05-18,DOWNLOAD_DOCUMENT,IOS,6.7.0,= 0 ms,5
2026-05-18,DOWNLOAD_SELF_SIGN_DOCUMENT,IOS,6.7.0,= 0 ms,73
2026-05-18,DOCUMENTS_LIST,IOS,6.6.0,= 0 ms,984
2026-05-18,DOCUMENTS_LIST,IOS,6.6.2,= 0 ms,759
2026-05-18,ISSUED_DOCUMENT_DETAILS,IOS,6.6.2,= 0 ms,80
2026-05-18,DOCUMENT_SELECTION_ISSUED_LIST,IOS,6.7.0,= 0 ms,10
2026-05-18,ISSUED_DOCUMENT_DETAILS,IOS,6.6.1,= 0 ms,11
2026-05-18,SHARE_DOCUMENT,IOS,6.7.0,= 0 ms,6
2026-05-18,UPLOADED_DOCUMENT_EVIDENCE,IOS,6.7.0,= 0 ms,145
2026-05-18,ISSUED_DOCUMENT_EVIDENCE,IOS,6.7.0,= 0 ms,574
2026-05-18,ISSUERS_LIST,IOS,6.7.0,= 0 ms,4120
2026-05-18,DOCUMENTS_LIST,IOS,6.5.0,= 0 ms,471
2026-05-18,ISSUED_DOCUMENT_DETAILS,IOS,6.5.0,= 0 ms,42
2026-05-18,DOCUMENTS_LIST,IOS,6.6.1,= 0 ms,168
2026-05-18,ISSUED_DOCUMENT_EVIDENCE,IOS,6.5.0,= 0 ms,265
2026-05-18,DOCUMENTS_LIST,IOS,6.7.0,= 0 ms,30884
2026-05-18,NOTIFICATIONS_LIST,IOS,6.7.0,= 0 ms,57647
2026-05-18,ISSUED_DOCUMENT_DETAILS,IOS,6.6.0,= 0 ms,72
2026-05-18,ISSUED_DOCUMENT_EVIDENCE,IOS,6.6.1,= 0 ms,95
2026-05-18,QR_VERIFICATION,IOS,6.7.0,= 0 ms,669
2026-05-19,QR_VERIFICATION,IOS,6.7.0,10000+ ms,281
2026-05-19,SHARE_DOCUMENT,IOS,6.7.0,10000+ ms,85
2026-05-19,ISSUED_DOCUMENT_EVIDENCE,IOS,6.6.2,10000+ ms,26
2026-05-19,ACTIONABLE_NOTIFICATION_DETAILS,IOS,6.7.0,10000+ ms,4841
2026-05-19,ISSUERS_LIST,IOS,6.7.0,10000+ ms,310
2026-05-19,DOCUMENT_SELECTION_UPLOADED_LIST,IOS,6.7.0,10000+ ms,1
2026-05-19,ISSUED_DOCUMENT_EVIDENCE,IOS,6.6.0,10000+ ms,25
2026-05-19,DOCUMENTS_LIST,IOS,6.6.2,10000+ ms,24
2026-05-19,DOWNLOAD_SELF_SIGN_DOCUMENT,IOS,6.7.0,10000+ ms,41
2026-05-19,ISSUED_DOCUMENT_DETAILS,IOS,6.5.0,10000+ ms,27
2026-05-19,DOCUMENTS_LIST,IOS,6.5.0,10000+ ms,23
2026-05-19,UPLOADED_DOCUMENT_EVIDENCE,IOS,6.7.0,10000+ ms,44
2026-05-19,ISSUED_DOCUMENT_DETAILS,IOS,6.7.0,10000+ ms,2303
2026-05-19,DOCUMENTS_LIST,IOS,6.7.0,10000+ ms,802
2026-05-19,DOWNLOAD_DOCUMENT,IOS,6.7.0,10000+ ms,56
2026-05-19,ISSUED_DOCUMENT_EVIDENCE,IOS,6.5.0,10000+ ms,12
2026-05-19,ISSUED_DOCUMENT_DETAILS,IOS,6.6.2,10000+ ms,56
2026-05-19,DOCUMENT_SELECTION_ISSUED_LIST,IOS,6.7.0,10000+ ms,25
2026-05-19,ISSUED_DOCUMENT_EVIDENCE,IOS,6.7.0,10000+ ms,3694
2026-05-19,ISSUED_DOCUMENT_DETAILS,IOS,6.6.1,10000+ ms,13
2026-05-19,NON_ACTIONABLE_NOTIFICATION_DETAILS,IOS,6.7.0,10000+ ms,196
2026-05-19,DOCUMENTS_LIST,IOS,6.6.1,10000+ ms,6
2026-05-19,DOCUMENTS_LIST,IOS,6.6.0,10000+ ms,47
2026-05-19,ISSUED_DOCUMENT_EVIDENCE,IOS,6.6.1,10000+ ms,8
2026-05-19,ISSUED_DOCUMENT_DETAILS,IOS,6.6.0,10000+ ms,65
2026-05-19,NOTIFICATIONS_LIST,IOS,6.7.0,10000+ ms,529
2026-05-19,ISSUED_DOCUMENT_DETAILS,IOS,6.6.2,1001-5000 ms,101
2026-05-19,ISSUED_DOCUMENT_DETAILS,IOS,6.5.0,1001-5000 ms,54
2026-05-19,ISSUED_DOCUMENT_EVIDENCE,IOS,6.6.1,1001-5000 ms,10
2026-05-19,ISSUED_DOCUMENT_DETAILS,IOS,6.6.0,1001-5000 ms,123
2026-05-19,DOWNLOAD_SELF_SIGN_DOCUMENT,IOS,6.7.0,1001-5000 ms,31
2026-05-19,DOCUMENT_SELECTION_ISSUED_LIST,IOS,6.7.0,1001-5000 ms,23
2026-05-19,ISSUED_DOCUMENT_EVIDENCE,IOS,6.6.0,1001-5000 ms,40
2026-05-19,ISSUED_DOCUMENT_EVIDENCE,IOS,6.5.0,1001-5000 ms,15
2026-05-19,NON_ACTIONABLE_NOTIFICATION_DETAILS,IOS,6.7.0,1001-5000 ms,1317
2026-05-19,DOCUMENTS_LIST,IOS,6.6.1,1001-5000 ms,62
2026-05-19,ISSUED_DOCUMENT_EVIDENCE,IOS,6.6.2,1001-5000 ms,38
2026-05-19,DOCUMENTS_LIST,IOS,6.7.0,1001-5000 ms,7259
2026-05-19,QR_VERIFICATION,IOS,6.7.0,1001-5000 ms,656
2026-05-19,SHARE_DOCUMENT,IOS,6.7.0,1001-5000 ms,227
2026-05-19,ISSUED_DOCUMENT_DETAILS,IOS,6.6.1,1001-5000 ms,19
2026-05-19,NOTIFICATIONS_LIST,IOS,6.7.0,1001-5000 ms,4950
2026-05-19,DOCUMENTS_LIST,IOS,6.5.0,1001-5000 ms,138
2026-05-19,DOCUMENTS_LIST,IOS,6.6.2,1001-5000 ms,287
2026-05-19,ISSUED_DOCUMENT_EVIDENCE,IOS,6.7.0,1001-5000 ms,11049
2026-05-19,ACTIONABLE_NOTIFICATION_DETAILS,IOS,6.7.0,1001-5000 ms,8742
2026-05-19,ISSUED_DOCUMENT_DETAILS,IOS,6.7.0,1001-5000 ms,3740
2026-05-19,ISSUERS_LIST,IOS,6.7.0,1001-5000 ms,28721
2026-05-19,UPLOADED_DOCUMENT_EVIDENCE,IOS,6.7.0,1001-5000 ms,294
2026-05-19,DOWNLOAD_DOCUMENT,IOS,6.7.0,1001-5000 ms,185
2026-05-19,DOCUMENTS_LIST,IOS,6.6.0,1001-5000 ms,330
2026-05-19,NOTIFICATIONS_LIST,IOS,6.7.0,5001-10000 ms,653
2026-05-19,DOCUMENT_SELECTION_ISSUED_LIST,IOS,6.7.0,5001-10000 ms,4
2026-05-19,NON_ACTIONABLE_NOTIFICATION_DETAILS,IOS,6.7.0,5001-10000 ms,143
2026-05-19,ISSUED_DOCUMENT_DETAILS,IOS,6.7.0,5001-10000 ms,778
2026-05-19,QR_VERIFICATION,IOS,6.7.0,5001-10000 ms,102
2026-05-19,DOCUMENTS_LIST,IOS,6.7.0,5001-10000 ms,902
2026-05-19,ISSUED_DOCUMENT_EVIDENCE,IOS,6.5.0,5001-10000 ms,6
2026-05-19,DOCUMENTS_LIST,IOS,6.6.0,5001-10000 ms,49
2026-05-19,ACTIONABLE_NOTIFICATION_DETAILS,IOS,6.7.0,5001-10000 ms,15490
2026-05-19,UPLOADED_DOCUMENT_EVIDENCE,IOS,6.7.0,5001-10000 ms,33
2026-05-19,ISSUED_DOCUMENT_DETAILS,IOS,6.6.0,5001-10000 ms,19
2026-05-19,ISSUED_DOCUMENT_EVIDENCE,IOS,6.6.0,5001-10000 ms,4
2026-05-19,SHARE_DOCUMENT,IOS,6.7.0,5001-10000 ms,42
2026-05-19,DOCUMENTS_LIST,IOS,6.5.0,5001-10000 ms,28
2026-05-19,DOCUMENTS_LIST,IOS,6.6.2,5001-10000 ms,41
2026-05-19,ISSUED_DOCUMENT_DETAILS,IOS,6.5.0,5001-10000 ms,10
2026-05-19,ISSUED_DOCUMENT_EVIDENCE,IOS,6.6.1,5001-10000 ms,2
2026-05-19,DOCUMENTS_LIST,IOS,6.6.1,5001-10000 ms,7
2026-05-19,ISSUERS_LIST,IOS,6.7.0,5001-10000 ms,610
2026-05-19,ISSUED_DOCUMENT_DETAILS,IOS,6.6.2,5001-10000 ms,9
2026-05-19,ISSUED_DOCUMENT_DETAILS,IOS,6.6.1,5001-10000 ms,4
2026-05-19,ISSUED_DOCUMENT_EVIDENCE,IOS,6.7.0,5001-10000 ms,3656
2026-05-19,ISSUED_DOCUMENT_EVIDENCE,IOS,6.6.2,5001-10000 ms,9
2026-05-19,DOWNLOAD_SELF_SIGN_DOCUMENT,IOS,6.7.0,5001-10000 ms,11
2026-05-19,DOWNLOAD_DOCUMENT,IOS,6.7.0,5001-10000 ms,26
2026-05-19,ISSUED_DOCUMENT_EVIDENCE,IOS,6.6.1,501-1000 ms,4
2026-05-19,DOWNLOAD_DOCUMENT,IOS,6.7.0,501-1000 ms,118
2026-05-19,ISSUERS_LIST,IOS,6.7.0,501-1000 ms,292
2026-05-19,ACTIONABLE_NOTIFICATION_DETAILS,IOS,6.7.0,501-1000 ms,1158
2026-05-19,DOCUMENT_SELECTION_UPLOADED_LIST,IOS,6.7.0,501-1000 ms,1
2026-05-19,ISSUED_DOCUMENT_DETAILS,IOS,6.5.0,501-1000 ms,160
2026-05-19,ISSUED_DOCUMENT_DETAILS,IOS,6.6.0,501-1000 ms,347
2026-05-19,DOCUMENTS_LIST,IOS,6.6.0,501-1000 ms,1330
2026-05-19,DOCUMENTS_LIST,IOS,6.7.0,501-1000 ms,37612
2026-05-19,ISSUED_DOCUMENT_DETAILS,IOS,6.6.2,501-1000 ms,313
2026-05-19,NOTIFICATIONS_LIST,IOS,6.7.0,501-1000 ms,25509
2026-05-19,NON_ACTIONABLE_NOTIFICATION_DETAILS,IOS,6.7.0,501-1000 ms,11972
2026-05-19,SHARE_DOCUMENT,IOS,6.7.0,501-1000 ms,140
2026-05-19,QR_VERIFICATION,IOS,6.7.0,501-1000 ms,2537
2026-05-19,ISSUED_DOCUMENT_EVIDENCE,IOS,6.7.0,501-1000 ms,1094
2026-05-19,ISSUED_DOCUMENT_DETAILS,IOS,6.7.0,501-1000 ms,12179
2026-05-19,DOCUMENTS_LIST,IOS,6.5.0,501-1000 ms,613
2026-05-19,ISSUED_DOCUMENT_EVIDENCE,IOS,6.6.2,501-1000 ms,18
2026-05-19,DOCUMENT_SELECTION_ISSUED_LIST,IOS,6.7.0,501-1000 ms,37
2026-05-19,ISSUED_DOCUMENT_EVIDENCE,IOS,6.5.0,501-1000 ms,4
2026-05-19,DOCUMENTS_LIST,IOS,6.6.1,501-1000 ms,226
2026-05-19,DOWNLOAD_SELF_SIGN_DOCUMENT,IOS,6.7.0,501-1000 ms,112
2026-05-19,UPLOADED_DOCUMENT_EVIDENCE,IOS,6.7.0,501-1000 ms,519
2026-05-19,DOCUMENTS_LIST,IOS,6.6.2,501-1000 ms,1172
2026-05-19,ISSUED_DOCUMENT_DETAILS,IOS,6.6.1,501-1000 ms,60
2026-05-19,ISSUED_DOCUMENT_EVIDENCE,IOS,6.6.0,501-1000 ms,18
2026-05-19,NON_ACTIONABLE_NOTIFICATION_DETAILS,IOS,6.7.0,< 0 ms,1
2026-05-19,DOCUMENTS_LIST,IOS,6.7.0,< 0 ms,1
2026-05-19,ISSUED_DOCUMENT_EVIDENCE,IOS,6.7.0,< 0 ms,2
2026-05-19,ISSUED_DOCUMENT_EVIDENCE,IOS,6.6.2,< 0 ms,2
2026-05-19,ISSUED_DOCUMENT_EVIDENCE,IOS,6.6.0,< 0 ms,1
2026-05-19,ACTIONABLE_NOTIFICATION_DETAILS,IOS,6.7.0,< 0 ms,30
2026-05-19,DOCUMENTS_LIST,IOS,6.6.0,= 0 ms,953
2026-05-19,ISSUED_DOCUMENT_DETAILS,IOS,6.6.0,= 0 ms,74
2026-05-19,SHARE_DOCUMENT,IOS,6.7.0,= 0 ms,7
2026-05-19,DOWNLOAD_DOCUMENT,IOS,6.7.0,= 0 ms,2
2026-05-19,ACTIONABLE_NOTIFICATION_DETAILS,IOS,6.7.0,= 0 ms,2706
2026-05-19,QR_VERIFICATION,IOS,6.7.0,= 0 ms,771
2026-05-19,DOCUMENTS_LIST,IOS,6.5.0,= 0 ms,466
2026-05-19,ISSUED_DOCUMENT_EVIDENCE,IOS,6.7.0,= 0 ms,440
2026-05-19,ISSUERS_LIST,IOS,6.7.0,= 0 ms,3907
2026-05-19,UPLOADED_DOCUMENT_EVIDENCE,IOS,6.7.0,= 0 ms,187
2026-05-19,DOCUMENT_SELECTION_UPLOADED_LIST,IOS,6.7.0,= 0 ms,1
2026-05-19,ISSUED_DOCUMENT_EVIDENCE,IOS,6.6.1,= 0 ms,91
2026-05-19,ISSUED_DOCUMENT_EVIDENCE,IOS,6.6.0,= 0 ms,544
2026-05-19,ISSUED_DOCUMENT_EVIDENCE,IOS,6.6.2,= 0 ms,453
2026-05-19,ISSUED_DOCUMENT_DETAILS,IOS,6.6.2,= 0 ms,65
2026-05-19,DOCUMENTS_LIST,IOS,6.7.0,= 0 ms,31524
2026-05-19,DOCUMENTS_LIST,IOS,6.6.2,= 0 ms,793
2026-05-19,DOWNLOAD_SELF_SIGN_DOCUMENT,IOS,6.7.0,= 0 ms,77
2026-05-19,ISSUED_DOCUMENT_DETAILS,IOS,6.5.0,= 0 ms,36
2026-05-19,ISSUED_DOCUMENT_DETAILS,IOS,6.6.1,= 0 ms,16
2026-05-19,NOTIFICATIONS_LIST,IOS,6.7.0,= 0 ms,56673
2026-05-19,NON_ACTIONABLE_NOTIFICATION_DETAILS,IOS,6.7.0,= 0 ms,29225
2026-05-19,DOCUMENTS_LIST,IOS,6.6.1,= 0 ms,173
2026-05-19,ISSUED_DOCUMENT_EVIDENCE,IOS,6.5.0,= 0 ms,259
2026-05-19,DOCUMENT_SELECTION_ISSUED_LIST,IOS,6.7.0,= 0 ms,4
2026-05-19,ISSUED_DOCUMENT_DETAILS,IOS,6.7.0,= 0 ms,3392
2026-05-20,DOCUMENT_SELECTION_UPLOADED_LIST,IOS,6.7.0,10000+ ms,1
2026-05-20,DOCUMENTS_LIST,IOS,6.6.0,10000+ ms,30
2026-05-20,ISSUED_DOCUMENT_EVIDENCE,IOS,6.7.0,10000+ ms,3428
2026-05-20,ACTIONABLE_NOTIFICATION_DETAILS,IOS,6.7.0,10000+ ms,6062
2026-05-20,ISSUED_DOCUMENT_DETAILS,IOS,6.6.2,10000+ ms,58
2026-05-20,UPLOADED_DOCUMENT_EVIDENCE,IOS,6.7.0,10000+ ms,56
2026-05-20,ISSUED_DOCUMENT_EVIDENCE,IOS,6.6.1,10000+ ms,8
2026-05-20,ISSUED_DOCUMENT_EVIDENCE,IOS,6.6.0,10000+ ms,17
2026-05-20,DOCUMENTS_LIST,IOS,6.7.0,10000+ ms,694
2026-05-20,ISSUED_DOCUMENT_DETAILS,IOS,6.5.0,10000+ ms,28
2026-05-20,ISSUED_DOCUMENT_EVIDENCE,IOS,6.6.2,10000+ ms,23
2026-05-20,DOCUMENTS_LIST,IOS,6.5.0,10000+ ms,24
2026-05-20,DOWNLOAD_SELF_SIGN_DOCUMENT,IOS,6.7.0,10000+ ms,47
2026-05-20,DOCUMENT_SELECTION_ISSUED_LIST,IOS,6.7.0,10000+ ms,20
2026-05-20,ISSUED_DOCUMENT_DETAILS,IOS,6.6.0,10000+ ms,69
2026-05-20,ISSUED_DOCUMENT_EVIDENCE,IOS,6.5.0,10000+ ms,4
2026-05-20,NON_ACTIONABLE_NOTIFICATION_DETAILS,IOS,6.7.0,10000+ ms,162
2026-05-20,NOTIFICATIONS_LIST,IOS,6.7.0,10000+ ms,509
2026-05-20,DOCUMENTS_LIST,IOS,6.6.1,10000+ ms,9
2026-05-20,ISSUED_DOCUMENT_DETAILS,IOS,6.6.1,10000+ ms,14
2026-05-20,SHARE_DOCUMENT,IOS,6.7.0,10000+ ms,72
2026-05-20,ISSUED_DOCUMENT_DETAILS,IOS,6.7.0,10000+ ms,2443
2026-05-20,QR_VERIFICATION,IOS,6.7.0,10000+ ms,262
2026-05-20,DOCUMENTS_LIST,IOS,6.6.2,10000+ ms,30
2026-05-20,DOWNLOAD_DOCUMENT,IOS,6.7.0,10000+ ms,49
2026-05-20,ISSUERS_LIST,IOS,6.7.0,10000+ ms,276
2026-05-20,ISSUED_DOCUMENT_DETAILS,IOS,6.6.0,1001-5000 ms,109
2026-05-20,DOCUMENTS_LIST,IOS,6.6.1,1001-5000 ms,69
2026-05-20,ACTIONABLE_NOTIFICATION_DETAILS,IOS,6.7.0,1001-5000 ms,8127
2026-05-20,ISSUED_DOCUMENT_EVIDENCE,IOS,6.6.1,1001-5000 ms,10
2026-05-20,QR_VERIFICATION,IOS,6.7.0,1001-5000 ms,653
2026-05-20,ISSUED_DOCUMENT_EVIDENCE,IOS,6.7.0,1001-5000 ms,11133
2026-05-20,ISSUED_DOCUMENT_EVIDENCE,IOS,6.6.2,1001-5000 ms,32
2026-05-20,ISSUED_DOCUMENT_EVIDENCE,IOS,6.5.0,1001-5000 ms,21
2026-05-20,ISSUED_DOCUMENT_DETAILS,IOS,6.7.0,1001-5000 ms,3559
2026-05-20,ISSUED_DOCUMENT_DETAILS,IOS,6.6.2,1001-5000 ms,110
2026-05-20,DOCUMENTS_LIST,IOS,6.5.0,1001-5000 ms,159
2026-05-20,DOWNLOAD_SELF_SIGN_DOCUMENT,IOS,6.7.0,1001-5000 ms,40
2026-05-20,SHARE_DOCUMENT,IOS,6.7.0,1001-5000 ms,203
2026-05-20,DOWNLOAD_DOCUMENT,IOS,6.7.0,1001-5000 ms,186
2026-05-20,NOTIFICATIONS_LIST,IOS,6.7.0,1001-5000 ms,5292
2026-05-20,DOCUMENTS_LIST,IOS,6.7.0,1001-5000 ms,7721
2026-05-20,DOCUMENTS_LIST,IOS,6.6.2,1001-5000 ms,285
2026-05-20,ISSUERS_LIST,IOS,6.7.0,1001-5000 ms,28708
2026-05-20,NON_ACTIONABLE_NOTIFICATION_DETAILS,IOS,6.7.0,1001-5000 ms,1271
2026-05-20,DOCUMENT_SELECTION_ISSUED_LIST,IOS,6.7.0,1001-5000 ms,22
2026-05-20,UPLOADED_DOCUMENT_EVIDENCE,IOS,6.7.0,1001-5000 ms,331
2026-05-20,ISSUED_DOCUMENT_DETAILS,IOS,6.5.0,1001-5000 ms,42
2026-05-20,DOCUMENTS_LIST,IOS,6.6.0,1001-5000 ms,331
2026-05-20,ISSUED_DOCUMENT_EVIDENCE,IOS,6.6.0,1001-5000 ms,46
2026-05-20,ISSUED_DOCUMENT_DETAILS,IOS,6.6.1,1001-5000 ms,29
2026-05-20,ISSUED_DOCUMENT_DETAILS,IOS,6.6.0,5001-10000 ms,31
2026-05-20,DOCUMENTS_LIST,IOS,6.6.0,5001-10000 ms,51
2026-05-20,DOWNLOAD_DOCUMENT,IOS,6.7.0,5001-10000 ms,31
2026-05-20,DOCUMENT_SELECTION_ISSUED_LIST,IOS,6.7.0,5001-10000 ms,3
2026-05-20,DOCUMENTS_LIST,IOS,6.5.0,5001-10000 ms,20
2026-05-20,QR_VERIFICATION,IOS,6.7.0,5001-10000 ms,120
2026-05-20,DOWNLOAD_SELF_SIGN_DOCUMENT,IOS,6.7.0,5001-10000 ms,20
2026-05-20,ISSUED_DOCUMENT_EVIDENCE,IOS,6.6.2,5001-10000 ms,4
2026-05-20,DOCUMENT_SELECTION_UPLOADED_LIST,IOS,6.7.0,5001-10000 ms,1
2026-05-20,ISSUED_DOCUMENT_EVIDENCE,IOS,6.6.0,5001-10000 ms,7
2026-05-20,ISSUED_DOCUMENT_DETAILS,IOS,6.6.2,5001-10000 ms,21
2026-05-20,ISSUERS_LIST,IOS,6.7.0,5001-10000 ms,649
2026-05-20,DOCUMENTS_LIST,IOS,6.6.1,5001-10000 ms,6
2026-05-20,SHARE_DOCUMENT,IOS,6.7.0,5001-10000 ms,38
2026-05-20,ISSUED_DOCUMENT_EVIDENCE,IOS,6.6.1,5001-10000 ms,1
2026-05-20,ISSUED_DOCUMENT_DETAILS,IOS,6.6.1,5001-10000 ms,4
2026-05-20,NON_ACTIONABLE_NOTIFICATION_DETAILS,IOS,6.7.0,5001-10000 ms,109
2026-05-20,ISSUED_DOCUMENT_EVIDENCE,IOS,6.7.0,5001-10000 ms,3662
2026-05-20,ISSUED_DOCUMENT_DETAILS,IOS,6.7.0,5001-10000 ms,786
2026-05-20,ISSUED_DOCUMENT_DETAILS,IOS,6.5.0,5001-10000 ms,13
2026-05-20,DOCUMENTS_LIST,IOS,6.7.0,5001-10000 ms,914
2026-05-20,UPLOADED_DOCUMENT_EVIDENCE,IOS,6.7.0,5001-10000 ms,57
2026-05-20,ACTIONABLE_NOTIFICATION_DETAILS,IOS,6.7.0,5001-10000 ms,14892
2026-05-20,DOCUMENTS_LIST,IOS,6.6.2,5001-10000 ms,45
2026-05-20,NOTIFICATIONS_LIST,IOS,6.7.0,5001-10000 ms,610
2026-05-20,DOWNLOAD_DOCUMENT,IOS,6.7.0,501-1000 ms,104
2026-05-20,DOWNLOAD_SELF_SIGN_DOCUMENT,IOS,6.7.0,501-1000 ms,121
2026-05-20,ISSUED_DOCUMENT_EVIDENCE,IOS,6.6.1,501-1000 ms,4
2026-05-20,ISSUED_DOCUMENT_EVIDENCE,IOS,6.6.2,501-1000 ms,11
2026-05-20,DOCUMENTS_LIST,IOS,6.6.2,501-1000 ms,1039
2026-05-20,DOCUMENT_SELECTION_ISSUED_LIST,IOS,6.7.0,501-1000 ms,50
2026-05-20,ISSUED_DOCUMENT_DETAILS,IOS,6.6.2,501-1000 ms,263
2026-05-20,ISSUED_DOCUMENT_EVIDENCE,IOS,6.6.0,501-1000 ms,17
2026-05-20,NOTIFICATIONS_LIST,IOS,6.7.0,501-1000 ms,25218
2026-05-20,ISSUED_DOCUMENT_DETAILS,IOS,6.7.0,501-1000 ms,12234
2026-05-20,SHARE_DOCUMENT,IOS,6.7.0,501-1000 ms,126
2026-05-20,ISSUED_DOCUMENT_EVIDENCE,IOS,6.5.0,501-1000 ms,8
2026-05-20,ISSUED_DOCUMENT_EVIDENCE,IOS,6.7.0,501-1000 ms,1220
2026-05-20,ACTIONABLE_NOTIFICATION_DETAILS,IOS,6.7.0,501-1000 ms,950
2026-05-20,DOCUMENT_SELECTION_UPLOADED_LIST,IOS,6.7.0,501-1000 ms,1
2026-05-20,DOCUMENTS_LIST,IOS,6.7.0,501-1000 ms,37055
2026-05-20,ISSUERS_LIST,IOS,6.7.0,501-1000 ms,250
2026-05-20,DOCUMENTS_LIST,IOS,6.6.0,501-1000 ms,1208
2026-05-20,QR_VERIFICATION,IOS,6.7.0,501-1000 ms,2548
2026-05-20,UPLOADED_DOCUMENT_EVIDENCE,IOS,6.7.0,501-1000 ms,524
2026-05-20,DOCUMENTS_LIST,IOS,6.6.1,501-1000 ms,270
2026-05-20,DOCUMENTS_LIST,IOS,6.5.0,501-1000 ms,575
2026-05-20,ISSUED_DOCUMENT_DETAILS,IOS,6.6.1,501-1000 ms,69
2026-05-20,ISSUED_DOCUMENT_DETAILS,IOS,6.5.0,501-1000 ms,150
2026-05-20,ISSUED_DOCUMENT_DETAILS,IOS,6.6.0,501-1000 ms,325
2026-05-20,NON_ACTIONABLE_NOTIFICATION_DETAILS,IOS,6.7.0,501-1000 ms,12504
2026-05-20,ISSUED_DOCUMENT_EVIDENCE,IOS,6.7.0,< 0 ms,1
2026-05-20,ISSUERS_LIST,IOS,6.7.0,< 0 ms,2
2026-05-20,ACTIONABLE_NOTIFICATION_DETAILS,IOS,6.7.0,< 0 ms,28
2026-05-20,DOCUMENTS_LIST,IOS,6.7.0,< 0 ms,1
2026-05-20,ISSUED_DOCUMENT_EVIDENCE,IOS,6.7.0,= 0 ms,391
2026-05-20,DOCUMENT_SELECTION_UPLOADED_LIST,IOS,6.7.0,= 0 ms,5
2026-05-20,ACTIONABLE_NOTIFICATION_DETAILS,IOS,6.7.0,= 0 ms,2823
2026-05-20,DOWNLOAD_DOCUMENT,IOS,6.7.0,= 0 ms,9
2026-05-20,ISSUED_DOCUMENT_EVIDENCE,IOS,6.6.2,= 0 ms,444
2026-05-20,DOCUMENTS_LIST,IOS,6.6.0,= 0 ms,908
2026-05-20,SHARE_DOCUMENT,IOS,6.7.0,= 0 ms,10
2026-05-20,NOTIFICATIONS_LIST,IOS,6.7.0,= 0 ms,54654
2026-05-20,ISSUED_DOCUMENT_DETAILS,IOS,6.5.0,= 0 ms,37
2026-05-20,ISSUED_DOCUMENT_DETAILS,IOS,6.6.0,= 0 ms,73
2026-05-20,DOCUMENTS_LIST,IOS,6.5.0,= 0 ms,464
2026-05-20,DOCUMENTS_LIST,IOS,6.7.0,= 0 ms,29966
2026-05-20,NON_ACTIONABLE_NOTIFICATION_DETAILS,IOS,6.7.0,= 0 ms,28738
2026-05-20,ISSUERS_LIST,IOS,6.7.0,= 0 ms,3764
2026-05-20,ISSUED_DOCUMENT_DETAILS,IOS,6.7.0,= 0 ms,3411
2026-05-20,ISSUED_DOCUMENT_EVIDENCE,IOS,6.6.0,= 0 ms,530
2026-05-20,QR_VERIFICATION,IOS,6.7.0,= 0 ms,763
2026-05-20,DOCUMENTS_LIST,IOS,6.6.1,= 0 ms,147
2026-05-20,DOWNLOAD_SELF_SIGN_DOCUMENT,IOS,6.7.0,= 0 ms,86
2026-05-20,DOCUMENT_SELECTION_ISSUED_LIST,IOS,6.7.0,= 0 ms,7
2026-05-20,ISSUED_DOCUMENT_EVIDENCE,IOS,6.5.0,= 0 ms,243
2026-05-20,UPLOADED_DOCUMENT_EVIDENCE,IOS,6.7.0,= 0 ms,149
2026-05-20,ISSUED_DOCUMENT_DETAILS,IOS,6.6.2,= 0 ms,47
2026-05-20,DOCUMENTS_LIST,IOS,6.6.2,= 0 ms,662
2026-05-20,ISSUED_DOCUMENT_EVIDENCE,IOS,6.6.1,= 0 ms,103
2026-05-20,ISSUED_DOCUMENT_DETAILS,IOS,6.6.1,= 0 ms,19
2026-05-21,NOTIFICATIONS_LIST,IOS,6.7.0,10000+ ms,571
2026-05-21,DOWNLOAD_DOCUMENT,IOS,6.7.0,10000+ ms,52
2026-05-21,ISSUERS_LIST,IOS,6.7.0,10000+ ms,264
2026-05-21,DOCUMENTS_LIST,IOS,6.6.0,10000+ ms,42
2026-05-21,ISSUED_DOCUMENT_DETAILS,IOS,6.5.0,10000+ ms,34
2026-05-21,QR_VERIFICATION,IOS,6.7.0,10000+ ms,251
2026-05-21,DOCUMENTS_LIST,IOS,6.5.0,10000+ ms,24
2026-05-21,ISSUED_DOCUMENT_EVIDENCE,IOS,6.6.1,10000+ ms,6
2026-05-21,SHARE_DOCUMENT,IOS,6.7.0,10000+ ms,85
2026-05-21,ISSUED_DOCUMENT_DETAILS,IOS,6.6.2,10000+ ms,49
2026-05-21,ACTIONABLE_NOTIFICATION_DETAILS,IOS,6.7.0,10000+ ms,6190
2026-05-21,DOCUMENT_SELECTION_ISSUED_LIST,IOS,6.7.0,10000+ ms,26
2026-05-21,ISSUED_DOCUMENT_EVIDENCE,IOS,6.7.0,10000+ ms,3780
2026-05-21,DOCUMENTS_LIST,IOS,6.7.0,10000+ ms,780
2026-05-21,ISSUED_DOCUMENT_DETAILS,IOS,6.6.1,10000+ ms,16
2026-05-21,ISSUED_DOCUMENT_EVIDENCE,IOS,6.6.2,10000+ ms,22
2026-05-21,DOWNLOAD_SELF_SIGN_DOCUMENT,IOS,6.7.0,10000+ ms,37
2026-05-21,ISSUED_DOCUMENT_EVIDENCE,IOS,6.6.0,10000+ ms,34
2026-05-21,ISSUED_DOCUMENT_DETAILS,IOS,6.6.0,10000+ ms,72
2026-05-21,DOCUMENT_SELECTION_UPLOADED_LIST,IOS,6.7.0,10000+ ms,1
2026-05-21,DOCUMENTS_LIST,IOS,6.6.1,10000+ ms,12
2026-05-21,DOCUMENTS_LIST,IOS,6.6.2,10000+ ms,30
2026-05-21,NON_ACTIONABLE_NOTIFICATION_DETAILS,IOS,6.7.0,10000+ ms,173
2026-05-21,ISSUED_DOCUMENT_DETAILS,IOS,6.7.0,10000+ ms,2318
2026-05-21,ISSUED_DOCUMENT_EVIDENCE,IOS,6.5.0,10000+ ms,12
2026-05-21,UPLOADED_DOCUMENT_EVIDENCE,IOS,6.7.0,10000+ ms,57
2026-05-21,DOWNLOAD_DOCUMENT,IOS,6.7.0,1001-5000 ms,170
2026-05-21,ISSUERS_LIST,IOS,6.7.0,1001-5000 ms,27703
2026-05-21,ISSUED_DOCUMENT_DETAILS,IOS,6.6.0,1001-5000 ms,107
2026-05-21,DOCUMENT_SELECTION_ISSUED_LIST,IOS,6.7.0,1001-5000 ms,27
2026-05-21,DOWNLOAD_SELF_SIGN_DOCUMENT,IOS,6.7.0,1001-5000 ms,44
2026-05-21,ISSUED_DOCUMENT_EVIDENCE,IOS,6.7.0,1001-5000 ms,10590
2026-05-21,ACTIONABLE_NOTIFICATION_DETAILS,IOS,6.7.0,1001-5000 ms,8867
2026-05-21,DOCUMENTS_LIST,IOS,6.6.2,1001-5000 ms,269
2026-05-21,ISSUED_DOCUMENT_EVIDENCE,IOS,6.6.1,1001-5000 ms,8
2026-05-21,ISSUED_DOCUMENT_EVIDENCE,IOS,6.6.2,1001-5000 ms,27
2026-05-21,ISSUED_DOCUMENT_DETAILS,IOS,6.6.2,1001-5000 ms,91
2026-05-21,NOTIFICATIONS_LIST,IOS,6.7.0,1001-5000 ms,4993
2026-05-21,DOCUMENTS_LIST,IOS,6.7.0,1001-5000 ms,7363
2026-05-21,QR_VERIFICATION,IOS,6.7.0,1001-5000 ms,598
2026-05-21,DOCUMENTS_LIST,IOS,6.6.1,1001-5000 ms,62
2026-05-21,DOCUMENTS_LIST,IOS,6.5.0,1001-5000 ms,159
2026-05-21,DOCUMENTS_LIST,IOS,6.6.0,1001-5000 ms,315
2026-05-21,NON_ACTIONABLE_NOTIFICATION_DETAILS,IOS,6.7.0,1001-5000 ms,1163
2026-05-21,UPLOADED_DOCUMENT_EVIDENCE,IOS,6.7.0,1001-5000 ms,313
2026-05-21,ISSUED_DOCUMENT_DETAILS,IOS,6.6.1,1001-5000 ms,16
2026-05-21,ISSUED_DOCUMENT_EVIDENCE,IOS,6.5.0,1001-5000 ms,21
2026-05-21,DOCUMENT_SELECTION_UPLOADED_LIST,IOS,6.7.0,1001-5000 ms,1
2026-05-21,ISSUED_DOCUMENT_DETAILS,IOS,6.5.0,1001-5000 ms,56
2026-05-21,ISSUED_DOCUMENT_EVIDENCE,IOS,6.6.0,1001-5000 ms,41
2026-05-21,ISSUED_DOCUMENT_DETAILS,IOS,6.7.0,1001-5000 ms,3485
2026-05-21,SHARE_DOCUMENT,IOS,6.7.0,1001-5000 ms,207
2026-05-21,QR_VERIFICATION,IOS,6.7.0,5001-10000 ms,114
2026-05-21,NON_ACTIONABLE_NOTIFICATION_DETAILS,IOS,6.7.0,5001-10000 ms,133
2026-05-21,ISSUED_DOCUMENT_EVIDENCE,IOS,6.6.1,5001-10000 ms,2
2026-05-21,ISSUED_DOCUMENT_EVIDENCE,IOS,6.5.0,5001-10000 ms,3
2026-05-21,DOWNLOAD_SELF_SIGN_DOCUMENT,IOS,6.7.0,5001-10000 ms,8
2026-05-21,DOCUMENTS_LIST,IOS,6.6.2,5001-10000 ms,34
2026-05-21,ISSUED_DOCUMENT_EVIDENCE,IOS,6.7.0,5001-10000 ms,3676
2026-05-21,DOCUMENTS_LIST,IOS,6.7.0,5001-10000 ms,887
2026-05-21,DOCUMENTS_LIST,IOS,6.5.0,5001-10000 ms,13
2026-05-21,NOTIFICATIONS_LIST,IOS,6.7.0,5001-10000 ms,677
2026-05-21,ISSUED_DOCUMENT_EVIDENCE,IOS,6.6.2,5001-10000 ms,4
2026-05-21,ISSUED_DOCUMENT_DETAILS,IOS,6.6.1,5001-10000 ms,1
2026-05-21,ISSUED_DOCUMENT_DETAILS,IOS,6.7.0,5001-10000 ms,806
2026-05-21,UPLOADED_DOCUMENT_EVIDENCE,IOS,6.7.0,5001-10000 ms,42
2026-05-21,ISSUED_DOCUMENT_EVIDENCE,IOS,6.6.0,5001-10000 ms,6
2026-05-21,DOCUMENTS_LIST,IOS,6.6.0,5001-10000 ms,49
2026-05-21,DOWNLOAD_DOCUMENT,IOS,6.7.0,5001-10000 ms,36
2026-05-21,SHARE_DOCUMENT,IOS,6.7.0,5001-10000 ms,27
2026-05-21,DOCUMENTS_LIST,IOS,6.6.1,5001-10000 ms,10
2026-05-21,ACTIONABLE_NOTIFICATION_DETAILS,IOS,6.7.0,5001-10000 ms,14990
2026-05-21,DOCUMENT_SELECTION_ISSUED_LIST,IOS,6.7.0,5001-10000 ms,3
2026-05-21,ISSUED_DOCUMENT_DETAILS,IOS,6.6.2,5001-10000 ms,13
2026-05-21,ISSUED_DOCUMENT_DETAILS,IOS,6.6.0,5001-10000 ms,22
2026-05-21,ISSUERS_LIST,IOS,6.7.0,5001-10000 ms,624
2026-05-21,ISSUED_DOCUMENT_DETAILS,IOS,6.5.0,5001-10000 ms,7
2026-05-21,DOCUMENTS_LIST,IOS,6.7.0,501-1000 ms,36936
2026-05-21,QR_VERIFICATION,IOS,6.7.0,501-1000 ms,2285
2026-05-21,ISSUED_DOCUMENT_DETAILS,IOS,6.6.2,501-1000 ms,270
2026-05-21,NON_ACTIONABLE_NOTIFICATION_DETAILS,IOS,6.7.0,501-1000 ms,12118
2026-05-21,DOCUMENT_SELECTION_UPLOADED_LIST,IOS,6.7.0,501-1000 ms,2
2026-05-21,ISSUED_DOCUMENT_EVIDENCE,IOS,6.6.0,501-1000 ms,13
2026-05-21,ISSUED_DOCUMENT_DETAILS,IOS,6.6.0,501-1000 ms,335
2026-05-21,DOCUMENTS_LIST,IOS,6.5.0,501-1000 ms,596
2026-05-21,NOTIFICATIONS_LIST,IOS,6.7.0,501-1000 ms,25095
2026-05-21,SHARE_DOCUMENT,IOS,6.7.0,501-1000 ms,99
2026-05-21,DOCUMENTS_LIST,IOS,6.6.0,501-1000 ms,1266
2026-05-21,DOCUMENTS_LIST,IOS,6.6.2,501-1000 ms,963
2026-05-21,DOWNLOAD_SELF_SIGN_DOCUMENT,IOS,6.7.0,501-1000 ms,100
2026-05-21,DOCUMENT_SELECTION_ISSUED_LIST,IOS,6.7.0,501-1000 ms,39
2026-05-21,ACTIONABLE_NOTIFICATION_DETAILS,IOS,6.7.0,501-1000 ms,1013
2026-05-21,ISSUERS_LIST,IOS,6.7.0,501-1000 ms,247
2026-05-21,ISSUED_DOCUMENT_EVIDENCE,IOS,6.5.0,501-1000 ms,8
2026-05-21,ISSUED_DOCUMENT_EVIDENCE,IOS,6.6.1,501-1000 ms,2
2026-05-21,UPLOADED_DOCUMENT_EVIDENCE,IOS,6.7.0,501-1000 ms,478
2026-05-21,DOWNLOAD_DOCUMENT,IOS,6.7.0,501-1000 ms,88
2026-05-21,ISSUED_DOCUMENT_DETAILS,IOS,6.6.1,501-1000 ms,50
2026-05-21,ISSUED_DOCUMENT_EVIDENCE,IOS,6.6.2,501-1000 ms,14
2026-05-21,DOCUMENTS_LIST,IOS,6.6.1,501-1000 ms,228
2026-05-21,ISSUED_DOCUMENT_DETAILS,IOS,6.5.0,501-1000 ms,169
2026-05-21,ISSUED_DOCUMENT_EVIDENCE,IOS,6.7.0,501-1000 ms,1123
2026-05-21,ISSUED_DOCUMENT_DETAILS,IOS,6.7.0,501-1000 ms,12129
2026-05-21,ISSUED_DOCUMENT_EVIDENCE,IOS,6.7.0,< 0 ms,1
2026-05-21,DOCUMENTS_LIST,IOS,6.7.0,< 0 ms,1
2026-05-21,ISSUED_DOCUMENT_EVIDENCE,IOS,6.6.2,< 0 ms,1
2026-05-21,ACTIONABLE_NOTIFICATION_DETAILS,IOS,6.7.0,< 0 ms,18
2026-05-21,ISSUED_DOCUMENT_EVIDENCE,IOS,6.6.1,= 0 ms,83
2026-05-21,SHARE_DOCUMENT,IOS,6.7.0,= 0 ms,7
2026-05-21,NON_ACTIONABLE_NOTIFICATION_DETAILS,IOS,6.7.0,= 0 ms,29043
2026-05-21,DOCUMENTS_LIST,IOS,6.7.0,= 0 ms,29819
2026-05-21,DOCUMENTS_LIST,IOS,6.6.0,= 0 ms,836
2026-05-21,ACTIONABLE_NOTIFICATION_DETAILS,IOS,6.7.0,= 0 ms,2845
2026-05-21,QR_VERIFICATION,IOS,6.7.0,= 0 ms,746
2026-05-21,DOCUMENTS_LIST,IOS,6.5.0,= 0 ms,414
2026-05-21,DOWNLOAD_SELF_SIGN_DOCUMENT,IOS,6.7.0,= 0 ms,76
2026-05-21,ISSUED_DOCUMENT_DETAILS,IOS,6.7.0,= 0 ms,3522
2026-05-21,ISSUED_DOCUMENT_EVIDENCE,IOS,6.7.0,= 0 ms,379
2026-05-21,DOCUMENT_SELECTION_ISSUED_LIST,IOS,6.7.0,= 0 ms,10
2026-05-21,ISSUED_DOCUMENT_DETAILS,IOS,6.5.0,= 0 ms,42
2026-05-21,UPLOADED_DOCUMENT_EVIDENCE,IOS,6.7.0,= 0 ms,161
2026-05-21,ISSUED_DOCUMENT_DETAILS,IOS,6.6.1,= 0 ms,18
2026-05-21,NOTIFICATIONS_LIST,IOS,6.7.0,= 0 ms,54225
2026-05-21,ISSUED_DOCUMENT_EVIDENCE,IOS,6.6.0,= 0 ms,521
2026-05-21,ISSUED_DOCUMENT_EVIDENCE,IOS,6.5.0,= 0 ms,232
2026-05-21,DOCUMENTS_LIST,IOS,6.6.2,= 0 ms,737
2026-05-21,ISSUED_DOCUMENT_EVIDENCE,IOS,6.6.2,= 0 ms,436
2026-05-21,DOWNLOAD_DOCUMENT,IOS,6.7.0,= 0 ms,9
2026-05-21,DOCUMENT_SELECTION_UPLOADED_LIST,IOS,6.7.0,= 0 ms,3
2026-05-21,ISSUERS_LIST,IOS,6.7.0,= 0 ms,3929
2026-05-21,ISSUED_DOCUMENT_DETAILS,IOS,6.6.0,= 0 ms,71
2026-05-21,DOCUMENTS_LIST,IOS,6.6.1,= 0 ms,152
2026-05-21,ISSUED_DOCUMENT_DETAILS,IOS,6.6.2,= 0 ms,49
2026-05-22,DOCUMENTS_LIST,IOS,6.7.0,10000+ ms,719
2026-05-22,DOCUMENTS_LIST,IOS,6.6.0,10000+ ms,24
2026-05-22,DOCUMENTS_LIST,IOS,6.6.2,10000+ ms,32
2026-05-22,DOCUMENTS_LIST,IOS,6.6.1,10000+ ms,9
2026-05-22,DOCUMENTS_LIST,IOS,6.5.0,10000+ ms,16
2026-05-22,ISSUED_DOCUMENT_DETAILS,IOS,6.5.0,10000+ ms,21
2026-05-22,DOCUMENT_SELECTION_ISSUED_LIST,IOS,6.7.0,10000+ ms,24
2026-05-22,ISSUED_DOCUMENT_EVIDENCE,IOS,6.6.1,10000+ ms,4
2026-05-22,ISSUED_DOCUMENT_DETAILS,IOS,6.7.0,10000+ ms,1946
2026-05-22,ISSUED_DOCUMENT_EVIDENCE,IOS,6.7.0,10000+ ms,2568
2026-05-22,ACTIONABLE_NOTIFICATION_DETAILS,IOS,6.7.0,10000+ ms,8997
2026-05-22,ISSUERS_LIST,IOS,6.7.0,10000+ ms,238
2026-05-22,ISSUED_DOCUMENT_EVIDENCE,IOS,6.6.2,10000+ ms,13
2026-05-22,UPLOADED_DOCUMENT_EVIDENCE,IOS,6.7.0,10000+ ms,48
2026-05-22,ISSUED_DOCUMENT_DETAILS,IOS,6.6.1,10000+ ms,11
2026-05-22,ISSUED_DOCUMENT_EVIDENCE,IOS,6.6.0,10000+ ms,14
2026-05-22,NOTIFICATIONS_LIST,IOS,6.7.0,10000+ ms,490
2026-05-22,ACTIONABLE_NOTIFICATION_DETAILS,IOS,6.7.1,10000+ ms,1
2026-05-22,ISSUED_DOCUMENT_DETAILS,IOS,6.6.2,10000+ ms,42
2026-05-22,ISSUED_DOCUMENT_DETAILS,IOS,6.6.0,10000+ ms,50
2026-05-22,ISSUED_DOCUMENT_EVIDENCE,IOS,6.5.0,10000+ ms,4
2026-05-22,SHARE_DOCUMENT,IOS,6.7.0,10000+ ms,48
2026-05-22,DOWNLOAD_DOCUMENT,IOS,6.7.0,10000+ ms,37
2026-05-22,DOWNLOAD_SELF_SIGN_DOCUMENT,IOS,6.7.0,10000+ ms,20
2026-05-22,NON_ACTIONABLE_NOTIFICATION_DETAILS,IOS,6.7.0,10000+ ms,134
2026-05-22,QR_VERIFICATION,IOS,6.7.0,10000+ ms,225
2026-05-22,ISSUED_DOCUMENT_DETAILS,IOS,6.6.1,1001-5000 ms,22
2026-05-22,NOTIFICATIONS_LIST,IOS,6.7.0,1001-5000 ms,4380
2026-05-22,ACTIONABLE_NOTIFICATION_DETAILS,IOS,6.7.0,1001-5000 ms,7539
2026-05-22,DOCUMENTS_LIST,IOS,6.6.0,1001-5000 ms,300
2026-05-22,QR_VERIFICATION,IOS,6.7.0,1001-5000 ms,483
2026-05-22,DOWNLOAD_SELF_SIGN_DOCUMENT,IOS,6.7.0,1001-5000 ms,24
2026-05-22,ISSUED_DOCUMENT_EVIDENCE,IOS,6.7.0,1001-5000 ms,10627
2026-05-22,DOCUMENTS_LIST,IOS,6.5.0,1001-5000 ms,107
2026-05-22,ISSUERS_LIST,IOS,6.7.0,1001-5000 ms,23824
2026-05-22,NON_ACTIONABLE_NOTIFICATION_DETAILS,IOS,6.7.0,1001-5000 ms,1103
2026-05-22,ISSUED_DOCUMENT_DETAILS,IOS,6.6.2,1001-5000 ms,68
2026-05-22,ISSUED_DOCUMENT_EVIDENCE,IOS,6.6.0,1001-5000 ms,40
2026-05-22,DOCUMENTS_LIST,IOS,6.6.2,1001-5000 ms,274
2026-05-22,UPLOADED_DOCUMENT_EVIDENCE,IOS,6.7.0,1001-5000 ms,239
2026-05-22,DOCUMENT_SELECTION_ISSUED_LIST,IOS,6.7.0,1001-5000 ms,36
2026-05-22,ISSUED_DOCUMENT_DETAILS,IOS,6.5.0,1001-5000 ms,42
2026-05-22,ISSUED_DOCUMENT_EVIDENCE,IOS,6.5.0,1001-5000 ms,14
2026-05-22,DOWNLOAD_DOCUMENT,IOS,6.7.0,1001-5000 ms,148
2026-05-22,DOCUMENTS_LIST,IOS,6.6.1,1001-5000 ms,63
2026-05-22,ISSUED_DOCUMENT_DETAILS,IOS,6.7.0,1001-5000 ms,2981
2026-05-22,DOCUMENTS_LIST,IOS,6.7.0,1001-5000 ms,7452
2026-05-22,ISSUED_DOCUMENT_DETAILS,IOS,6.6.0,1001-5000 ms,78
2026-05-22,ISSUED_DOCUMENT_EVIDENCE,IOS,6.6.1,1001-5000 ms,9
2026-05-22,SHARE_DOCUMENT,IOS,6.7.0,1001-5000 ms,148
2026-05-22,ISSUED_DOCUMENT_EVIDENCE,IOS,6.6.2,1001-5000 ms,29
2026-05-22,NON_ACTIONABLE_NOTIFICATION_DETAILS,IOS,6.7.0,5001-10000 ms,117
2026-05-22,DOCUMENTS_LIST,IOS,6.6.2,5001-10000 ms,30
2026-05-22,DOCUMENTS_LIST,IOS,6.7.0,5001-10000 ms,826
2026-05-22,ACTIONABLE_NOTIFICATION_DETAILS,IOS,6.7.0,5001-10000 ms,14907
2026-05-22,ISSUED_DOCUMENT_EVIDENCE,IOS,6.6.0,5001-10000 ms,3
2026-05-22,ISSUED_DOCUMENT_DETAILS,IOS,6.6.2,5001-10000 ms,13
2026-05-22,DOWNLOAD_DOCUMENT,IOS,6.7.0,5001-10000 ms,15
2026-05-22,DOCUMENTS_LIST,IOS,6.5.0,5001-10000 ms,16
2026-05-22,DOWNLOAD_SELF_SIGN_DOCUMENT,IOS,6.7.0,5001-10000 ms,6
2026-05-22,UPLOADED_DOCUMENT_EVIDENCE,IOS,6.7.0,5001-10000 ms,49
2026-05-22,ISSUED_DOCUMENT_EVIDENCE,IOS,6.7.0,5001-10000 ms,2915
2026-05-22,SHARE_DOCUMENT,IOS,6.7.0,5001-10000 ms,17
2026-05-22,DOCUMENTS_LIST,IOS,6.6.1,5001-10000 ms,8
2026-05-22,DOCUMENTS_LIST,IOS,6.6.0,5001-10000 ms,41
2026-05-22,NOTIFICATIONS_LIST,IOS,6.7.0,5001-10000 ms,571
2026-05-22,ISSUED_DOCUMENT_DETAILS,IOS,6.6.1,5001-10000 ms,5
2026-05-22,ISSUED_DOCUMENT_EVIDENCE,IOS,6.6.1,5001-10000 ms,4
2026-05-22,ISSUED_DOCUMENT_EVIDENCE,IOS,6.6.2,5001-10000 ms,4
2026-05-22,ISSUED_DOCUMENT_DETAILS,IOS,6.7.0,5001-10000 ms,586
2026-05-22,ISSUED_DOCUMENT_EVIDENCE,IOS,6.5.0,5001-10000 ms,3
2026-05-22,DOCUMENT_SELECTION_ISSUED_LIST,IOS,6.7.0,5001-10000 ms,4
2026-05-22,ISSUED_DOCUMENT_DETAILS,IOS,6.5.0,5001-10000 ms,10
2026-05-22,ISSUED_DOCUMENT_DETAILS,IOS,6.6.0,5001-10000 ms,15
2026-05-22,ISSUERS_LIST,IOS,6.7.0,5001-10000 ms,863
2026-05-22,QR_VERIFICATION,IOS,6.7.0,5001-10000 ms,58
2026-05-22,DOCUMENTS_LIST,IOS,6.7.0,501-1000 ms,32053
2026-05-22,ISSUED_DOCUMENT_EVIDENCE,IOS,6.7.0,501-1000 ms,1001
2026-05-22,ISSUED_DOCUMENT_DETAILS,IOS,6.6.2,501-1000 ms,247
2026-05-22,DOWNLOAD_DOCUMENT,IOS,6.7.0,501-1000 ms,83
2026-05-22,DOCUMENT_SELECTION_UPLOADED_LIST,IOS,6.7.0,501-1000 ms,1
2026-05-22,ISSUED_DOCUMENT_EVIDENCE,IOS,6.6.0,501-1000 ms,7
2026-05-22,ISSUED_DOCUMENT_DETAILS,IOS,6.5.0,501-1000 ms,146
2026-05-22,DOCUMENTS_LIST,IOS,6.6.2,501-1000 ms,898
2026-05-22,DOWNLOAD_SELF_SIGN_DOCUMENT,IOS,6.7.0,501-1000 ms,65
2026-05-22,ISSUED_DOCUMENT_EVIDENCE,IOS,6.6.1,501-1000 ms,3
2026-05-22,NOTIFICATIONS_LIST,IOS,6.7.0,501-1000 ms,21232
2026-05-22,QR_VERIFICATION,IOS,6.7.0,501-1000 ms,2138
2026-05-22,ACTIONABLE_NOTIFICATION_DETAILS,IOS,6.7.0,501-1000 ms,975
2026-05-22,ISSUED_DOCUMENT_EVIDENCE,IOS,6.6.2,501-1000 ms,11
2026-05-22,SHARE_DOCUMENT,IOS,6.7.0,501-1000 ms,96
2026-05-22,ISSUERS_LIST,IOS,6.7.0,501-1000 ms,259
2026-05-22,ISSUED_DOCUMENT_DETAILS,IOS,6.6.0,501-1000 ms,277
2026-05-22,UPLOADED_DOCUMENT_EVIDENCE,IOS,6.7.0,501-1000 ms,388
2026-05-22,DOCUMENTS_LIST,IOS,6.6.1,501-1000 ms,195
2026-05-22,ISSUED_DOCUMENT_EVIDENCE,IOS,6.5.0,501-1000 ms,3
2026-05-22,ISSUED_DOCUMENT_DETAILS,IOS,6.7.0,501-1000 ms,11098
2026-05-22,ISSUED_DOCUMENT_DETAILS,IOS,6.6.1,501-1000 ms,57
2026-05-22,NON_ACTIONABLE_NOTIFICATION_DETAILS,IOS,6.7.0,501-1000 ms,10792
2026-05-22,DOCUMENTS_LIST,IOS,6.5.0,501-1000 ms,500
2026-05-22,DOCUMENTS_LIST,IOS,6.6.0,501-1000 ms,1082
2026-05-22,DOCUMENT_SELECTION_ISSUED_LIST,IOS,6.7.0,501-1000 ms,43
2026-05-22,DOCUMENTS_LIST,IOS,6.7.0,< 0 ms,1
2026-05-22,ACTIONABLE_NOTIFICATION_DETAILS,IOS,6.7.0,< 0 ms,12
2026-05-22,ISSUED_DOCUMENT_EVIDENCE,IOS,6.6.0,< 0 ms,3
2026-05-22,QR_VERIFICATION,IOS,6.7.0,= 0 ms,642
2026-05-22,ISSUED_DOCUMENT_DETAILS,IOS,6.7.0,= 0 ms,3256
2026-05-22,ISSUED_DOCUMENT_EVIDENCE,IOS,6.7.0,= 0 ms,307
2026-05-22,ISSUED_DOCUMENT_DETAILS,IOS,6.6.0,= 0 ms,65
2026-05-22,ISSUED_DOCUMENT_EVIDENCE,IOS,6.6.1,= 0 ms,93
2026-05-22,DOCUMENTS_LIST,IOS,6.5.0,= 0 ms,336
2026-05-22,DOCUMENTS_LIST,IOS,6.6.1,= 0 ms,133
2026-05-22,ISSUED_DOCUMENT_DETAILS,IOS,6.6.1,= 0 ms,13
2026-05-22,ACTIONABLE_NOTIFICATION_DETAILS,IOS,6.7.0,= 0 ms,2931
2026-05-22,DOCUMENTS_LIST,IOS,6.6.2,= 0 ms,585
2026-05-22,ISSUED_DOCUMENT_DETAILS,IOS,6.6.2,= 0 ms,57
2026-05-22,ISSUED_DOCUMENT_EVIDENCE,IOS,6.6.2,= 0 ms,392
2026-05-22,DOCUMENTS_LIST,IOS,6.7.0,= 0 ms,25711
2026-05-22,ISSUERS_LIST,IOS,6.7.0,= 0 ms,3529
2026-05-22,UPLOADED_DOCUMENT_EVIDENCE,IOS,6.7.0,= 0 ms,119
2026-05-22,ISSUED_DOCUMENT_EVIDENCE,IOS,6.6.0,= 0 ms,407
2026-05-22,DOWNLOAD_DOCUMENT,IOS,6.7.0,= 0 ms,5
2026-05-22,DOCUMENTS_LIST,IOS,6.6.0,= 0 ms,703
2026-05-22,ISSUED_DOCUMENT_DETAILS,IOS,6.5.0,= 0 ms,26
2026-05-22,SHARE_DOCUMENT,IOS,6.7.0,= 0 ms,5
2026-05-22,DOCUMENT_SELECTION_ISSUED_LIST,IOS,6.7.0,= 0 ms,7
2026-05-22,DOCUMENT_SELECTION_UPLOADED_LIST,IOS,6.7.0,= 0 ms,3
2026-05-22,NOTIFICATIONS_LIST,IOS,6.7.0,= 0 ms,46393
2026-05-22,DOWNLOAD_SELF_SIGN_DOCUMENT,IOS,6.7.0,= 0 ms,62
2026-05-22,ISSUED_DOCUMENT_EVIDENCE,IOS,6.5.0,= 0 ms,220
2026-05-22,NON_ACTIONABLE_NOTIFICATION_DETAILS,IOS,6.7.0,= 0 ms,24946
2026-05-23,DOCUMENTS_LIST,IOS,6.7.0,10000+ ms,530
2026-05-23,ISSUED_DOCUMENT_EVIDENCE,IOS,6.7.0,10000+ ms,2136
2026-05-23,UPLOADED_DOCUMENT_EVIDENCE,IOS,6.7.0,10000+ ms,43
2026-05-23,ISSUED_DOCUMENT_DETAILS,IOS,6.6.0,10000+ ms,44
2026-05-23,DOWNLOAD_DOCUMENT,IOS,6.7.0,10000+ ms,24
2026-05-23,DOCUMENTS_LIST,IOS,6.6.0,10000+ ms,32
2026-05-23,ISSUED_DOCUMENT_DETAILS,IOS,6.7.0,10000+ ms,1634
2026-05-23,ISSUED_DOCUMENT_EVIDENCE,IOS,6.6.1,10000+ ms,4
2026-05-23,NON_ACTIONABLE_NOTIFICATION_DETAILS,IOS,6.7.0,10000+ ms,90
2026-05-23,ISSUED_DOCUMENT_EVIDENCE,IOS,6.5.0,10000+ ms,5
2026-05-23,DOWNLOAD_SELF_SIGN_DOCUMENT,IOS,6.7.0,10000+ ms,16
2026-05-23,ISSUERS_LIST,IOS,6.7.0,10000+ ms,185
2026-05-23,ISSUED_DOCUMENT_EVIDENCE,IOS,6.6.2,10000+ ms,9
2026-05-23,DOCUMENTS_LIST,IOS,6.6.1,10000+ ms,6
2026-05-23,ISSUED_DOCUMENT_DETAILS,IOS,6.6.2,10000+ ms,35
2026-05-23,DOCUMENTS_LIST,IOS,6.5.0,10000+ ms,25
2026-05-23,DOCUMENT_SELECTION_ISSUED_LIST,IOS,6.7.0,10000+ ms,32
2026-05-23,NOTIFICATIONS_LIST,IOS,6.7.0,10000+ ms,395
2026-05-23,ISSUED_DOCUMENT_DETAILS,IOS,6.5.0,10000+ ms,23
2026-05-23,ISSUED_DOCUMENT_DETAILS,IOS,6.6.1,10000+ ms,13
2026-05-23,SHARE_DOCUMENT,IOS,6.7.0,10000+ ms,26
2026-05-23,ACTIONABLE_NOTIFICATION_DETAILS,IOS,6.7.0,10000+ ms,8774
2026-05-23,QR_VERIFICATION,IOS,6.7.0,10000+ ms,172
2026-05-23,ISSUED_DOCUMENT_EVIDENCE,IOS,6.6.0,10000+ ms,12
2026-05-23,DOCUMENTS_LIST,IOS,6.6.2,10000+ ms,21
2026-05-23,DOCUMENTS_LIST,IOS,6.5.0,1001-5000 ms,103
2026-05-23,QR_VERIFICATION,IOS,6.7.0,1001-5000 ms,421
2026-05-23,ISSUED_DOCUMENT_EVIDENCE,IOS,6.5.0,1001-5000 ms,14
2026-05-23,UPLOADED_DOCUMENT_EVIDENCE,IOS,6.7.0,1001-5000 ms,224
2026-05-23,ISSUED_DOCUMENT_EVIDENCE,IOS,6.7.0,1001-5000 ms,9041
2026-05-23,ISSUED_DOCUMENT_EVIDENCE,IOS,6.6.1,1001-5000 ms,17
2026-05-23,NON_ACTIONABLE_NOTIFICATION_DETAILS,IOS,6.7.0,1001-5000 ms,876
2026-05-23,DOCUMENTS_LIST,IOS,6.6.2,1001-5000 ms,181
2026-05-23,ACTIONABLE_NOTIFICATION_DETAILS,IOS,6.7.0,1001-5000 ms,7588
2026-05-23,ISSUED_DOCUMENT_EVIDENCE,IOS,6.6.2,1001-5000 ms,14
2026-05-23,DOCUMENTS_LIST,IOS,6.6.0,1001-5000 ms,244
2026-05-23,ISSUED_DOCUMENT_EVIDENCE,IOS,6.6.0,1001-5000 ms,19
2026-05-23,ISSUED_DOCUMENT_DETAILS,IOS,6.7.0,1001-5000 ms,2603
2026-05-23,DOCUMENTS_LIST,IOS,6.6.1,1001-5000 ms,42
2026-05-23,NOTIFICATIONS_LIST,IOS,6.7.0,1001-5000 ms,3451
2026-05-23,SHARE_DOCUMENT,IOS,6.7.0,1001-5000 ms,154
2026-05-23,ISSUED_DOCUMENT_DETAILS,IOS,6.6.0,1001-5000 ms,75
2026-05-23,ISSUED_DOCUMENT_DETAILS,IOS,6.6.1,1001-5000 ms,18
2026-05-23,DOCUMENT_SELECTION_ISSUED_LIST,IOS,6.7.0,1001-5000 ms,24
2026-05-23,ISSUERS_LIST,IOS,6.7.0,1001-5000 ms,19782
2026-05-23,DOWNLOAD_SELF_SIGN_DOCUMENT,IOS,6.7.0,1001-5000 ms,21
2026-05-23,ISSUED_DOCUMENT_DETAILS,IOS,6.5.0,1001-5000 ms,25
2026-05-23,DOWNLOAD_DOCUMENT,IOS,6.7.0,1001-5000 ms,137
2026-05-23,ISSUED_DOCUMENT_DETAILS,IOS,6.6.2,1001-5000 ms,66
2026-05-23,DOCUMENTS_LIST,IOS,6.7.0,1001-5000 ms,6039
2026-05-23,NOTIFICATIONS_LIST,IOS,6.7.0,5001-10000 ms,442
2026-05-23,ISSUED_DOCUMENT_DETAILS,IOS,6.6.2,5001-10000 ms,15
2026-05-23,UPLOADED_DOCUMENT_EVIDENCE,IOS,6.7.0,5001-10000 ms,31
2026-05-23,ISSUED_DOCUMENT_DETAILS,IOS,6.5.0,5001-10000 ms,8
2026-05-23,DOCUMENTS_LIST,IOS,6.5.0,5001-10000 ms,14
2026-05-23,ISSUED_DOCUMENT_EVIDENCE,IOS,6.6.0,5001-10000 ms,4
2026-05-23,ISSUED_DOCUMENT_DETAILS,IOS,6.6.1,5001-10000 ms,2
2026-05-23,ACTIONABLE_NOTIFICATION_DETAILS,IOS,6.7.0,5001-10000 ms,14290
2026-05-23,ISSUERS_LIST,IOS,6.7.0,5001-10000 ms,519
2026-05-23,ISSUED_DOCUMENT_DETAILS,IOS,6.7.0,5001-10000 ms,560
2026-05-23,DOWNLOAD_SELF_SIGN_DOCUMENT,IOS,6.7.0,5001-10000 ms,7
2026-05-23,QR_VERIFICATION,IOS,6.7.0,5001-10000 ms,64
2026-05-23,ISSUED_DOCUMENT_DETAILS,IOS,6.6.0,5001-10000 ms,11
2026-05-23,DOWNLOAD_DOCUMENT,IOS,6.7.0,5001-10000 ms,8
2026-05-23,DOCUMENTS_LIST,IOS,6.6.0,5001-10000 ms,37
2026-05-23,NON_ACTIONABLE_NOTIFICATION_DETAILS,IOS,6.7.0,5001-10000 ms,89
2026-05-23,DOCUMENTS_LIST,IOS,6.7.0,5001-10000 ms,669
2026-05-23,SHARE_DOCUMENT,IOS,6.7.0,5001-10000 ms,23
2026-05-23,DOCUMENTS_LIST,IOS,6.6.2,5001-10000 ms,21
2026-05-23,DOCUMENTS_LIST,IOS,6.6.1,5001-10000 ms,3
2026-05-23,ISSUED_DOCUMENT_EVIDENCE,IOS,6.5.0,5001-10000 ms,3
2026-05-23,DOCUMENT_SELECTION_ISSUED_LIST,IOS,6.7.0,5001-10000 ms,2
2026-05-23,ISSUED_DOCUMENT_EVIDENCE,IOS,6.6.2,5001-10000 ms,4
2026-05-23,ISSUED_DOCUMENT_EVIDENCE,IOS,6.7.0,5001-10000 ms,2318
2026-05-23,SHARE_DOCUMENT,IOS,6.7.0,501-1000 ms,115
2026-05-23,DOCUMENTS_LIST,IOS,6.6.2,501-1000 ms,708
2026-05-23,ISSUED_DOCUMENT_DETAILS,IOS,6.6.2,501-1000 ms,192
2026-05-23,QR_VERIFICATION,IOS,6.7.0,501-1000 ms,1708
2026-05-23,DOCUMENTS_LIST,IOS,6.7.0,501-1000 ms,27073
2026-05-23,ISSUED_DOCUMENT_DETAILS,IOS,6.7.0,501-1000 ms,9442
2026-05-23,DOCUMENT_SELECTION_ISSUED_LIST,IOS,6.7.0,501-1000 ms,47
2026-05-23,ISSUED_DOCUMENT_DETAILS,IOS,6.5.0,501-1000 ms,133
2026-05-23,DOCUMENTS_LIST,IOS,6.6.1,501-1000 ms,164
2026-05-23,ACTIONABLE_NOTIFICATION_DETAILS,IOS,6.7.0,501-1000 ms,864
2026-05-23,DOWNLOAD_DOCUMENT,IOS,6.7.0,501-1000 ms,87
2026-05-23,ISSUERS_LIST,IOS,6.7.0,501-1000 ms,155
2026-05-23,ISSUED_DOCUMENT_EVIDENCE,IOS,6.7.0,501-1000 ms,983
2026-05-23,DOWNLOAD_SELF_SIGN_DOCUMENT,IOS,6.7.0,501-1000 ms,64
2026-05-23,DOCUMENTS_LIST,IOS,6.6.0,501-1000 ms,863
2026-05-23,ISSUED_DOCUMENT_DETAILS,IOS,6.6.0,501-1000 ms,245
2026-05-23,ISSUED_DOCUMENT_EVIDENCE,IOS,6.5.0,501-1000 ms,3
2026-05-23,UPLOADED_DOCUMENT_EVIDENCE,IOS,6.7.0,501-1000 ms,372
2026-05-23,DOCUMENTS_LIST,IOS,6.5.0,501-1000 ms,442
2026-05-23,ISSUED_DOCUMENT_EVIDENCE,IOS,6.6.1,501-1000 ms,2
2026-05-23,NON_ACTIONABLE_NOTIFICATION_DETAILS,IOS,6.7.0,501-1000 ms,8602
2026-05-23,ISSUED_DOCUMENT_EVIDENCE,IOS,6.6.2,501-1000 ms,10
2026-05-23,ISSUED_DOCUMENT_DETAILS,IOS,6.6.1,501-1000 ms,40
2026-05-23,NOTIFICATIONS_LIST,IOS,6.7.0,501-1000 ms,17313
2026-05-23,ISSUED_DOCUMENT_EVIDENCE,IOS,6.6.0,501-1000 ms,14
2026-05-23,ISSUED_DOCUMENT_EVIDENCE,IOS,6.6.0,< 0 ms,1
2026-05-23,ACTIONABLE_NOTIFICATION_DETAILS,IOS,6.7.0,< 0 ms,13
2026-05-23,DOCUMENTS_LIST,IOS,6.7.0,< 0 ms,1
2026-05-23,ISSUED_DOCUMENT_EVIDENCE,IOS,6.7.0,< 0 ms,2
2026-05-23,QR_VERIFICATION,IOS,6.7.0,= 0 ms,551
2026-05-23,ISSUED_DOCUMENT_DETAILS,IOS,6.7.0,= 0 ms,2808
2026-05-23,NON_ACTIONABLE_NOTIFICATION_DETAILS,IOS,6.7.0,= 0 ms,20050
2026-05-23,DOCUMENTS_LIST,IOS,6.6.0,= 0 ms,560
2026-05-23,NOTIFICATIONS_LIST,IOS,6.7.0,= 0 ms,36743
2026-05-23,UPLOADED_DOCUMENT_EVIDENCE,IOS,6.7.0,= 0 ms,111
2026-05-23,DOCUMENT_SELECTION_ISSUED_LIST,IOS,6.7.0,= 0 ms,8
2026-05-23,DOCUMENT_SELECTION_UPLOADED_LIST,IOS,6.7.0,= 0 ms,1
2026-05-23,DOCUMENTS_LIST,IOS,6.5.0,= 0 ms,258
2026-05-23,ISSUED_DOCUMENT_EVIDENCE,IOS,6.6.1,= 0 ms,63
2026-05-23,DOCUMENTS_LIST,IOS,6.6.2,= 0 ms,432
2026-05-23,DOWNLOAD_DOCUMENT,IOS,6.7.0,= 0 ms,5
2026-05-23,DOCUMENTS_LIST,IOS,6.6.1,= 0 ms,111
2026-05-23,ISSUED_DOCUMENT_DETAILS,IOS,6.6.1,= 0 ms,13
2026-05-23,SHARE_DOCUMENT,IOS,6.7.0,= 0 ms,10
2026-05-23,ISSUED_DOCUMENT_DETAILS,IOS,6.6.0,= 0 ms,52
2026-05-23,ISSUED_DOCUMENT_EVIDENCE,IOS,6.5.0,= 0 ms,188
2026-05-23,DOCUMENTS_LIST,IOS,6.7.0,= 0 ms,21317
2026-05-23,ISSUERS_LIST,IOS,6.7.0,= 0 ms,2918
2026-05-23,ISSUED_DOCUMENT_EVIDENCE,IOS,6.6.0,= 0 ms,347
2026-05-23,ISSUED_DOCUMENT_DETAILS,IOS,6.6.2,= 0 ms,45
2026-05-23,ISSUED_DOCUMENT_EVIDENCE,IOS,6.6.2,= 0 ms,313
2026-05-23,ACTIONABLE_NOTIFICATION_DETAILS,IOS,6.7.0,= 0 ms,2606
2026-05-23,ISSUED_DOCUMENT_DETAILS,IOS,6.5.0,= 0 ms,32
2026-05-23,DOWNLOAD_SELF_SIGN_DOCUMENT,IOS,6.7.0,= 0 ms,43
2026-05-23,ISSUED_DOCUMENT_EVIDENCE,IOS,6.7.0,= 0 ms,250
2026-05-24,DOCUMENTS_LIST,IOS,6.6.2,10000+ ms,13
2026-05-24,DOWNLOAD_DOCUMENT,IOS,6.7.0,10000+ ms,19
2026-05-24,SHARE_DOCUMENT,IOS,6.7.0,10000+ ms,32
2026-05-24,DOCUMENT_SELECTION_ISSUED_LIST,IOS,6.7.0,10000+ ms,21
2026-05-24,DOCUMENTS_LIST,IOS,6.7.0,10000+ ms,427
2026-05-24,NOTIFICATIONS_LIST,IOS,6.7.0,10000+ ms,297
2026-05-24,NON_ACTIONABLE_NOTIFICATION_DETAILS,IOS,6.7.0,10000+ ms,95
2026-05-24,ACTIONABLE_NOTIFICATION_DETAILS,IOS,6.7.0,10000+ ms,7335
2026-05-24,ISSUED_DOCUMENT_DETAILS,IOS,6.6.1,10000+ ms,9
2026-05-24,ISSUERS_LIST,IOS,6.7.0,10000+ ms,147
2026-05-24,ISSUED_DOCUMENT_DETAILS,IOS,6.7.0,10000+ ms,1387
2026-05-24,ISSUED_DOCUMENT_DETAILS,IOS,6.5.0,10000+ ms,25
2026-05-24,ISSUED_DOCUMENT_DETAILS,IOS,6.6.2,10000+ ms,29
2026-05-24,ISSUED_DOCUMENT_EVIDENCE,IOS,6.6.1,10000+ ms,2
2026-05-24,ISSUED_DOCUMENT_EVIDENCE,IOS,6.5.0,10000+ ms,6
2026-05-24,DOCUMENTS_LIST,IOS,6.6.0,10000+ ms,23
2026-05-24,DOWNLOAD_SELF_SIGN_DOCUMENT,IOS,6.7.0,10000+ ms,11
2026-05-24,DOCUMENTS_LIST,IOS,6.5.0,10000+ ms,11
2026-05-24,DOCUMENT_SELECTION_UPLOADED_LIST,IOS,6.7.0,10000+ ms,5
2026-05-24,DOCUMENTS_LIST,IOS,6.6.1,10000+ ms,3
2026-05-24,ISSUED_DOCUMENT_DETAILS,IOS,6.6.0,10000+ ms,43
2026-05-24,ISSUED_DOCUMENT_EVIDENCE,IOS,6.7.0,10000+ ms,1706
2026-05-24,ISSUED_DOCUMENT_EVIDENCE,IOS,6.6.0,10000+ ms,15
2026-05-24,ISSUED_DOCUMENT_EVIDENCE,IOS,6.6.2,10000+ ms,8
2026-05-24,UPLOADED_DOCUMENT_EVIDENCE,IOS,6.7.0,10000+ ms,43
2026-05-24,QR_VERIFICATION,IOS,6.7.0,10000+ ms,130
2026-05-24,DOWNLOAD_DOCUMENT,IOS,6.7.0,1001-5000 ms,114
2026-05-24,ISSUED_DOCUMENT_EVIDENCE,IOS,6.6.2,1001-5000 ms,11
2026-05-24,DOCUMENT_SELECTION_UPLOADED_LIST,IOS,6.7.0,1001-5000 ms,1
2026-05-24,ISSUED_DOCUMENT_EVIDENCE,IOS,6.6.0,1001-5000 ms,23
2026-05-24,DOCUMENT_SELECTION_ISSUED_LIST,IOS,6.7.0,1001-5000 ms,25
2026-05-24,ISSUED_DOCUMENT_EVIDENCE,IOS,6.5.0,1001-5000 ms,8
2026-05-24,ISSUED_DOCUMENT_EVIDENCE,IOS,6.7.0,1001-5000 ms,7498
2026-05-24,NOTIFICATIONS_LIST,IOS,6.7.0,1001-5000 ms,2723
2026-05-24,QR_VERIFICATION,IOS,6.7.0,1001-5000 ms,313
2026-05-24,ISSUED_DOCUMENT_DETAILS,IOS,6.5.0,1001-5000 ms,29
2026-05-24,ACTIONABLE_NOTIFICATION_DETAILS,IOS,6.7.0,1001-5000 ms,5962
2026-05-24,NON_ACTIONABLE_NOTIFICATION_DETAILS,IOS,6.7.0,1001-5000 ms,766
2026-05-24,ISSUED_DOCUMENT_DETAILS,IOS,6.6.2,1001-5000 ms,53
2026-05-24,DOCUMENTS_LIST,IOS,6.6.1,1001-5000 ms,39
2026-05-24,UPLOADED_DOCUMENT_EVIDENCE,IOS,6.7.0,1001-5000 ms,161
2026-05-24,ISSUED_DOCUMENT_DETAILS,IOS,6.7.0,1001-5000 ms,2152
2026-05-24,ISSUED_DOCUMENT_EVIDENCE,IOS,6.6.1,1001-5000 ms,9
2026-05-24,ISSUED_DOCUMENT_DETAILS,IOS,6.6.1,1001-5000 ms,13
2026-05-24,SHARE_DOCUMENT,IOS,6.7.0,1001-5000 ms,99
2026-05-24,ISSUERS_LIST,IOS,6.7.0,1001-5000 ms,16112
2026-05-24,DOCUMENTS_LIST,IOS,6.7.0,1001-5000 ms,4774
2026-05-24,ISSUED_DOCUMENT_DETAILS,IOS,6.6.0,1001-5000 ms,56
2026-05-24,DOWNLOAD_SELF_SIGN_DOCUMENT,IOS,6.7.0,1001-5000 ms,22
2026-05-24,DOCUMENTS_LIST,IOS,6.5.0,1001-5000 ms,70
2026-05-24,DOCUMENTS_LIST,IOS,6.6.2,1001-5000 ms,164
2026-05-24,DOCUMENTS_LIST,IOS,6.6.0,1001-5000 ms,188
2026-05-24,NOTIFICATIONS_LIST,IOS,6.7.0,5001-10000 ms,328
2026-05-24,ISSUED_DOCUMENT_EVIDENCE,IOS,6.6.2,5001-10000 ms,1
2026-05-24,DOCUMENTS_LIST,IOS,6.6.1,5001-10000 ms,7
2026-05-24,ISSUED_DOCUMENT_EVIDENCE,IOS,6.5.0,5001-10000 ms,1
2026-05-24,DOCUMENTS_LIST,IOS,6.5.0,5001-10000 ms,12
2026-05-24,DOWNLOAD_DOCUMENT,IOS,6.7.0,5001-10000 ms,20
2026-05-24,ISSUED_DOCUMENT_EVIDENCE,IOS,6.6.0,5001-10000 ms,3
2026-05-24,NON_ACTIONABLE_NOTIFICATION_DETAILS,IOS,6.7.0,5001-10000 ms,86
2026-05-24,DOCUMENTS_LIST,IOS,6.6.0,5001-10000 ms,24
2026-05-24,QR_VERIFICATION,IOS,6.7.0,5001-10000 ms,52
2026-05-24,ISSUED_DOCUMENT_EVIDENCE,IOS,6.7.0,5001-10000 ms,1930
2026-05-24,ACTIONABLE_NOTIFICATION_DETAILS,IOS,6.7.0,5001-10000 ms,12113
2026-05-24,ISSUERS_LIST,IOS,6.7.0,5001-10000 ms,402
2026-05-24,DOCUMENTS_LIST,IOS,6.7.0,5001-10000 ms,547
2026-05-24,ISSUED_DOCUMENT_DETAILS,IOS,6.6.2,5001-10000 ms,11
2026-05-24,ISSUED_DOCUMENT_DETAILS,IOS,6.7.0,5001-10000 ms,530
2026-05-24,ISSUED_DOCUMENT_DETAILS,IOS,6.6.1,5001-10000 ms,5
2026-05-24,ISSUED_DOCUMENT_DETAILS,IOS,6.5.0,5001-10000 ms,7
2026-05-24,ISSUED_DOCUMENT_DETAILS,IOS,6.6.0,5001-10000 ms,11
2026-05-24,DOCUMENTS_LIST,IOS,6.6.2,5001-10000 ms,16
2026-05-24,DOCUMENT_SELECTION_ISSUED_LIST,IOS,6.7.0,5001-10000 ms,4
2026-05-24,UPLOADED_DOCUMENT_EVIDENCE,IOS,6.7.0,5001-10000 ms,38
2026-05-24,SHARE_DOCUMENT,IOS,6.7.0,5001-10000 ms,9
2026-05-24,DOWNLOAD_SELF_SIGN_DOCUMENT,IOS,6.7.0,5001-10000 ms,4
2026-05-24,ISSUED_DOCUMENT_DETAILS,IOS,6.6.2,501-1000 ms,146
2026-05-24,ISSUED_DOCUMENT_DETAILS,IOS,6.6.1,501-1000 ms,45
2026-05-24,ISSUED_DOCUMENT_EVIDENCE,IOS,6.6.1,501-1000 ms,4
2026-05-24,ISSUERS_LIST,IOS,6.7.0,501-1000 ms,205
2026-05-24,ISSUED_DOCUMENT_EVIDENCE,IOS,6.7.0,501-1000 ms,869
2026-05-24,ISSUED_DOCUMENT_DETAILS,IOS,6.7.0,501-1000 ms,7851
2026-05-24,ISSUED_DOCUMENT_EVIDENCE,IOS,6.5.0,501-1000 ms,7
2026-05-24,DOCUMENTS_LIST,IOS,6.5.0,501-1000 ms,322
2026-05-24,DOCUMENTS_LIST,IOS,6.6.1,501-1000 ms,118
2026-05-24,ACTIONABLE_NOTIFICATION_DETAILS,IOS,6.7.0,501-1000 ms,858
2026-05-24,SHARE_DOCUMENT,IOS,6.7.0,501-1000 ms,78
2026-05-24,ISSUED_DOCUMENT_DETAILS,IOS,6.6.0,501-1000 ms,207
2026-05-24,QR_VERIFICATION,IOS,6.7.0,501-1000 ms,1392
2026-05-24,DOCUMENTS_LIST,IOS,6.7.0,501-1000 ms,22022
2026-05-24,NOTIFICATIONS_LIST,IOS,6.7.0,501-1000 ms,13914
2026-05-24,ISSUED_DOCUMENT_EVIDENCE,IOS,6.6.0,501-1000 ms,9
2026-05-24,DOCUMENT_SELECTION_ISSUED_LIST,IOS,6.7.0,501-1000 ms,31
2026-05-24,DOWNLOAD_SELF_SIGN_DOCUMENT,IOS,6.7.0,501-1000 ms,49
2026-05-24,DOWNLOAD_DOCUMENT,IOS,6.7.0,501-1000 ms,76
2026-05-24,DOCUMENTS_LIST,IOS,6.6.0,501-1000 ms,688
2026-05-24,DOCUMENTS_LIST,IOS,6.6.2,501-1000 ms,559
2026-05-24,ISSUED_DOCUMENT_EVIDENCE,IOS,6.6.2,501-1000 ms,4
2026-05-24,NON_ACTIONABLE_NOTIFICATION_DETAILS,IOS,6.7.0,501-1000 ms,7526
2026-05-24,ISSUED_DOCUMENT_DETAILS,IOS,6.5.0,501-1000 ms,110
2026-05-24,DOCUMENT_SELECTION_UPLOADED_LIST,IOS,6.7.0,501-1000 ms,4
2026-05-24,UPLOADED_DOCUMENT_EVIDENCE,IOS,6.7.0,501-1000 ms,331
2026-05-24,ACTIONABLE_NOTIFICATION_DETAILS,IOS,6.7.0,< 0 ms,10
2026-05-24,ISSUED_DOCUMENT_EVIDENCE,IOS,6.7.0,< 0 ms,3
2026-05-24,ISSUED_DOCUMENT_EVIDENCE,IOS,6.6.0,< 0 ms,1
2026-05-24,ISSUED_DOCUMENT_EVIDENCE,IOS,6.6.0,= 0 ms,286
2026-05-24,UPLOADED_DOCUMENT_EVIDENCE,IOS,6.7.0,= 0 ms,96
2026-05-24,SHARE_DOCUMENT,IOS,6.7.0,= 0 ms,8
2026-05-24,NON_ACTIONABLE_NOTIFICATION_DETAILS,IOS,6.7.0,= 0 ms,17032
2026-05-24,ISSUED_DOCUMENT_EVIDENCE,IOS,6.7.0,= 0 ms,247
2026-05-24,DOCUMENTS_LIST,IOS,6.5.0,= 0 ms,263
2026-05-24,ISSUED_DOCUMENT_DETAILS,IOS,6.7.0,= 0 ms,2427
2026-05-24,DOCUMENTS_LIST,IOS,6.6.2,= 0 ms,346
2026-05-24,NOTIFICATIONS_LIST,IOS,6.7.0,= 0 ms,29824
2026-05-24,ISSUED_DOCUMENT_DETAILS,IOS,6.6.2,= 0 ms,38
2026-05-24,ISSUERS_LIST,IOS,6.7.0,= 0 ms,2331
2026-05-24,DOCUMENT_SELECTION_ISSUED_LIST,IOS,6.7.0,= 0 ms,4
2026-05-24,DOWNLOAD_DOCUMENT,IOS,6.7.0,= 0 ms,6
2026-05-24,DOWNLOAD_SELF_SIGN_DOCUMENT,IOS,6.7.0,= 0 ms,28
2026-05-24,DOCUMENTS_LIST,IOS,6.6.1,= 0 ms,105
2026-05-24,ISSUED_DOCUMENT_DETAILS,IOS,6.6.1,= 0 ms,12
2026-05-24,ACTIONABLE_NOTIFICATION_DETAILS,IOS,6.7.0,= 0 ms,2039
2026-05-24,QR_VERIFICATION,IOS,6.7.0,= 0 ms,455
2026-05-24,DOCUMENT_SELECTION_UPLOADED_LIST,IOS,6.7.0,= 0 ms,3
2026-05-24,ISSUED_DOCUMENT_EVIDENCE,IOS,6.6.1,= 0 ms,46
2026-05-24,ISSUED_DOCUMENT_EVIDENCE,IOS,6.6.2,= 0 ms,237
2026-05-24,DOCUMENTS_LIST,IOS,6.7.0,= 0 ms,18366
2026-05-24,DOCUMENTS_LIST,IOS,6.6.0,= 0 ms,481
2026-05-24,ISSUED_DOCUMENT_EVIDENCE,IOS,6.5.0,= 0 ms,145
2026-05-24,ISSUED_DOCUMENT_DETAILS,IOS,6.5.0,= 0 ms,22
2026-05-24,ISSUED_DOCUMENT_DETAILS,IOS,6.6.0,= 0 ms,48
2026-05-25,QR_VERIFICATION,IOS,6.7.0,10000+ ms,224
2026-05-25,DOCUMENTS_LIST,IOS,6.6.0,10000+ ms,27
2026-05-25,ISSUED_DOCUMENT_DETAILS,IOS,6.7.0,10000+ ms,1832
2026-05-25,UPLOADED_DOCUMENT_EVIDENCE,IOS,6.7.0,10000+ ms,52
2026-05-25,DOCUMENTS_LIST,IOS,6.6.2,10000+ ms,19
2026-05-25,ISSUED_DOCUMENT_EVIDENCE,IOS,6.6.2,10000+ ms,14
2026-05-25,ISSUED_DOCUMENT_DETAILS,IOS,6.6.1,10000+ ms,7
2026-05-25,ISSUED_DOCUMENT_DETAILS,IOS,6.6.2,10000+ ms,31
2026-05-25,DOCUMENTS_LIST,IOS,6.6.1,10000+ ms,4
2026-05-25,SHARE_DOCUMENT,IOS,6.7.0,10000+ ms,28
2026-05-25,ISSUERS_LIST,IOS,6.7.0,10000+ ms,219
2026-05-25,ISSUED_DOCUMENT_EVIDENCE,IOS,6.7.0,10000+ ms,2284
2026-05-25,DOCUMENTS_LIST,IOS,6.5.0,10000+ ms,20
2026-05-25,DOCUMENT_SELECTION_ISSUED_LIST,IOS,6.7.0,10000+ ms,26
2026-05-25,ISSUED_DOCUMENT_DETAILS,IOS,6.5.0,10000+ ms,22
2026-05-25,ACTIONABLE_NOTIFICATION_DETAILS,IOS,6.7.0,10000+ ms,11090
2026-05-25,DOWNLOAD_SELF_SIGN_DOCUMENT,IOS,6.7.0,10000+ ms,13
2026-05-25,ISSUED_DOCUMENT_DETAILS,IOS,6.6.0,10000+ ms,57
2026-05-25,ISSUED_DOCUMENT_EVIDENCE,IOS,6.5.0,10000+ ms,7
2026-05-25,DOWNLOAD_DOCUMENT,IOS,6.7.0,10000+ ms,23
2026-05-25,NOTIFICATIONS_LIST,IOS,6.7.0,10000+ ms,376
2026-05-25,ISSUED_DOCUMENT_EVIDENCE,IOS,6.6.1,10000+ ms,3
2026-05-25,ISSUED_DOCUMENT_EVIDENCE,IOS,6.6.0,10000+ ms,12
2026-05-25,DOCUMENT_SELECTION_UPLOADED_LIST,IOS,6.7.0,10000+ ms,1
2026-05-25,NON_ACTIONABLE_NOTIFICATION_DETAILS,IOS,6.7.0,10000+ ms,117
2026-05-25,DOCUMENTS_LIST,IOS,6.7.0,10000+ ms,597
2026-05-25,ISSUED_DOCUMENT_EVIDENCE,IOS,6.7.0,1001-5000 ms,9512
2026-05-25,DOCUMENT_SELECTION_ISSUED_LIST,IOS,6.7.0,1001-5000 ms,29
2026-05-25,NON_ACTIONABLE_NOTIFICATION_DETAILS,IOS,6.7.0,1001-5000 ms,1028
2026-05-25,UPLOADED_DOCUMENT_EVIDENCE,IOS,6.7.0,1001-5000 ms,241
2026-05-25,ISSUED_DOCUMENT_DETAILS,IOS,6.5.0,1001-5000 ms,34
2026-05-25,DOCUMENTS_LIST,IOS,6.6.0,1001-5000 ms,250
2026-05-25,ISSUED_DOCUMENT_EVIDENCE,IOS,6.6.0,1001-5000 ms,26
2026-05-25,ISSUED_DOCUMENT_EVIDENCE,IOS,6.5.0,1001-5000 ms,12
2026-05-25,ISSUED_DOCUMENT_DETAILS,IOS,6.6.0,1001-5000 ms,72
2026-05-25,ISSUED_DOCUMENT_DETAILS,IOS,6.6.2,1001-5000 ms,49
2026-05-25,DOWNLOAD_DOCUMENT,IOS,6.7.0,1001-5000 ms,128
2026-05-25,DOCUMENTS_LIST,IOS,6.6.2,1001-5000 ms,215
2026-05-25,ISSUED_DOCUMENT_EVIDENCE,IOS,6.6.1,1001-5000 ms,5
2026-05-25,SHARE_DOCUMENT,IOS,6.7.0,1001-5000 ms,163
2026-05-25,NOTIFICATIONS_LIST,IOS,6.7.0,1001-5000 ms,4230
2026-05-25,DOCUMENTS_LIST,IOS,6.6.1,1001-5000 ms,52
2026-05-25,DOCUMENTS_LIST,IOS,6.5.0,1001-5000 ms,132
2026-05-25,ACTIONABLE_NOTIFICATION_DETAILS,IOS,6.7.0,1001-5000 ms,7669
2026-05-25,QR_VERIFICATION,IOS,6.7.0,1001-5000 ms,477
2026-05-25,ISSUERS_LIST,IOS,6.7.0,1001-5000 ms,21554
2026-05-25,ISSUED_DOCUMENT_DETAILS,IOS,6.7.0,1001-5000 ms,2536
2026-05-25,DOWNLOAD_SELF_SIGN_DOCUMENT,IOS,6.7.0,1001-5000 ms,16
2026-05-25,DOCUMENTS_LIST,IOS,6.7.0,1001-5000 ms,7442
2026-05-25,ISSUED_DOCUMENT_DETAILS,IOS,6.6.1,1001-5000 ms,9
2026-05-25,ISSUED_DOCUMENT_EVIDENCE,IOS,6.6.2,1001-5000 ms,16
2026-05-25,SHARE_DOCUMENT,IOS,6.7.0,5001-10000 ms,27
2026-05-25,ISSUERS_LIST,IOS,6.7.0,5001-10000 ms,791
2026-05-25,ISSUED_DOCUMENT_DETAILS,IOS,6.6.0,5001-10000 ms,10
2026-05-25,ISSUED_DOCUMENT_DETAILS,IOS,6.5.0,5001-10000 ms,2
2026-05-25,ISSUED_DOCUMENT_EVIDENCE,IOS,6.6.2,5001-10000 ms,3
2026-05-25,DOCUMENTS_LIST,IOS,6.6.0,5001-10000 ms,37
2026-05-25,ACTIONABLE_NOTIFICATION_DETAILS,IOS,6.7.0,5001-10000 ms,13052
2026-05-25,ISSUED_DOCUMENT_EVIDENCE,IOS,6.5.0,5001-10000 ms,5
2026-05-25,UPLOADED_DOCUMENT_EVIDENCE,IOS,6.7.0,5001-10000 ms,28
2026-05-25,DOCUMENT_SELECTION_ISSUED_LIST,IOS,6.7.0,5001-10000 ms,5
2026-05-25,DOCUMENTS_LIST,IOS,6.6.2,5001-10000 ms,23
2026-05-25,NOTIFICATIONS_LIST,IOS,6.7.0,5001-10000 ms,521
2026-05-25,ISSUED_DOCUMENT_EVIDENCE,IOS,6.7.0,5001-10000 ms,2606
2026-05-25,DOWNLOAD_SELF_SIGN_DOCUMENT,IOS,6.7.0,5001-10000 ms,11
2026-05-25,DOCUMENTS_LIST,IOS,6.7.0,5001-10000 ms,768
2026-05-25,ISSUED_DOCUMENT_EVIDENCE,IOS,6.6.0,5001-10000 ms,4
2026-05-25,DOCUMENTS_LIST,IOS,6.6.1,5001-10000 ms,10
2026-05-25,ISSUED_DOCUMENT_DETAILS,IOS,6.6.2,5001-10000 ms,12
2026-05-25,QR_VERIFICATION,IOS,6.7.0,5001-10000 ms,56
2026-05-25,ISSUED_DOCUMENT_DETAILS,IOS,6.7.0,5001-10000 ms,541
2026-05-25,NON_ACTIONABLE_NOTIFICATION_DETAILS,IOS,6.7.0,5001-10000 ms,98
2026-05-25,ISSUED_DOCUMENT_DETAILS,IOS,6.6.1,5001-10000 ms,4
2026-05-25,DOWNLOAD_DOCUMENT,IOS,6.7.0,5001-10000 ms,17
2026-05-25,DOCUMENTS_LIST,IOS,6.5.0,5001-10000 ms,12
2026-05-25,ISSUED_DOCUMENT_EVIDENCE,IOS,6.6.0,501-1000 ms,5
2026-05-25,ISSUED_DOCUMENT_EVIDENCE,IOS,6.6.2,501-1000 ms,11
2026-05-25,DOCUMENTS_LIST,IOS,6.5.0,501-1000 ms,459
2026-05-25,NOTIFICATIONS_LIST,IOS,6.7.0,501-1000 ms,19573
2026-05-25,DOCUMENTS_LIST,IOS,6.6.1,501-1000 ms,155
2026-05-25,ISSUED_DOCUMENT_EVIDENCE,IOS,6.5.0,501-1000 ms,5
2026-05-25,DOWNLOAD_DOCUMENT,IOS,6.7.0,501-1000 ms,108
2026-05-25,DOCUMENT_SELECTION_UPLOADED_LIST,IOS,6.7.0,501-1000 ms,1
2026-05-25,SHARE_DOCUMENT,IOS,6.7.0,501-1000 ms,119
2026-05-25,ISSUERS_LIST,IOS,6.7.0,501-1000 ms,206
2026-05-25,UPLOADED_DOCUMENT_EVIDENCE,IOS,6.7.0,501-1000 ms,352
2026-05-25,ISSUED_DOCUMENT_DETAILS,IOS,6.7.0,501-1000 ms,9941
2026-05-25,ISSUED_DOCUMENT_EVIDENCE,IOS,6.7.0,501-1000 ms,1069
2026-05-25,DOCUMENTS_LIST,IOS,6.7.0,501-1000 ms,29585
2026-05-25,ISSUED_DOCUMENT_DETAILS,IOS,6.6.2,501-1000 ms,182
2026-05-25,ISSUED_DOCUMENT_DETAILS,IOS,6.6.0,501-1000 ms,220
2026-05-25,DOWNLOAD_SELF_SIGN_DOCUMENT,IOS,6.7.0,501-1000 ms,66
2026-05-25,ISSUED_DOCUMENT_DETAILS,IOS,6.6.1,501-1000 ms,42
2026-05-25,NON_ACTIONABLE_NOTIFICATION_DETAILS,IOS,6.7.0,501-1000 ms,10133
2026-05-25,DOCUMENTS_LIST,IOS,6.6.2,501-1000 ms,676
2026-05-25,QR_VERIFICATION,IOS,6.7.0,501-1000 ms,1951
2026-05-25,DOCUMENT_SELECTION_ISSUED_LIST,IOS,6.7.0,501-1000 ms,37
2026-05-25,DOCUMENTS_LIST,IOS,6.6.0,501-1000 ms,863
2026-05-25,ISSUED_DOCUMENT_DETAILS,IOS,6.5.0,501-1000 ms,107
2026-05-25,ACTIONABLE_NOTIFICATION_DETAILS,IOS,6.7.0,501-1000 ms,863
2026-05-25,ISSUED_DOCUMENT_EVIDENCE,IOS,6.5.0,< 0 ms,1
2026-05-25,ISSUERS_LIST,IOS,6.7.0,< 0 ms,1
2026-05-25,ACTIONABLE_NOTIFICATION_DETAILS,IOS,6.7.0,< 0 ms,17
2026-05-25,DOWNLOAD_DOCUMENT,IOS,6.7.0,= 0 ms,6
2026-05-25,DOCUMENTS_LIST,IOS,6.7.0,= 0 ms,22139
2026-05-25,DOCUMENT_SELECTION_UPLOADED_LIST,IOS,6.7.0,= 0 ms,2
2026-05-25,DOCUMENTS_LIST,IOS,6.5.0,= 0 ms,319
2026-05-25,ISSUED_DOCUMENT_DETAILS,IOS,6.7.0,= 0 ms,3113
2026-05-25,ISSUED_DOCUMENT_EVIDENCE,IOS,6.6.0,= 0 ms,334
2026-05-25,DOWNLOAD_SELF_SIGN_DOCUMENT,IOS,6.7.0,= 0 ms,63
2026-05-25,ISSUED_DOCUMENT_EVIDENCE,IOS,6.5.0,= 0 ms,172
2026-05-25,DOCUMENT_SELECTION_ISSUED_LIST,IOS,6.7.0,= 0 ms,9
2026-05-25,DOCUMENTS_LIST,IOS,6.6.1,= 0 ms,84
2026-05-25,UPLOADED_DOCUMENT_EVIDENCE,IOS,6.7.0,= 0 ms,118
2026-05-25,NOTIFICATIONS_LIST,IOS,6.7.0,= 0 ms,41234
2026-05-25,DOCUMENTS_LIST,IOS,6.6.0,= 0 ms,585
2026-05-25,ISSUED_DOCUMENT_DETAILS,IOS,6.6.2,= 0 ms,39
2026-05-25,ISSUED_DOCUMENT_DETAILS,IOS,6.6.0,= 0 ms,55
2026-05-25,ISSUED_DOCUMENT_EVIDENCE,IOS,6.6.2,= 0 ms,280
2026-05-25,ISSUED_DOCUMENT_EVIDENCE,IOS,6.7.0,= 0 ms,246
2026-05-25,DOCUMENTS_LIST,IOS,6.6.2,= 0 ms,409
2026-05-25,ACTIONABLE_NOTIFICATION_DETAILS,IOS,6.7.0,= 0 ms,2952
2026-05-25,SHARE_DOCUMENT,IOS,6.7.0,= 0 ms,12
2026-05-25,NON_ACTIONABLE_NOTIFICATION_DETAILS,IOS,6.7.0,= 0 ms,22016
2026-05-25,ISSUED_DOCUMENT_DETAILS,IOS,6.5.0,= 0 ms,26
2026-05-25,ISSUERS_LIST,IOS,6.7.0,= 0 ms,3304
2026-05-25,ISSUED_DOCUMENT_EVIDENCE,IOS,6.6.1,= 0 ms,62
2026-05-25,QR_VERIFICATION,IOS,6.7.0,= 0 ms,646
2026-05-25,ISSUED_DOCUMENT_DETAILS,IOS,6.6.1,= 0 ms,9
2026-05-26,DOCUMENTS_LIST,IOS,6.6.2,10000+ ms,9
2026-05-26,QR_VERIFICATION,IOS,6.7.0,10000+ ms,123
2026-05-26,DOCUMENTS_LIST,IOS,6.5.0,10000+ ms,12
2026-05-26,ISSUED_DOCUMENT_DETAILS,IOS,6.5.0,10000+ ms,11
2026-05-26,DOCUMENTS_LIST,IOS,6.6.1,10000+ ms,3
2026-05-26,ISSUERS_LIST,IOS,6.7.0,10000+ ms,151
2026-05-26,ISSUED_DOCUMENT_DETAILS,IOS,6.7.0,10000+ ms,1049
2026-05-26,UPLOADED_DOCUMENT_EVIDENCE,IOS,6.7.0,10000+ ms,28
2026-05-26,DOCUMENTS_LIST,IOS,6.6.0,10000+ ms,8
2026-05-26,DOCUMENT_SELECTION_ISSUED_LIST,IOS,6.7.0,10000+ ms,20
2026-05-26,SHARE_DOCUMENT,IOS,6.7.0,10000+ ms,28
2026-05-26,ISSUED_DOCUMENT_EVIDENCE,IOS,6.5.0,10000+ ms,5
2026-05-26,ISSUED_DOCUMENT_DETAILS,IOS,6.6.0,10000+ ms,23
2026-05-26,NON_ACTIONABLE_NOTIFICATION_DETAILS,IOS,6.7.0,10000+ ms,81
2026-05-26,ISSUED_DOCUMENT_DETAILS,IOS,6.6.2,10000+ ms,22
2026-05-26,DOWNLOAD_SELF_SIGN_DOCUMENT,IOS,6.7.0,10000+ ms,7
2026-05-26,NOTIFICATIONS_LIST,IOS,6.7.0,10000+ ms,224
2026-05-26,ACTIONABLE_NOTIFICATION_DETAILS,IOS,6.7.0,10000+ ms,7152
2026-05-26,DOWNLOAD_DOCUMENT,IOS,6.7.0,10000+ ms,18
2026-05-26,ISSUED_DOCUMENT_EVIDENCE,IOS,6.6.0,10000+ ms,4
2026-05-26,ISSUED_DOCUMENT_EVIDENCE,IOS,6.7.0,10000+ ms,1482
2026-05-26,ISSUED_DOCUMENT_EVIDENCE,IOS,6.6.1,10000+ ms,3
2026-05-26,ISSUED_DOCUMENT_DETAILS,IOS,6.6.1,10000+ ms,6
2026-05-26,DOCUMENTS_LIST,IOS,6.7.0,10000+ ms,360
2026-05-26,ISSUED_DOCUMENT_EVIDENCE,IOS,6.6.2,10000+ ms,6
2026-05-26,ISSUED_DOCUMENT_DETAILS,IOS,6.6.2,1001-5000 ms,16
2026-05-26,DOCUMENTS_LIST,IOS,6.6.0,1001-5000 ms,180
2026-05-26,NON_ACTIONABLE_NOTIFICATION_DETAILS,IOS,6.7.0,1001-5000 ms,710
2026-05-26,DOCUMENTS_LIST,IOS,6.7.0,1001-5000 ms,4011
2026-05-26,ISSUED_DOCUMENT_EVIDENCE,IOS,6.6.1,1001-5000 ms,1
2026-05-26,ISSUED_DOCUMENT_DETAILS,IOS,6.6.1,1001-5000 ms,3
2026-05-26,ISSUED_DOCUMENT_DETAILS,IOS,6.6.0,1001-5000 ms,40
2026-05-26,NOTIFICATIONS_LIST,IOS,6.7.0,1001-5000 ms,2306
2026-05-26,ISSUED_DOCUMENT_EVIDENCE,IOS,6.6.2,1001-5000 ms,9
2026-05-26,QR_VERIFICATION,IOS,6.7.0,1001-5000 ms,228
2026-05-26,DOWNLOAD_DOCUMENT,IOS,6.7.0,1001-5000 ms,99
2026-05-26,DOWNLOAD_SELF_SIGN_DOCUMENT,IOS,6.7.0,1001-5000 ms,22
2026-05-26,UPLOADED_DOCUMENT_EVIDENCE,IOS,6.7.0,1001-5000 ms,181
2026-05-26,DOCUMENTS_LIST,IOS,6.6.2,1001-5000 ms,124
2026-05-26,ISSUED_DOCUMENT_DETAILS,IOS,6.7.0,1001-5000 ms,1531
2026-05-26,ISSUED_DOCUMENT_EVIDENCE,IOS,6.6.0,1001-5000 ms,14
2026-05-26,ISSUED_DOCUMENT_EVIDENCE,IOS,6.5.0,1001-5000 ms,10
2026-05-26,ISSUERS_LIST,IOS,6.7.0,1001-5000 ms,13840
2026-05-26,DOCUMENT_SELECTION_ISSUED_LIST,IOS,6.7.0,1001-5000 ms,14
2026-05-26,DOCUMENTS_LIST,IOS,6.5.0,1001-5000 ms,71
2026-05-26,ISSUED_DOCUMENT_EVIDENCE,IOS,6.7.0,1001-5000 ms,6390
2026-05-26,SHARE_DOCUMENT,IOS,6.7.0,1001-5000 ms,87
2026-05-26,ACTIONABLE_NOTIFICATION_DETAILS,IOS,6.7.0,1001-5000 ms,5159
2026-05-26,ISSUED_DOCUMENT_DETAILS,IOS,6.5.0,1001-5000 ms,25
2026-05-26,DOCUMENTS_LIST,IOS,6.6.1,1001-5000 ms,26
2026-05-26,QR_VERIFICATION,IOS,6.7.0,5001-10000 ms,46
2026-05-26,DOCUMENTS_LIST,IOS,6.7.0,5001-10000 ms,536
2026-05-26,UPLOADED_DOCUMENT_EVIDENCE,IOS,6.7.0,5001-10000 ms,31
2026-05-26,DOCUMENTS_LIST,IOS,6.6.2,5001-10000 ms,18
2026-05-26,SHARE_DOCUMENT,IOS,6.7.0,5001-10000 ms,11
2026-05-26,ACTIONABLE_NOTIFICATION_DETAILS,IOS,6.7.0,5001-10000 ms,10900
2026-05-26,ISSUED_DOCUMENT_EVIDENCE,IOS,6.6.2,5001-10000 ms,1
2026-05-26,DOCUMENTS_LIST,IOS,6.5.0,5001-10000 ms,14
2026-05-26,ISSUED_DOCUMENT_EVIDENCE,IOS,6.7.0,5001-10000 ms,1478
2026-05-26,NOTIFICATIONS_LIST,IOS,6.7.0,5001-10000 ms,311
2026-05-26,ISSUERS_LIST,IOS,6.7.0,5001-10000 ms,305
2026-05-26,NON_ACTIONABLE_NOTIFICATION_DETAILS,IOS,6.7.0,5001-10000 ms,76
2026-05-26,ISSUED_DOCUMENT_DETAILS,IOS,6.6.2,5001-10000 ms,1
2026-05-26,DOCUMENTS_LIST,IOS,6.6.1,5001-10000 ms,5
2026-05-26,ISSUED_DOCUMENT_DETAILS,IOS,6.6.1,5001-10000 ms,2
2026-05-26,DOCUMENTS_LIST,IOS,6.6.0,5001-10000 ms,28
2026-05-26,ISSUED_DOCUMENT_EVIDENCE,IOS,6.6.0,5001-10000 ms,2
2026-05-26,DOWNLOAD_DOCUMENT,IOS,6.7.0,5001-10000 ms,11
2026-05-26,ISSUED_DOCUMENT_DETAILS,IOS,6.5.0,5001-10000 ms,4
2026-05-26,DOWNLOAD_SELF_SIGN_DOCUMENT,IOS,6.7.0,5001-10000 ms,5
2026-05-26,ISSUED_DOCUMENT_DETAILS,IOS,6.7.0,5001-10000 ms,416
2026-05-26,DOCUMENT_SELECTION_ISSUED_LIST,IOS,6.7.0,5001-10000 ms,4
2026-05-26,ISSUED_DOCUMENT_DETAILS,IOS,6.6.0,5001-10000 ms,8
2026-05-26,DOCUMENTS_LIST,IOS,6.6.1,501-1000 ms,88
2026-05-26,ISSUED_DOCUMENT_EVIDENCE,IOS,6.6.2,501-1000 ms,6
2026-05-26,DOCUMENTS_LIST,IOS,6.6.2,501-1000 ms,405
2026-05-26,DOCUMENTS_LIST,IOS,6.5.0,501-1000 ms,296
2026-05-26,ISSUED_DOCUMENT_DETAILS,IOS,6.7.0,501-1000 ms,6431
2026-05-26,ISSUED_DOCUMENT_EVIDENCE,IOS,6.6.1,501-1000 ms,3
2026-05-26,ISSUED_DOCUMENT_DETAILS,IOS,6.6.2,501-1000 ms,108
2026-05-26,DOCUMENT_SELECTION_UPLOADED_LIST,IOS,6.7.0,501-1000 ms,2
2026-05-26,DOCUMENTS_LIST,IOS,6.6.0,501-1000 ms,529
2026-05-26,NON_ACTIONABLE_NOTIFICATION_DETAILS,IOS,6.7.0,501-1000 ms,6267
2026-05-26,ISSUED_DOCUMENT_DETAILS,IOS,6.6.0,501-1000 ms,143
2026-05-26,DOCUMENTS_LIST,IOS,6.7.0,501-1000 ms,17950
2026-05-26,DOWNLOAD_SELF_SIGN_DOCUMENT,IOS,6.7.0,501-1000 ms,37
2026-05-26,DOCUMENT_SELECTION_ISSUED_LIST,IOS,6.7.0,501-1000 ms,43
2026-05-26,ISSUED_DOCUMENT_EVIDENCE,IOS,6.6.0,501-1000 ms,5
2026-05-26,ISSUED_DOCUMENT_EVIDENCE,IOS,6.5.0,501-1000 ms,2
2026-05-26,ISSUED_DOCUMENT_DETAILS,IOS,6.6.1,501-1000 ms,37
2026-05-26,ISSUED_DOCUMENT_DETAILS,IOS,6.5.0,501-1000 ms,86
2026-05-26,ISSUERS_LIST,IOS,6.7.0,501-1000 ms,285
2026-05-26,ACTIONABLE_NOTIFICATION_DETAILS,IOS,6.7.0,501-1000 ms,1059
2026-05-26,QR_VERIFICATION,IOS,6.7.0,501-1000 ms,1227
2026-05-26,DOWNLOAD_DOCUMENT,IOS,6.7.0,501-1000 ms,55
2026-05-26,NOTIFICATIONS_LIST,IOS,6.7.0,501-1000 ms,11573
2026-05-26,SHARE_DOCUMENT,IOS,6.7.0,501-1000 ms,70
2026-05-26,ISSUED_DOCUMENT_EVIDENCE,IOS,6.7.0,501-1000 ms,720
2026-05-26,UPLOADED_DOCUMENT_EVIDENCE,IOS,6.7.0,501-1000 ms,236
2026-05-26,ISSUED_DOCUMENT_EVIDENCE,IOS,6.7.0,< 0 ms,1
2026-05-26,ACTIONABLE_NOTIFICATION_DETAILS,IOS,6.7.0,< 0 ms,7
2026-05-26,DOCUMENTS_LIST,IOS,6.5.0,< 0 ms,1
2026-05-26,ISSUED_DOCUMENT_EVIDENCE,IOS,6.6.0,< 0 ms,1
2026-05-26,ISSUED_DOCUMENT_EVIDENCE,IOS,6.5.0,= 0 ms,114
2026-05-26,ISSUED_DOCUMENT_EVIDENCE,IOS,6.6.2,= 0 ms,166
2026-05-26,ISSUED_DOCUMENT_DETAILS,IOS,6.6.0,= 0 ms,41
2026-05-26,UPLOADED_DOCUMENT_EVIDENCE,IOS,6.7.0,= 0 ms,68
2026-05-26,ISSUED_DOCUMENT_DETAILS,IOS,6.7.0,= 0 ms,2402
2026-05-26,DOCUMENTS_LIST,IOS,6.7.0,= 0 ms,15899
2026-05-26,DOCUMENTS_LIST,IOS,6.6.1,= 0 ms,60
2026-05-26,DOCUMENTS_LIST,IOS,6.5.0,= 0 ms,211
2026-05-26,ISSUED_DOCUMENT_EVIDENCE,IOS,6.6.0,= 0 ms,219
2026-05-26,DOCUMENTS_LIST,IOS,6.6.2,= 0 ms,263
2026-05-26,QR_VERIFICATION,IOS,6.7.0,= 0 ms,489
2026-05-26,ISSUED_DOCUMENT_DETAILS,IOS,6.6.1,= 0 ms,5
2026-05-26,SHARE_DOCUMENT,IOS,6.7.0,= 0 ms,8
2026-05-26,ISSUED_DOCUMENT_DETAILS,IOS,6.6.2,= 0 ms,44
2026-05-26,ISSUED_DOCUMENT_EVIDENCE,IOS,6.6.1,= 0 ms,36
2026-05-26,ACTIONABLE_NOTIFICATION_DETAILS,IOS,6.7.0,= 0 ms,1851
2026-05-26,ISSUERS_LIST,IOS,6.7.0,= 0 ms,2067
2026-05-26,DOCUMENT_SELECTION_UPLOADED_LIST,IOS,6.7.0,= 0 ms,2
2026-05-26,DOCUMENT_SELECTION_ISSUED_LIST,IOS,6.7.0,= 0 ms,13
2026-05-26,NON_ACTIONABLE_NOTIFICATION_DETAILS,IOS,6.7.0,= 0 ms,14719
2026-05-26,ISSUED_DOCUMENT_DETAILS,IOS,6.5.0,= 0 ms,22
2026-05-26,ISSUED_DOCUMENT_EVIDENCE,IOS,6.7.0,= 0 ms,172
2026-05-26,DOWNLOAD_DOCUMENT,IOS,6.7.0,= 0 ms,6
2026-05-26,DOCUMENTS_LIST,IOS,6.6.0,= 0 ms,407
2026-05-26,DOWNLOAD_SELF_SIGN_DOCUMENT,IOS,6.7.0,= 0 ms,19
2026-05-26,NOTIFICATIONS_LIST,IOS,6.7.0,= 0 ms,25347
2026-04-22,ISSUED_DOCUMENT_DETAILS,Java/1.8.0_352,OldApp,= 0 ms,7789
2026-04-22,ISSUED_DOCUMENT_EVIDENCE,Java/1.8.0_352,OldApp,= 0 ms,1124
2026-04-23,ISSUED_DOCUMENT_EVIDENCE,Java/1.8.0_352,OldApp,= 0 ms,1079
2026-04-23,ISSUED_DOCUMENT_DETAILS,Java/1.8.0_352,OldApp,= 0 ms,7434
2026-04-24,ISSUED_DOCUMENT_DETAILS,Java/1.8.0_352,OldApp,= 0 ms,6990
2026-04-24,ISSUED_DOCUMENT_EVIDENCE,Java/1.8.0_352,OldApp,= 0 ms,1002
2026-04-25,ISSUED_DOCUMENT_DETAILS,Java/1.8.0_352,OldApp,= 0 ms,5895
2026-04-25,ISSUED_DOCUMENT_EVIDENCE,Java/1.8.0_352,OldApp,= 0 ms,811
2026-04-26,ISSUED_DOCUMENT_EVIDENCE,Java/1.8.0_352,OldApp,= 0 ms,740
2026-04-26,ISSUED_DOCUMENT_DETAILS,Java/1.8.0_352,OldApp,= 0 ms,5594
2026-04-27,ISSUED_DOCUMENT_EVIDENCE,Java/1.8.0_352,OldApp,= 0 ms,1027
2026-04-27,ISSUED_DOCUMENT_DETAILS,Java/1.8.0_352,OldApp,= 0 ms,7659
2026-04-28,ISSUED_DOCUMENT_EVIDENCE,Java/1.8.0_352,OldApp,= 0 ms,1072
2026-04-28,ISSUED_DOCUMENT_DETAILS,Java/1.8.0_352,OldApp,= 0 ms,7244
2026-04-29,ISSUED_DOCUMENT_DETAILS,Java/1.8.0_352,OldApp,= 0 ms,7278
2026-04-29,ACTIONABLE_NOTIFICATION_DETAILS,Java/1.8.0_352,OldApp,= 0 ms,3
2026-04-29,ISSUED_DOCUMENT_EVIDENCE,Java/1.8.0_352,OldApp,= 0 ms,1052
2026-04-30,ACTIONABLE_NOTIFICATION_DETAILS,Java/1.8.0_352,OldApp,= 0 ms,1561
2026-04-30,QR_VERIFICATION,Java/1.8.0_352,OldApp,= 0 ms,1
2026-04-30,ISSUED_DOCUMENT_EVIDENCE,Java/1.8.0_352,OldApp,= 0 ms,1123
2026-04-30,ISSUED_DOCUMENT_DETAILS,Java/1.8.0_352,OldApp,= 0 ms,7033
2026-05-01,ACTIONABLE_NOTIFICATION_DETAILS,Java/1.8.0_352,OldApp,= 0 ms,4630
2026-05-01,SHARE_DOCUMENT,Java/1.8.0_352,OldApp,= 0 ms,1
2026-05-01,ISSUED_DOCUMENT_EVIDENCE,Java/1.8.0_352,OldApp,= 0 ms,977
2026-05-01,QR_VERIFICATION,Java/1.8.0_352,OldApp,= 0 ms,8
2026-05-01,ISSUED_DOCUMENT_DETAILS,Java/1.8.0_352,OldApp,= 0 ms,6742
2026-05-02,ACTIONABLE_NOTIFICATION_DETAILS,Java/1.8.0_352,OldApp,= 0 ms,5704
2026-05-02,ISSUED_DOCUMENT_EVIDENCE,Java/1.8.0_352,OldApp,= 0 ms,833
2026-05-02,QR_VERIFICATION,Java/1.8.0_352,OldApp,= 0 ms,19
2026-05-02,ISSUED_DOCUMENT_DETAILS,Java/1.8.0_352,OldApp,= 0 ms,5945
2026-05-02,DOWNLOAD_DOCUMENT,Java/1.8.0_352,OldApp,= 0 ms,1
2026-05-02,SHARE_DOCUMENT,Java/1.8.0_352,OldApp,= 0 ms,1
2026-05-03,DOWNLOAD_DOCUMENT,Java/1.8.0_352,OldApp,= 0 ms,1
2026-05-03,QR_VERIFICATION,Java/1.8.0_352,OldApp,= 0 ms,11
2026-05-03,ISSUED_DOCUMENT_EVIDENCE,Java/1.8.0_352,OldApp,= 0 ms,679
2026-05-03,ACTIONABLE_NOTIFICATION_DETAILS,Java/1.8.0_352,OldApp,= 0 ms,5940
2026-05-03,ISSUED_DOCUMENT_DETAILS,Java/1.8.0_352,OldApp,= 0 ms,5438
2026-05-04,ISSUED_DOCUMENT_DETAILS,Java/1.8.0_352,OldApp,= 0 ms,7449
2026-05-04,ISSUED_DOCUMENT_EVIDENCE,Java/1.8.0_352,OldApp,= 0 ms,1034
2026-05-04,DOWNLOAD_DOCUMENT,Java/1.8.0_352,OldApp,= 0 ms,1
2026-05-04,ACTIONABLE_NOTIFICATION_DETAILS,Java/1.8.0_352,OldApp,= 0 ms,8871
2026-05-04,QR_VERIFICATION,Java/1.8.0_352,OldApp,= 0 ms,34
2026-05-05,QR_VERIFICATION,Java/1.8.0_352,OldApp,= 0 ms,47
2026-05-05,ACTIONABLE_NOTIFICATION_DETAILS,Java/1.8.0_352,OldApp,= 0 ms,10098
2026-05-05,ISSUED_DOCUMENT_EVIDENCE,Java/1.8.0_352,OldApp,= 0 ms,1092
2026-05-05,DOWNLOAD_DOCUMENT,Java/1.8.0_352,OldApp,= 0 ms,2
2026-05-05,SHARE_DOCUMENT,Java/1.8.0_352,OldApp,= 0 ms,2
2026-05-05,ISSUED_DOCUMENT_DETAILS,Java/1.8.0_352,OldApp,= 0 ms,7412
2026-05-06,DOWNLOAD_DOCUMENT,Java/1.8.0_352,OldApp,= 0 ms,1
2026-05-06,SHARE_DOCUMENT,Java/1.8.0_352,OldApp,= 0 ms,2
2026-05-06,ISSUED_DOCUMENT_DETAILS,Java/1.8.0_352,OldApp,= 0 ms,7508
2026-05-06,QR_VERIFICATION,Java/1.8.0_352,OldApp,= 0 ms,51
2026-05-06,ISSUED_DOCUMENT_EVIDENCE,Java/1.8.0_352,OldApp,= 0 ms,1124
2026-05-06,ACTIONABLE_NOTIFICATION_DETAILS,Java/1.8.0_352,OldApp,= 0 ms,15413
2026-05-07,ACTIONABLE_NOTIFICATION_DETAILS,Java/1.8.0_352,OldApp,= 0 ms,21965
2026-05-07,DOWNLOAD_DOCUMENT,Java/1.8.0_352,OldApp,= 0 ms,3
2026-05-07,ISSUED_DOCUMENT_DETAILS,Java/1.8.0_352,OldApp,= 0 ms,7539
2026-05-07,SHARE_DOCUMENT,Java/1.8.0_352,OldApp,= 0 ms,4
2026-05-07,ISSUED_DOCUMENT_EVIDENCE,Java/1.8.0_352,OldApp,= 0 ms,1067
2026-05-07,QR_VERIFICATION,Java/1.8.0_352,OldApp,= 0 ms,112
2026-05-08,DOWNLOAD_DOCUMENT,Java/1.8.0_352,OldApp,= 0 ms,9
2026-05-08,SHARE_DOCUMENT,Java/1.8.0_352,OldApp,= 0 ms,2
2026-05-08,ACTIONABLE_NOTIFICATION_DETAILS,Java/1.8.0_352,OldApp,= 0 ms,31672
2026-05-08,ISSUED_DOCUMENT_EVIDENCE,Java/1.8.0_352,OldApp,= 0 ms,971
2026-05-08,ISSUED_DOCUMENT_DETAILS,Java/1.8.0_352,OldApp,= 0 ms,7231
2026-05-08,QR_VERIFICATION,Java/1.8.0_352,OldApp,= 0 ms,130
2026-05-09,DOWNLOAD_DOCUMENT,Java/1.8.0_352,OldApp,= 0 ms,6
2026-05-09,ISSUED_DOCUMENT_DETAILS,Java/1.8.0_352,OldApp,= 0 ms,6586
2026-05-09,ACTIONABLE_NOTIFICATION_DETAILS,Java/1.8.0_352,OldApp,= 0 ms,33232
2026-05-09,QR_VERIFICATION,Java/1.8.0_352,OldApp,= 0 ms,155
2026-05-09,ISSUED_DOCUMENT_EVIDENCE,Java/1.8.0_352,OldApp,= 0 ms,821
2026-05-09,SHARE_DOCUMENT,Java/1.8.0_352,OldApp,= 0 ms,3
2026-05-10,ISSUED_DOCUMENT_EVIDENCE,Java/1.8.0_352,OldApp,= 0 ms,660
2026-05-10,ACTIONABLE_NOTIFICATION_DETAILS,Java/1.8.0_352,OldApp,= 0 ms,30234
2026-05-10,ISSUED_DOCUMENT_DETAILS,Java/1.8.0_352,OldApp,= 0 ms,5643
2026-05-10,QR_VERIFICATION,Java/1.8.0_352,OldApp,= 0 ms,176
2026-05-10,DOWNLOAD_DOCUMENT,Java/1.8.0_352,OldApp,= 0 ms,5
2026-05-10,SHARE_DOCUMENT,Java/1.8.0_352,OldApp,= 0 ms,2
2026-05-11,DOWNLOAD_DOCUMENT,Java/1.8.0_352,OldApp,= 0 ms,14
2026-05-11,ACTIONABLE_NOTIFICATION_DETAILS,Java/1.8.0_352,OldApp,= 0 ms,37230
2026-05-11,QR_VERIFICATION,Java/1.8.0_352,OldApp,= 0 ms,301
2026-05-11,ISSUED_DOCUMENT_DETAILS,Java/1.8.0_352,OldApp,= 0 ms,8073
2026-05-11,SHARE_DOCUMENT,Java/1.8.0_352,OldApp,= 0 ms,3
2026-05-11,ISSUED_DOCUMENT_EVIDENCE,Java/1.8.0_352,OldApp,= 0 ms,973
2026-05-12,DOWNLOAD_DOCUMENT,Java/1.8.0_352,OldApp,= 0 ms,16
2026-05-12,ACTIONABLE_NOTIFICATION_DETAILS,Java/1.8.0_352,OldApp,= 0 ms,43439
2026-05-12,ISSUED_DOCUMENT_DETAILS,Java/1.8.0_352,OldApp,= 0 ms,7955
2026-05-12,ISSUED_DOCUMENT_EVIDENCE,Java/1.8.0_352,OldApp,= 0 ms,1075
2026-05-12,SHARE_DOCUMENT,Java/1.8.0_352,OldApp,= 0 ms,2
2026-05-12,QR_VERIFICATION,Java/1.8.0_352,OldApp,= 0 ms,298
2026-05-13,SHARE_DOCUMENT,Java/1.8.0_352,OldApp,= 0 ms,8
2026-05-13,DOWNLOAD_DOCUMENT,Java/1.8.0_352,OldApp,= 0 ms,10
2026-05-13,ISSUED_DOCUMENT_DETAILS,Java/1.8.0_352,OldApp,= 0 ms,7925
2026-05-13,ISSUED_DOCUMENT_EVIDENCE,Java/1.8.0_352,OldApp,= 0 ms,1038
2026-05-13,QR_VERIFICATION,Java/1.8.0_352,OldApp,= 0 ms,232
2026-05-13,ACTIONABLE_NOTIFICATION_DETAILS,Java/1.8.0_352,OldApp,= 0 ms,43555
2026-05-14,ISSUED_DOCUMENT_DETAILS,Java/1.8.0_352,OldApp,= 0 ms,7729
2026-05-14,ACTIONABLE_NOTIFICATION_DETAILS,Java/1.8.0_352,OldApp,= 0 ms,41734
2026-05-14,ISSUED_DOCUMENT_EVIDENCE,Java/1.8.0_352,OldApp,= 0 ms,1099
2026-05-14,QR_VERIFICATION,Java/1.8.0_352,OldApp,= 0 ms,286
2026-05-14,DOWNLOAD_DOCUMENT,Java/1.8.0_352,OldApp,= 0 ms,12
2026-05-14,SHARE_DOCUMENT,Java/1.8.0_352,OldApp,= 0 ms,4
2026-05-15,QR_VERIFICATION,Java/1.8.0_352,OldApp,= 0 ms,275
2026-05-15,ISSUED_DOCUMENT_DETAILS,Java/1.8.0_352,OldApp,= 0 ms,7079
2026-05-15,SHARE_DOCUMENT,Java/1.8.0_352,OldApp,= 0 ms,7
2026-05-15,ACTIONABLE_NOTIFICATION_DETAILS,Java/1.8.0_352,OldApp,= 0 ms,39233
2026-05-15,DOWNLOAD_DOCUMENT,Java/1.8.0_352,OldApp,= 0 ms,14
2026-05-15,ISSUED_DOCUMENT_EVIDENCE,Java/1.8.0_352,OldApp,= 0 ms,996
2026-05-16,DOWNLOAD_DOCUMENT,Java/1.8.0_352,OldApp,= 0 ms,10
2026-05-16,QR_VERIFICATION,Java/1.8.0_352,OldApp,= 0 ms,222
2026-05-16,SHARE_DOCUMENT,Java/1.8.0_352,OldApp,= 0 ms,3
2026-05-16,ISSUED_DOCUMENT_DETAILS,Java/1.8.0_352,OldApp,= 0 ms,6197
2026-05-16,ACTIONABLE_NOTIFICATION_DETAILS,Java/1.8.0_352,OldApp,= 0 ms,37365
2026-05-16,ISSUED_DOCUMENT_EVIDENCE,Java/1.8.0_352,OldApp,= 0 ms,855
2026-05-17,ISSUED_DOCUMENT_EVIDENCE,Java/1.8.0_352,OldApp,= 0 ms,717
2026-05-17,QR_VERIFICATION,Java/1.8.0_352,OldApp,= 0 ms,214
2026-05-17,SHARE_DOCUMENT,Java/1.8.0_352,OldApp,= 0 ms,3
2026-05-17,ACTIONABLE_NOTIFICATION_DETAILS,Java/1.8.0_352,OldApp,= 0 ms,34101
2026-05-17,ISSUED_DOCUMENT_DETAILS,Java/1.8.0_352,OldApp,= 0 ms,5694
2026-05-17,DOWNLOAD_DOCUMENT,Java/1.8.0_352,OldApp,= 0 ms,5
2026-05-18,ISSUED_DOCUMENT_EVIDENCE,Java/1.8.0_352,OldApp,= 0 ms,1007
2026-05-18,ACTIONABLE_NOTIFICATION_DETAILS,Java/1.8.0_352,OldApp,= 0 ms,39491
2026-05-18,DOWNLOAD_DOCUMENT,Java/1.8.0_352,OldApp,= 0 ms,16
2026-05-18,SHARE_DOCUMENT,Java/1.8.0_352,OldApp,= 0 ms,2
2026-05-18,ISSUED_DOCUMENT_DETAILS,Java/1.8.0_352,OldApp,= 0 ms,8403
2026-05-18,QR_VERIFICATION,Java/1.8.0_352,OldApp,= 0 ms,318
2026-05-19,ISSUED_DOCUMENT_EVIDENCE,Java/1.8.0_352,OldApp,= 0 ms,1145
2026-05-19,QR_VERIFICATION,Java/1.8.0_352,OldApp,= 0 ms,325
2026-05-19,DOWNLOAD_DOCUMENT,Java/1.8.0_352,OldApp,= 0 ms,15
2026-05-19,SHARE_DOCUMENT,Java/1.8.0_352,OldApp,= 0 ms,4
2026-05-19,ISSUED_DOCUMENT_DETAILS,Java/1.8.0_352,OldApp,= 0 ms,8080
2026-05-19,ACTIONABLE_NOTIFICATION_DETAILS,Java/1.8.0_352,OldApp,= 0 ms,38447
2026-05-20,ISSUED_DOCUMENT_EVIDENCE,Java/1.8.0_352,OldApp,= 0 ms,1212
2026-05-20,ACTIONABLE_NOTIFICATION_DETAILS,Java/1.8.0_352,OldApp,= 0 ms,39037
2026-05-20,ISSUED_DOCUMENT_DETAILS,Java/1.8.0_352,OldApp,= 0 ms,8191
2026-05-20,DOWNLOAD_DOCUMENT,Java/1.8.0_352,OldApp,= 0 ms,10
2026-05-20,QR_VERIFICATION,Java/1.8.0_352,OldApp,= 0 ms,317
2026-05-20,SHARE_DOCUMENT,Java/1.8.0_352,OldApp,= 0 ms,5
2026-05-21,SHARE_DOCUMENT,Java/1.8.0_352,OldApp,= 0 ms,10
2026-05-21,QR_VERIFICATION,Java/1.8.0_352,OldApp,= 0 ms,341
2026-05-21,ISSUED_DOCUMENT_DETAILS,Java/1.8.0_352,OldApp,= 0 ms,8189
2026-05-21,ISSUED_DOCUMENT_EVIDENCE,Java/1.8.0_352,OldApp,= 0 ms,1123
2026-05-21,ACTIONABLE_NOTIFICATION_DETAILS,Java/1.8.0_352,OldApp,= 0 ms,39628
2026-05-21,DOWNLOAD_DOCUMENT,Java/1.8.0_352,OldApp,= 0 ms,19
2026-05-22,ACTIONABLE_NOTIFICATION_DETAILS,Java/1.8.0_352,OldApp,= 0 ms,42605
2026-05-22,QR_VERIFICATION,Java/1.8.0_352,OldApp,= 0 ms,305
2026-05-22,SHARE_DOCUMENT,Java/1.8.0_352,OldApp,= 0 ms,4
2026-05-22,ISSUED_DOCUMENT_DETAILS,Java/1.8.0_352,OldApp,= 0 ms,7133
2026-05-22,DOWNLOAD_DOCUMENT,Java/1.8.0_352,OldApp,= 0 ms,9
2026-05-22,ISSUED_DOCUMENT_EVIDENCE,Java/1.8.0_352,OldApp,= 0 ms,1012
2026-05-23,SHARE_DOCUMENT,Java/1.8.0_352,OldApp,= 0 ms,4
2026-05-23,ISSUED_DOCUMENT_EVIDENCE,Java/1.8.0_352,OldApp,= 0 ms,871
2026-05-23,QR_VERIFICATION,Java/1.8.0_352,OldApp,= 0 ms,259
2026-05-23,ACTIONABLE_NOTIFICATION_DETAILS,Java/1.8.0_352,OldApp,= 0 ms,41389
2026-05-23,DOWNLOAD_DOCUMENT,Java/1.8.0_352,OldApp,= 0 ms,7
2026-05-23,ISSUED_DOCUMENT_DETAILS,Java/1.8.0_352,OldApp,= 0 ms,6773
2026-05-24,QR_VERIFICATION,Java/1.8.0_352,OldApp,= 0 ms,219
2026-05-24,SHARE_DOCUMENT,Java/1.8.0_352,OldApp,= 0 ms,2
2026-05-24,ISSUED_DOCUMENT_EVIDENCE,Java/1.8.0_352,OldApp,= 0 ms,916
2026-05-24,ACTIONABLE_NOTIFICATION_DETAILS,Java/1.8.0_352,OldApp,= 0 ms,35670
2026-05-24,ISSUED_DOCUMENT_DETAILS,Java/1.8.0_352,OldApp,= 0 ms,5873
2026-05-24,DOWNLOAD_DOCUMENT,Java/1.8.0_352,OldApp,= 0 ms,3
2026-05-25,ISSUED_DOCUMENT_EVIDENCE,Java/1.8.0_352,OldApp,= 0 ms,864
2026-05-25,SHARE_DOCUMENT,Java/1.8.0_352,OldApp,= 0 ms,5
2026-05-25,ISSUED_DOCUMENT_DETAILS,Java/1.8.0_352,OldApp,= 0 ms,6223
2026-05-25,DOWNLOAD_DOCUMENT,Java/1.8.0_352,OldApp,= 0 ms,9
2026-05-25,ACTIONABLE_NOTIFICATION_DETAILS,Java/1.8.0_352,OldApp,= 0 ms,42668
2026-05-25,QR_VERIFICATION,Java/1.8.0_352,OldApp,= 0 ms,243
2026-05-26,ISSUED_DOCUMENT_EVIDENCE,Java/1.8.0_352,OldApp,= 0 ms,501
2026-05-26,ACTIONABLE_NOTIFICATION_DETAILS,Java/1.8.0_352,OldApp,= 0 ms,32735
2026-05-26,ISSUED_DOCUMENT_DETAILS,Java/1.8.0_352,OldApp,= 0 ms,4254
2026-05-26,DOWNLOAD_DOCUMENT,Java/1.8.0_352,OldApp,= 0 ms,4
2026-05-26,QR_VERIFICATION,Java/1.8.0_352,OldApp,= 0 ms,161
2026-05-27,ACTIONABLE_NOTIFICATION_DETAILS,ANDROID,6.7.0,1-50 ms,4
2026-05-27,NOTIFICATIONS_LIST,ANDROID,6.7.0,1-50 ms,5
2026-05-27,DOWNLOAD_DOCUMENT,ANDROID,6.7.0,10000+ ms,19
2026-05-27,NON_ACTIONABLE_NOTIFICATION_DETAILS,ANDROID,6.7.0,10000+ ms,228
2026-05-27,ISSUED_DOCUMENT_DETAILS,ANDROID,6.5.0,10000+ ms,40
2026-05-27,DOCUMENTS_LIST,ANDROID,6.5.0,10000+ ms,24
2026-05-27,DOWNLOAD_SELF_SIGN_DOCUMENT,ANDROID,6.7.0,10000+ ms,9
2026-05-27,ACTIONABLE_NOTIFICATION_DETAILS,ANDROID,6.7.0,10000+ ms,5476
2026-05-27,ISSUED_DOCUMENT_EVIDENCE,ANDROID,6.6.2,10000+ ms,182
2026-05-27,ISSUED_DOCUMENT_EVIDENCE,ANDROID,6.5.1,10000+ ms,56
2026-05-27,DOCUMENT_SELECTION_ISSUED_LIST,ANDROID,6.7.0,10000+ ms,17
2026-05-27,ISSUED_DOCUMENT_DETAILS,ANDROID,6.6.0,10000+ ms,279
2026-05-27,DOCUMENTS_LIST,ANDROID,6.6.0,10000+ ms,177
2026-05-27,DOCUMENTS_LIST,ANDROID,6.7.0,10000+ ms,1329
2026-05-27,NOTIFICATIONS_LIST,ANDROID,6.7.0,10000+ ms,1046
2026-05-27,SHARE_DOCUMENT,ANDROID,6.7.0,10000+ ms,7
2026-05-27,ISSUED_DOCUMENT_DETAILS,ANDROID,6.5.1,10000+ ms,59
2026-05-27,ISSUED_DOCUMENT_EVIDENCE,ANDROID,6.5.0,10000+ ms,37
2026-05-27,UPLOADED_DOCUMENT_EVIDENCE,ANDROID,6.7.0,10000+ ms,33
2026-05-27,ISSUED_DOCUMENT_EVIDENCE,ANDROID,6.6.1,10000+ ms,10
2026-05-27,ISSUED_DOCUMENT_EVIDENCE,ANDROID,6.7.0,10000+ ms,3632
2026-05-27,QR_VERIFICATION,ANDROID,6.7.0,10000+ ms,259
2026-05-27,ISSUED_DOCUMENT_DETAILS,ANDROID,6.6.2,10000+ ms,178
2026-05-27,DOCUMENTS_LIST,ANDROID,6.6.2,10000+ ms,136
2026-05-27,DOCUMENTS_LIST,ANDROID,6.6.1,10000+ ms,4
2026-05-27,ISSUED_DOCUMENT_EVIDENCE,ANDROID,6.6.0,10000+ ms,279
2026-05-27,ISSUED_DOCUMENT_DETAILS,ANDROID,6.7.0,10000+ ms,2279
2026-05-27,DOCUMENT_SELECTION_UPLOADED_LIST,ANDROID,6.7.0,10000+ ms,3
2026-05-27,ISSUED_DOCUMENT_DETAILS,ANDROID,6.6.1,10000+ ms,8
2026-05-27,ISSUERS_LIST,ANDROID,6.7.0,10000+ ms,1781
2026-05-27,DOCUMENTS_LIST,ANDROID,6.5.1,10000+ ms,50
2026-05-27,SHARE_DOCUMENT,ANDROID,6.7.0,1001-5000 ms,73
2026-05-27,ISSUED_DOCUMENT_DETAILS,ANDROID,6.6.1,1001-5000 ms,11
2026-05-27,ISSUED_DOCUMENT_EVIDENCE,ANDROID,6.6.2,1001-5000 ms,172
2026-05-27,DOCUMENTS_LIST,ANDROID,6.5.1,1001-5000 ms,469
2026-05-27,ACTIONABLE_NOTIFICATION_DETAILS,ANDROID,6.7.0,1001-5000 ms,7355
2026-05-27,DOWNLOAD_SELF_SIGN_DOCUMENT,ANDROID,6.7.0,1001-5000 ms,25
2026-05-27,ISSUERS_LIST,ANDROID,6.7.0,1001-5000 ms,25991
2026-05-27,ISSUED_DOCUMENT_EVIDENCE,ANDROID,6.6.1,1001-5000 ms,17
2026-05-27,DOCUMENTS_LIST,ANDROID,6.6.0,1001-5000 ms,2638
2026-05-27,ISSUED_DOCUMENT_DETAILS,ANDROID,6.6.0,1001-5000 ms,290
2026-05-27,QR_VERIFICATION,ANDROID,6.7.0,1001-5000 ms,902
2026-05-27,ISSUED_DOCUMENT_DETAILS,ANDROID,6.7.0,1001-5000 ms,6419
2026-05-27,NOTIFICATIONS_LIST,ANDROID,6.7.0,1001-5000 ms,7866
2026-05-27,DOWNLOAD_DOCUMENT,ANDROID,6.7.0,1001-5000 ms,169
2026-05-27,UPLOADED_DOCUMENT_EVIDENCE,ANDROID,6.7.0,1001-5000 ms,201
2026-05-27,DOCUMENT_SELECTION_ISSUED_LIST,ANDROID,6.7.0,1001-5000 ms,10
2026-05-27,NON_ACTIONABLE_NOTIFICATION_DETAILS,ANDROID,6.7.0,1001-5000 ms,3769
2026-05-27,ISSUED_DOCUMENT_DETAILS,ANDROID,6.6.2,1001-5000 ms,180
2026-05-27,ISSUED_DOCUMENT_EVIDENCE,ANDROID,6.6.0,1001-5000 ms,284
2026-05-27,DOCUMENTS_LIST,ANDROID,6.5.0,1001-5000 ms,218
2026-05-27,DOCUMENTS_LIST,ANDROID,6.7.0,1001-5000 ms,58931
2026-05-27,DOCUMENTS_LIST,ANDROID,6.6.2,1001-5000 ms,1749
2026-05-27,DOCUMENTS_LIST,ANDROID,6.6.1,1001-5000 ms,90
2026-05-27,ISSUED_DOCUMENT_DETAILS,ANDROID,6.5.0,1001-5000 ms,27
2026-05-27,ISSUED_DOCUMENT_EVIDENCE,ANDROID,6.5.0,1001-5000 ms,31
2026-05-27,ISSUED_DOCUMENT_EVIDENCE,ANDROID,6.5.1,1001-5000 ms,36
2026-05-27,ISSUED_DOCUMENT_DETAILS,ANDROID,6.5.1,1001-5000 ms,46
2026-05-27,ISSUED_DOCUMENT_EVIDENCE,ANDROID,6.7.0,1001-5000 ms,9562
2026-05-27,ISSUED_DOCUMENT_DETAILS,ANDROID,6.6.0,101-500 ms,39
2026-05-27,DOCUMENTS_LIST,ANDROID,6.7.0,101-500 ms,34
2026-05-27,ISSUED_DOCUMENT_DETAILS,ANDROID,6.6.1,101-500 ms,1
2026-05-27,ISSUED_DOCUMENT_DETAILS,ANDROID,6.6.2,101-500 ms,29
2026-05-27,DOWNLOAD_SELF_SIGN_DOCUMENT,ANDROID,6.7.0,101-500 ms,13
2026-05-27,NOTIFICATIONS_LIST,ANDROID,6.7.0,101-500 ms,37379
2026-05-27,ISSUED_DOCUMENT_DETAILS,ANDROID,6.5.1,101-500 ms,7
2026-05-27,SHARE_DOCUMENT,ANDROID,6.7.0,101-500 ms,2
2026-05-27,DOCUMENT_SELECTION_ISSUED_LIST,ANDROID,6.7.0,101-500 ms,6
2026-05-27,QR_VERIFICATION,ANDROID,6.7.0,101-500 ms,516
2026-05-27,ISSUED_DOCUMENT_EVIDENCE,ANDROID,6.7.0,101-500 ms,92
2026-05-27,NON_ACTIONABLE_NOTIFICATION_DETAILS,ANDROID,6.7.0,101-500 ms,34439
2026-05-27,DOCUMENT_SELECTION_UPLOADED_LIST,ANDROID,6.7.0,101-500 ms,3
2026-05-27,UPLOADED_DOCUMENT_EVIDENCE,ANDROID,6.7.0,101-500 ms,111
2026-05-27,DOWNLOAD_DOCUMENT,ANDROID,6.7.0,101-500 ms,4
2026-05-27,ISSUED_DOCUMENT_DETAILS,ANDROID,6.5.0,101-500 ms,12
2026-05-27,ISSUERS_LIST,ANDROID,6.7.0,101-500 ms,18
2026-05-27,ACTIONABLE_NOTIFICATION_DETAILS,ANDROID,6.7.0,101-500 ms,34
2026-05-27,ISSUED_DOCUMENT_DETAILS,ANDROID,6.7.0,101-500 ms,3316
2026-05-27,NON_ACTIONABLE_NOTIFICATION_DETAILS,ANDROID,6.7.0,5001-10000 ms,208
2026-05-27,ISSUED_DOCUMENT_DETAILS,ANDROID,6.7.0,5001-10000 ms,834
2026-05-27,ACTIONABLE_NOTIFICATION_DETAILS,ANDROID,6.7.0,5001-10000 ms,6343
2026-05-27,ISSUERS_LIST,ANDROID,6.7.0,5001-10000 ms,1078
2026-05-27,UPLOADED_DOCUMENT_EVIDENCE,ANDROID,6.7.0,5001-10000 ms,28
2026-05-27,DOCUMENTS_LIST,ANDROID,6.7.0,5001-10000 ms,2426
2026-05-27,ISSUED_DOCUMENT_DETAILS,ANDROID,6.6.2,5001-10000 ms,24
2026-05-27,ISSUED_DOCUMENT_EVIDENCE,ANDROID,6.5.0,5001-10000 ms,24
2026-05-27,DOCUMENTS_LIST,ANDROID,6.6.2,5001-10000 ms,214
2026-05-27,ISSUED_DOCUMENT_EVIDENCE,ANDROID,6.5.1,5001-10000 ms,22
2026-05-27,NOTIFICATIONS_LIST,ANDROID,6.7.0,5001-10000 ms,762
2026-05-27,DOCUMENTS_LIST,ANDROID,6.6.0,5001-10000 ms,277
2026-05-27,ISSUED_DOCUMENT_DETAILS,ANDROID,6.6.0,5001-10000 ms,47
2026-05-27,ISSUED_DOCUMENT_EVIDENCE,ANDROID,6.6.2,5001-10000 ms,108
2026-05-27,SHARE_DOCUMENT,ANDROID,6.7.0,5001-10000 ms,8
2026-05-27,DOCUMENTS_LIST,ANDROID,6.5.0,5001-10000 ms,15
2026-05-27,DOWNLOAD_SELF_SIGN_DOCUMENT,ANDROID,6.7.0,5001-10000 ms,9
2026-05-27,DOCUMENTS_LIST,ANDROID,6.6.1,5001-10000 ms,10
2026-05-27,ISSUED_DOCUMENT_EVIDENCE,ANDROID,6.6.0,5001-10000 ms,131
2026-05-27,QR_VERIFICATION,ANDROID,6.7.0,5001-10000 ms,59
2026-05-27,DOCUMENTS_LIST,ANDROID,6.5.1,5001-10000 ms,46
2026-05-27,ISSUED_DOCUMENT_EVIDENCE,ANDROID,6.7.0,5001-10000 ms,3809
2026-05-27,DOWNLOAD_DOCUMENT,ANDROID,6.7.0,5001-10000 ms,19
2026-05-27,DOCUMENT_SELECTION_ISSUED_LIST,ANDROID,6.7.0,5001-10000 ms,1
2026-05-27,ISSUED_DOCUMENT_EVIDENCE,ANDROID,6.6.1,5001-10000 ms,4
2026-05-27,ISSUED_DOCUMENT_DETAILS,ANDROID,6.6.1,5001-10000 ms,1
2026-05-27,ISSUED_DOCUMENT_DETAILS,ANDROID,6.5.1,5001-10000 ms,7
2026-05-27,SHARE_DOCUMENT,ANDROID,6.7.0,501-1000 ms,7
2026-05-27,ISSUED_DOCUMENT_EVIDENCE,ANDROID,6.6.0,501-1000 ms,23
2026-05-27,DOCUMENTS_LIST,ANDROID,6.7.0,501-1000 ms,7
2026-05-27,ISSUED_DOCUMENT_DETAILS,ANDROID,6.6.0,501-1000 ms,294
2026-05-27,ISSUED_DOCUMENT_EVIDENCE,ANDROID,6.7.0,501-1000 ms,809
2026-05-27,UPLOADED_DOCUMENT_EVIDENCE,ANDROID,6.7.0,501-1000 ms,162
2026-05-27,ISSUED_DOCUMENT_DETAILS,ANDROID,6.5.0,501-1000 ms,26
2026-05-27,DOWNLOAD_SELF_SIGN_DOCUMENT,ANDROID,6.7.0,501-1000 ms,11
2026-05-27,ISSUED_DOCUMENT_EVIDENCE,ANDROID,6.5.1,501-1000 ms,4
2026-05-27,DOWNLOAD_DOCUMENT,ANDROID,6.7.0,501-1000 ms,16
2026-05-27,ISSUERS_LIST,ANDROID,6.7.0,501-1000 ms,4
2026-05-27,QR_VERIFICATION,ANDROID,6.7.0,501-1000 ms,1813
2026-05-27,ISSUED_DOCUMENT_DETAILS,ANDROID,6.5.1,501-1000 ms,52
2026-05-27,ISSUED_DOCUMENT_DETAILS,ANDROID,6.6.2,501-1000 ms,199
2026-05-27,ISSUED_DOCUMENT_EVIDENCE,ANDROID,6.5.0,501-1000 ms,3
2026-05-27,DOCUMENT_SELECTION_ISSUED_LIST,ANDROID,6.7.0,501-1000 ms,18
2026-05-27,ACTIONABLE_NOTIFICATION_DETAILS,ANDROID,6.7.0,501-1000 ms,15
2026-05-27,NON_ACTIONABLE_NOTIFICATION_DETAILS,ANDROID,6.7.0,501-1000 ms,6396
2026-05-27,ISSUED_DOCUMENT_DETAILS,ANDROID,6.6.1,501-1000 ms,15
2026-05-27,ISSUED_DOCUMENT_EVIDENCE,ANDROID,6.6.2,501-1000 ms,13
2026-05-27,DOCUMENT_SELECTION_UPLOADED_LIST,ANDROID,6.7.0,501-1000 ms,1
2026-05-27,ISSUED_DOCUMENT_DETAILS,ANDROID,6.7.0,501-1000 ms,11655
2026-05-27,NOTIFICATIONS_LIST,ANDROID,6.7.0,501-1000 ms,6681
2026-05-27,DOCUMENTS_LIST,ANDROID,6.7.0,51-100 ms,2
2026-05-27,QR_VERIFICATION,ANDROID,6.7.0,51-100 ms,1
2026-05-27,ISSUED_DOCUMENT_DETAILS,ANDROID,6.7.0,51-100 ms,1
2026-05-27,NON_ACTIONABLE_NOTIFICATION_DETAILS,ANDROID,6.7.0,51-100 ms,65
2026-05-27,NOTIFICATIONS_LIST,ANDROID,6.7.0,51-100 ms,1797
2026-05-27,ACTIONABLE_NOTIFICATION_DETAILS,ANDROID,6.7.0,51-100 ms,4
2026-05-27,DOCUMENTS_LIST,ANDROID,6.7.0,< 0 ms,72
2026-05-27,ISSUERS_LIST,ANDROID,6.7.0,< 0 ms,10
2026-05-27,DOCUMENTS_LIST,ANDROID,6.6.0,< 0 ms,6
2026-05-27,NON_ACTIONABLE_NOTIFICATION_DETAILS,ANDROID,6.7.0,< 0 ms,1
2026-05-27,DOCUMENTS_LIST,ANDROID,6.6.2,< 0 ms,7
2026-05-27,ACTIONABLE_NOTIFICATION_DETAILS,ANDROID,6.7.0,< 0 ms,47
2026-05-27,ISSUED_DOCUMENT_DETAILS,ANDROID,6.7.0,< 0 ms,1
2026-05-27,DOCUMENTS_LIST,ANDROID,6.5.1,< 0 ms,1
2026-05-27,QR_VERIFICATION,ANDROID,6.7.0,< 0 ms,1
2026-05-27,DOCUMENTS_LIST,ANDROID,6.5.0,= 0 ms,19
2026-05-27,DOCUMENTS_LIST,ANDROID,6.6.1,= 0 ms,2
2026-05-27,NOTIFICATIONS_LIST,ANDROID,6.7.0,= 0 ms,2401
2026-05-27,ISSUED_DOCUMENT_DETAILS,ANDROID,6.5.1,= 0 ms,56
2026-05-27,ISSUED_DOCUMENT_EVIDENCE,ANDROID,6.5.1,= 0 ms,45
2026-05-27,ISSUED_DOCUMENT_EVIDENCE,ANDROID,6.6.2,= 0 ms,106
2026-05-27,DOWNLOAD_SELF_SIGN_DOCUMENT,ANDROID,6.7.0,= 0 ms,1
2026-05-27,UPLOADED_DOCUMENT_EVIDENCE,ANDROID,6.7.0,= 0 ms,8
2026-05-27,DOCUMENTS_LIST,ANDROID,6.6.0,= 0 ms,204
2026-05-27,ISSUED_DOCUMENT_EVIDENCE,ANDROID,6.5.0,= 0 ms,18
2026-05-27,QR_VERIFICATION,ANDROID,6.7.0,= 0 ms,20
2026-05-27,DOWNLOAD_DOCUMENT,ANDROID,6.7.0,= 0 ms,3
2026-05-27,DOCUMENTS_LIST,ANDROID,6.7.0,= 0 ms,5868
2026-05-27,DOCUMENTS_LIST,ANDROID,6.6.2,= 0 ms,132
2026-05-27,SHARE_DOCUMENT,ANDROID,6.7.0,= 0 ms,3
2026-05-27,ISSUED_DOCUMENT_DETAILS,ANDROID,6.6.1,= 0 ms,7
2026-05-27,ACTIONABLE_NOTIFICATION_DETAILS,ANDROID,6.7.0,= 0 ms,1910
2026-05-27,ISSUED_DOCUMENT_DETAILS,ANDROID,6.5.0,= 0 ms,26
2026-05-27,ISSUED_DOCUMENT_DETAILS,ANDROID,6.7.0,= 0 ms,179
2026-05-27,ISSUED_DOCUMENT_DETAILS,ANDROID,6.6.0,= 0 ms,194
2026-05-27,ISSUED_DOCUMENT_EVIDENCE,ANDROID,6.6.1,= 0 ms,6
2026-05-27,DOCUMENTS_LIST,ANDROID,6.5.1,= 0 ms,31
2026-05-27,ISSUED_DOCUMENT_EVIDENCE,ANDROID,6.7.0,= 0 ms,492
2026-05-27,NON_ACTIONABLE_NOTIFICATION_DETAILS,ANDROID,6.7.0,= 0 ms,280
2026-05-27,ISSUED_DOCUMENT_DETAILS,ANDROID,6.6.2,= 0 ms,118
2026-05-27,ISSUERS_LIST,ANDROID,6.7.0,= 0 ms,1809
2026-05-27,ISSUED_DOCUMENT_EVIDENCE,ANDROID,6.6.0,= 0 ms,185
2026-05-28,ACTIONABLE_NOTIFICATION_DETAILS,ANDROID,6.7.0,1-50 ms,5
2026-05-28,NOTIFICATIONS_LIST,ANDROID,6.7.0,1-50 ms,2
2026-05-28,ISSUED_DOCUMENT_DETAILS,ANDROID,6.7.0,10000+ ms,2532
2026-05-28,ISSUED_DOCUMENT_EVIDENCE,ANDROID,6.6.0,10000+ ms,290
2026-05-28,ACTIONABLE_NOTIFICATION_DETAILS,ANDROID,6.7.0,10000+ ms,6009
2026-05-28,DOCUMENT_SELECTION_ISSUED_LIST,ANDROID,6.7.0,10000+ ms,17
2026-05-28,NON_ACTIONABLE_NOTIFICATION_DETAILS,ANDROID,6.7.0,10000+ ms,193
2026-05-28,DOCUMENTS_LIST,ANDROID,6.6.0,10000+ ms,213
2026-05-28,DOCUMENTS_LIST,ANDROID,6.5.0,10000+ ms,15
2026-05-28,UPLOADED_DOCUMENT_EVIDENCE,ANDROID,6.7.0,10000+ ms,29
2026-05-28,ISSUED_DOCUMENT_DETAILS,ANDROID,6.5.0,10000+ ms,31
2026-05-28,ISSUERS_LIST,ANDROID,6.7.0,10000+ ms,1887
2026-05-28,ISSUED_DOCUMENT_EVIDENCE,ANDROID,6.6.2,10000+ ms,204
2026-05-28,ISSUED_DOCUMENT_EVIDENCE,ANDROID,6.5.0,10000+ ms,26
2026-05-28,DOCUMENTS_LIST,ANDROID,6.7.0,10000+ ms,1420
2026-05-28,ISSUED_DOCUMENT_EVIDENCE,ANDROID,6.7.0,10000+ ms,4015
2026-05-28,NOTIFICATIONS_LIST,ANDROID,6.7.0,10000+ ms,1190
2026-05-28,ISSUED_DOCUMENT_DETAILS,ANDROID,6.6.0,10000+ ms,314
2026-05-28,QR_VERIFICATION,ANDROID,6.7.0,10000+ ms,282
2026-05-28,ISSUED_DOCUMENT_EVIDENCE,ANDROID,6.5.1,10000+ ms,64
2026-05-28,DOWNLOAD_SELF_SIGN_DOCUMENT,ANDROID,6.7.0,10000+ ms,7
2026-05-28,ISSUED_DOCUMENT_DETAILS,ANDROID,6.6.2,10000+ ms,199
2026-05-28,DOCUMENTS_LIST,ANDROID,6.6.2,10000+ ms,130
2026-05-28,DOCUMENTS_LIST,ANDROID,6.5.1,10000+ ms,39
2026-05-28,ISSUED_DOCUMENT_EVIDENCE,ANDROID,6.6.1,10000+ ms,11
2026-05-28,SHARE_DOCUMENT,ANDROID,6.7.0,10000+ ms,24
2026-05-28,ISSUED_DOCUMENT_DETAILS,ANDROID,6.5.1,10000+ ms,62
2026-05-28,DOWNLOAD_DOCUMENT,ANDROID,6.7.0,10000+ ms,23
2026-05-28,DOCUMENTS_LIST,ANDROID,6.6.1,10000+ ms,5
2026-05-28,ISSUED_DOCUMENT_DETAILS,ANDROID,6.6.1,10000+ ms,12
2026-05-28,DOCUMENTS_LIST,ANDROID,6.6.2,1001-5000 ms,1841
2026-05-28,DOCUMENTS_LIST,ANDROID,6.5.1,1001-5000 ms,558
2026-05-28,DOWNLOAD_SELF_SIGN_DOCUMENT,ANDROID,6.7.0,1001-5000 ms,22
2026-05-28,DOCUMENTS_LIST,ANDROID,6.5.0,1001-5000 ms,222
2026-05-28,NON_ACTIONABLE_NOTIFICATION_DETAILS,ANDROID,6.7.0,1001-5000 ms,4492
2026-05-28,DOCUMENTS_LIST,ANDROID,6.6.1,1001-5000 ms,83
2026-05-28,ISSUED_DOCUMENT_EVIDENCE,ANDROID,6.7.0,1001-5000 ms,10574
2026-05-28,NOTIFICATIONS_LIST,ANDROID,6.7.0,1001-5000 ms,8869
2026-05-28,ISSUED_DOCUMENT_DETAILS,ANDROID,6.5.0,1001-5000 ms,29
2026-05-28,ISSUED_DOCUMENT_DETAILS,ANDROID,6.5.1,1001-5000 ms,67
2026-05-28,ISSUED_DOCUMENT_EVIDENCE,ANDROID,6.6.2,1001-5000 ms,187
2026-05-28,ISSUED_DOCUMENT_DETAILS,ANDROID,6.6.0,1001-5000 ms,268
2026-05-28,DOWNLOAD_DOCUMENT,ANDROID,6.7.0,1001-5000 ms,193
2026-05-28,UPLOADED_DOCUMENT_EVIDENCE,ANDROID,6.7.0,1001-5000 ms,214
2026-05-28,DOCUMENTS_LIST,ANDROID,6.6.0,1001-5000 ms,2748
2026-05-28,DOCUMENTS_LIST,ANDROID,6.7.0,1001-5000 ms,63845
2026-05-28,ISSUED_DOCUMENT_EVIDENCE,ANDROID,6.5.1,1001-5000 ms,74
2026-05-28,ISSUERS_LIST,ANDROID,6.7.0,1001-5000 ms,28478
2026-05-28,SHARE_DOCUMENT,ANDROID,6.7.0,1001-5000 ms,78
2026-05-28,DOCUMENT_SELECTION_ISSUED_LIST,ANDROID,6.7.0,1001-5000 ms,11
2026-05-28,ISSUED_DOCUMENT_EVIDENCE,ANDROID,6.6.1,1001-5000 ms,12
2026-05-28,ISSUED_DOCUMENT_DETAILS,ANDROID,6.6.1,1001-5000 ms,11
2026-05-28,ISSUED_DOCUMENT_DETAILS,ANDROID,6.7.0,1001-5000 ms,7223
2026-05-28,ISSUED_DOCUMENT_DETAILS,ANDROID,6.6.2,1001-5000 ms,227
2026-05-28,QR_VERIFICATION,ANDROID,6.7.0,1001-5000 ms,1076
2026-05-28,ACTIONABLE_NOTIFICATION_DETAILS,ANDROID,6.7.0,1001-5000 ms,8261
2026-05-28,ISSUED_DOCUMENT_EVIDENCE,ANDROID,6.6.0,1001-5000 ms,271
2026-05-28,ISSUED_DOCUMENT_EVIDENCE,ANDROID,6.5.0,1001-5000 ms,31
2026-05-28,DOWNLOAD_SELF_SIGN_DOCUMENT,ANDROID,6.7.0,101-500 ms,20
2026-05-28,DOCUMENTS_LIST,ANDROID,6.7.0,101-500 ms,56
2026-05-28,ISSUED_DOCUMENT_DETAILS,ANDROID,6.6.0,101-500 ms,53
2026-05-28,SHARE_DOCUMENT,ANDROID,6.7.0,101-500 ms,1
2026-05-28,DOCUMENT_SELECTION_UPLOADED_LIST,ANDROID,6.7.0,101-500 ms,4
2026-05-28,ISSUED_DOCUMENT_EVIDENCE,ANDROID,6.7.0,101-500 ms,117
2026-05-28,UPLOADED_DOCUMENT_EVIDENCE,ANDROID,6.7.0,101-500 ms,128
2026-05-28,DOCUMENT_SELECTION_ISSUED_LIST,ANDROID,6.7.0,101-500 ms,3
2026-05-28,ISSUERS_LIST,ANDROID,6.7.0,101-500 ms,30
2026-05-28,DOWNLOAD_DOCUMENT,ANDROID,6.7.0,101-500 ms,2
2026-05-28,ACTIONABLE_NOTIFICATION_DETAILS,ANDROID,6.7.0,101-500 ms,28
2026-05-28,ISSUED_DOCUMENT_DETAILS,ANDROID,6.7.0,101-500 ms,3738
2026-05-28,NON_ACTIONABLE_NOTIFICATION_DETAILS,ANDROID,6.7.0,101-500 ms,39099
2026-05-28,ISSUED_DOCUMENT_DETAILS,ANDROID,6.5.1,101-500 ms,10
2026-05-28,ISSUED_DOCUMENT_DETAILS,ANDROID,6.6.2,101-500 ms,31
2026-05-28,ISSUED_DOCUMENT_DETAILS,ANDROID,6.5.0,101-500 ms,5
2026-05-28,NOTIFICATIONS_LIST,ANDROID,6.7.0,101-500 ms,41132
2026-05-28,QR_VERIFICATION,ANDROID,6.7.0,101-500 ms,516
2026-05-28,ISSUED_DOCUMENT_EVIDENCE,ANDROID,6.6.0,101-500 ms,2
2026-05-28,DOCUMENTS_LIST,ANDROID,6.7.0,5001-10000 ms,2621
2026-05-28,DOCUMENTS_LIST,ANDROID,6.5.0,5001-10000 ms,29
2026-05-28,UPLOADED_DOCUMENT_EVIDENCE,ANDROID,6.7.0,5001-10000 ms,46
2026-05-28,ISSUED_DOCUMENT_EVIDENCE,ANDROID,6.6.2,5001-10000 ms,104
2026-05-28,ISSUED_DOCUMENT_DETAILS,ANDROID,6.5.1,5001-10000 ms,7
2026-05-28,DOWNLOAD_DOCUMENT,ANDROID,6.7.0,5001-10000 ms,20
2026-05-28,ISSUED_DOCUMENT_EVIDENCE,ANDROID,6.6.1,5001-10000 ms,3
2026-05-28,ISSUED_DOCUMENT_EVIDENCE,ANDROID,6.7.0,5001-10000 ms,4267
2026-05-28,DOCUMENTS_LIST,ANDROID,6.5.1,5001-10000 ms,62
2026-05-28,DOCUMENTS_LIST,ANDROID,6.6.1,5001-10000 ms,11
2026-05-28,ACTIONABLE_NOTIFICATION_DETAILS,ANDROID,6.7.0,5001-10000 ms,6494
2026-05-28,ISSUED_DOCUMENT_EVIDENCE,ANDROID,6.6.0,5001-10000 ms,123
2026-05-28,NON_ACTIONABLE_NOTIFICATION_DETAILS,ANDROID,6.7.0,5001-10000 ms,238
2026-05-28,ISSUED_DOCUMENT_EVIDENCE,ANDROID,6.5.1,5001-10000 ms,38
2026-05-28,ISSUED_DOCUMENT_EVIDENCE,ANDROID,6.5.0,5001-10000 ms,12
2026-05-28,ISSUED_DOCUMENT_DETAILS,ANDROID,6.6.1,5001-10000 ms,1
2026-05-28,NOTIFICATIONS_LIST,ANDROID,6.7.0,5001-10000 ms,880
2026-05-28,DOCUMENTS_LIST,ANDROID,6.6.0,5001-10000 ms,305
2026-05-28,DOCUMENTS_LIST,ANDROID,6.6.2,5001-10000 ms,218
2026-05-28,QR_VERIFICATION,ANDROID,6.7.0,5001-10000 ms,93
2026-05-28,ISSUED_DOCUMENT_DETAILS,ANDROID,6.6.2,5001-10000 ms,21
2026-05-28,SHARE_DOCUMENT,ANDROID,6.7.0,5001-10000 ms,3
2026-05-28,ISSUED_DOCUMENT_DETAILS,ANDROID,6.5.0,5001-10000 ms,4
2026-05-28,ISSUED_DOCUMENT_DETAILS,ANDROID,6.7.0,5001-10000 ms,822
2026-05-28,ISSUERS_LIST,ANDROID,6.7.0,5001-10000 ms,1284
2026-05-28,DOWNLOAD_SELF_SIGN_DOCUMENT,ANDROID,6.7.0,5001-10000 ms,10
2026-05-28,ISSUED_DOCUMENT_DETAILS,ANDROID,6.6.0,5001-10000 ms,38
2026-05-28,NOTIFICATIONS_LIST,ANDROID,6.7.0,501-1000 ms,7221
2026-05-28,DOWNLOAD_DOCUMENT,ANDROID,6.7.0,501-1000 ms,24
2026-05-28,SHARE_DOCUMENT,ANDROID,6.7.0,501-1000 ms,10
2026-05-28,ISSUED_DOCUMENT_EVIDENCE,ANDROID,6.7.0,501-1000 ms,1000
2026-05-28,DOWNLOAD_SELF_SIGN_DOCUMENT,ANDROID,6.7.0,501-1000 ms,10
2026-05-28,UPLOADED_DOCUMENT_EVIDENCE,ANDROID,6.7.0,501-1000 ms,136
2026-05-28,DOCUMENTS_LIST,ANDROID,6.7.0,501-1000 ms,6
2026-05-28,ISSUED_DOCUMENT_EVIDENCE,ANDROID,6.6.2,501-1000 ms,14
2026-05-28,ISSUED_DOCUMENT_EVIDENCE,ANDROID,6.5.1,501-1000 ms,4
2026-05-28,ACTIONABLE_NOTIFICATION_DETAILS,ANDROID,6.7.0,501-1000 ms,7
2026-05-28,ISSUED_DOCUMENT_EVIDENCE,ANDROID,6.6.0,501-1000 ms,25
2026-05-28,ISSUERS_LIST,ANDROID,6.7.0,501-1000 ms,5
2026-05-28,ISSUED_DOCUMENT_DETAILS,ANDROID,6.6.1,501-1000 ms,8
2026-05-28,ISSUED_DOCUMENT_DETAILS,ANDROID,6.5.0,501-1000 ms,25
2026-05-28,ISSUED_DOCUMENT_DETAILS,ANDROID,6.5.1,501-1000 ms,65
2026-05-28,QR_VERIFICATION,ANDROID,6.7.0,501-1000 ms,2137
2026-05-28,ISSUED_DOCUMENT_EVIDENCE,ANDROID,6.5.0,501-1000 ms,3
2026-05-28,ISSUED_DOCUMENT_DETAILS,ANDROID,6.7.0,501-1000 ms,12953
2026-05-28,NON_ACTIONABLE_NOTIFICATION_DETAILS,ANDROID,6.7.0,501-1000 ms,6897
2026-05-28,ISSUED_DOCUMENT_DETAILS,ANDROID,6.6.0,501-1000 ms,307
2026-05-28,ISSUED_DOCUMENT_DETAILS,ANDROID,6.6.2,501-1000 ms,205
2026-05-28,DOCUMENT_SELECTION_ISSUED_LIST,ANDROID,6.7.0,501-1000 ms,16
2026-05-28,ISSUED_DOCUMENT_EVIDENCE,ANDROID,6.7.0,51-100 ms,2
2026-05-28,NON_ACTIONABLE_NOTIFICATION_DETAILS,ANDROID,6.7.0,51-100 ms,102
2026-05-28,ACTIONABLE_NOTIFICATION_DETAILS,ANDROID,6.7.0,51-100 ms,11
2026-05-28,ISSUED_DOCUMENT_DETAILS,ANDROID,6.7.0,51-100 ms,2
2026-05-28,NOTIFICATIONS_LIST,ANDROID,6.7.0,51-100 ms,2177
2026-05-28,DOCUMENTS_LIST,ANDROID,6.7.0,51-100 ms,1
2026-05-28,ISSUED_DOCUMENT_EVIDENCE,ANDROID,6.7.0,< 0 ms,1
2026-05-28,DOCUMENTS_LIST,ANDROID,6.6.2,< 0 ms,3
2026-05-28,DOCUMENTS_LIST,ANDROID,6.7.0,< 0 ms,81
2026-05-28,ISSUERS_LIST,ANDROID,6.7.0,< 0 ms,5
2026-05-28,ACTIONABLE_NOTIFICATION_DETAILS,ANDROID,6.7.0,< 0 ms,54
2026-05-28,DOCUMENTS_LIST,ANDROID,6.6.0,< 0 ms,3
2026-05-28,DOCUMENTS_LIST,ANDROID,6.5.1,< 0 ms,1
2026-05-28,ISSUED_DOCUMENT_EVIDENCE,ANDROID,6.6.0,= 0 ms,191
2026-05-28,DOWNLOAD_SELF_SIGN_DOCUMENT,ANDROID,6.7.0,= 0 ms,1
2026-05-28,NOTIFICATIONS_LIST,ANDROID,6.7.0,= 0 ms,2830
2026-05-28,DOCUMENTS_LIST,ANDROID,6.6.1,= 0 ms,8
2026-05-28,ISSUERS_LIST,ANDROID,6.7.0,= 0 ms,1878
2026-05-28,ISSUED_DOCUMENT_DETAILS,ANDROID,6.6.2,= 0 ms,150
2026-05-28,ISSUED_DOCUMENT_DETAILS,ANDROID,6.5.1,= 0 ms,47
2026-05-28,DOCUMENTS_LIST,ANDROID,6.5.1,= 0 ms,37
2026-05-28,ISSUED_DOCUMENT_DETAILS,ANDROID,6.5.0,= 0 ms,16
2026-05-28,DOWNLOAD_DOCUMENT,ANDROID,6.7.0,= 0 ms,4
2026-05-28,QR_VERIFICATION,ANDROID,6.7.0,= 0 ms,19
2026-05-28,NON_ACTIONABLE_NOTIFICATION_DETAILS,ANDROID,6.7.0,= 0 ms,375
2026-05-28,ISSUED_DOCUMENT_EVIDENCE,ANDROID,6.5.1,= 0 ms,37
2026-05-28,DOCUMENTS_LIST,ANDROID,6.7.0,= 0 ms,6025
2026-05-28,ISSUED_DOCUMENT_DETAILS,ANDROID,6.7.0,= 0 ms,192
2026-05-28,ISSUED_DOCUMENT_DETAILS,ANDROID,6.6.0,= 0 ms,245
2026-05-28,UPLOADED_DOCUMENT_EVIDENCE,ANDROID,6.7.0,= 0 ms,5
2026-05-28,ISSUED_DOCUMENT_DETAILS,ANDROID,6.6.1,= 0 ms,8
2026-05-28,ISSUED_DOCUMENT_EVIDENCE,ANDROID,6.6.1,= 0 ms,6
2026-05-28,ISSUED_DOCUMENT_EVIDENCE,ANDROID,6.6.2,= 0 ms,113
2026-05-28,ISSUED_DOCUMENT_EVIDENCE,ANDROID,6.5.0,= 0 ms,15
2026-05-28,DOCUMENTS_LIST,ANDROID,6.6.2,= 0 ms,140
2026-05-28,ACTIONABLE_NOTIFICATION_DETAILS,ANDROID,6.7.0,= 0 ms,2075
2026-05-28,SHARE_DOCUMENT,ANDROID,6.7.0,= 0 ms,3
2026-05-28,DOCUMENTS_LIST,ANDROID,6.5.0,= 0 ms,20
2026-05-28,ISSUED_DOCUMENT_EVIDENCE,ANDROID,6.7.0,= 0 ms,589
2026-05-28,DOCUMENTS_LIST,ANDROID,6.6.0,= 0 ms,215
2026-05-29,NOTIFICATIONS_LIST,ANDROID,6.7.0,1-50 ms,5
2026-05-29,ACTIONABLE_NOTIFICATION_DETAILS,ANDROID,6.7.0,1-50 ms,6
2026-05-29,NON_ACTIONABLE_NOTIFICATION_DETAILS,ANDROID,6.7.0,10000+ ms,250
2026-05-29,ISSUED_DOCUMENT_EVIDENCE,ANDROID,6.7.0,10000+ ms,4516
2026-05-29,ISSUED_DOCUMENT_EVIDENCE,ANDROID,6.5.0,10000+ ms,48
2026-05-29,ISSUED_DOCUMENT_DETAILS,ANDROID,6.7.0,10000+ ms,2823
2026-05-29,ISSUED_DOCUMENT_DETAILS,ANDROID,6.6.2,10000+ ms,204
2026-05-29,DOCUMENTS_LIST,ANDROID,6.5.0,10000+ ms,21
2026-05-29,DOWNLOAD_DOCUMENT,ANDROID,6.7.0,10000+ ms,28
2026-05-29,ISSUED_DOCUMENT_EVIDENCE,ANDROID,6.6.2,10000+ ms,234
2026-05-29,ISSUED_DOCUMENT_DETAILS,ANDROID,6.5.1,10000+ ms,69
2026-05-29,ISSUED_DOCUMENT_DETAILS,ANDROID,6.5.0,10000+ ms,42
2026-05-29,DOCUMENTS_LIST,ANDROID,6.6.2,10000+ ms,124
2026-05-29,ISSUED_DOCUMENT_DETAILS,ANDROID,6.6.0,10000+ ms,323
2026-05-29,ISSUED_DOCUMENT_EVIDENCE,ANDROID,6.6.0,10000+ ms,325
2026-05-29,ACTIONABLE_NOTIFICATION_DETAILS,ANDROID,6.7.0,10000+ ms,6840
2026-05-29,DOCUMENTS_LIST,ANDROID,6.6.1,10000+ ms,8
2026-05-29,DOWNLOAD_SELF_SIGN_DOCUMENT,ANDROID,6.7.0,10000+ ms,14
2026-05-29,ISSUED_DOCUMENT_EVIDENCE,ANDROID,6.6.1,10000+ ms,9
2026-05-29,DOCUMENTS_LIST,ANDROID,6.5.1,10000+ ms,54
2026-05-29,ISSUERS_LIST,ANDROID,6.7.0,10000+ ms,2013
2026-05-29,ISSUED_DOCUMENT_DETAILS,ANDROID,6.6.1,10000+ ms,7
2026-05-29,UPLOADED_DOCUMENT_EVIDENCE,ANDROID,6.7.0,10000+ ms,32
2026-05-29,NOTIFICATIONS_LIST,ANDROID,6.7.0,10000+ ms,1311
2026-05-29,DOCUMENTS_LIST,ANDROID,6.7.0,10000+ ms,1551
2026-05-29,QR_VERIFICATION,ANDROID,6.7.0,10000+ ms,323
2026-05-29,DOCUMENT_SELECTION_UPLOADED_LIST,ANDROID,6.7.0,10000+ ms,3
2026-05-29,DOCUMENT_SELECTION_ISSUED_LIST,ANDROID,6.7.0,10000+ ms,21
2026-05-29,ISSUED_DOCUMENT_EVIDENCE,ANDROID,6.5.1,10000+ ms,70
2026-05-29,DOCUMENTS_LIST,ANDROID,6.6.0,10000+ ms,189
2026-05-29,SHARE_DOCUMENT,ANDROID,6.7.0,10000+ ms,18
2026-05-29,ACTIONABLE_NOTIFICATION_DETAILS,ANDROID,6.7.0,1001-5000 ms,8753
2026-05-29,SHARE_DOCUMENT,ANDROID,6.7.0,1001-5000 ms,107
2026-05-29,ISSUED_DOCUMENT_EVIDENCE,ANDROID,6.7.0,1001-5000 ms,11396
2026-05-29,ISSUED_DOCUMENT_EVIDENCE,ANDROID,6.6.0,1001-5000 ms,270
2026-05-29,ISSUED_DOCUMENT_DETAILS,ANDROID,6.7.0,1001-5000 ms,8631
2026-05-29,DOCUMENTS_LIST,ANDROID,6.7.0,1001-5000 ms,70688
2026-05-29,NON_ACTIONABLE_NOTIFICATION_DETAILS,ANDROID,6.7.0,1001-5000 ms,5544
2026-05-29,ISSUED_DOCUMENT_EVIDENCE,ANDROID,6.6.1,1001-5000 ms,4
2026-05-29,DOCUMENTS_LIST,ANDROID,6.5.1,1001-5000 ms,570
2026-05-29,ISSUERS_LIST,ANDROID,6.7.0,1001-5000 ms,30630
2026-05-29,DOCUMENT_SELECTION_ISSUED_LIST,ANDROID,6.7.0,1001-5000 ms,13
2026-05-29,NOTIFICATIONS_LIST,ANDROID,6.7.0,1001-5000 ms,10118
2026-05-29,ISSUED_DOCUMENT_DETAILS,ANDROID,6.6.1,1001-5000 ms,13
2026-05-29,ISSUED_DOCUMENT_DETAILS,ANDROID,6.6.2,1001-5000 ms,255
2026-05-29,DOCUMENTS_LIST,ANDROID,6.5.0,1001-5000 ms,259
2026-05-29,DOCUMENTS_LIST,ANDROID,6.6.0,1001-5000 ms,2832
2026-05-29,DOCUMENTS_LIST,ANDROID,6.6.1,1001-5000 ms,79
2026-05-29,ISSUED_DOCUMENT_EVIDENCE,ANDROID,6.5.0,1001-5000 ms,28
2026-05-29,DOWNLOAD_SELF_SIGN_DOCUMENT,ANDROID,6.7.0,1001-5000 ms,17
2026-05-29,ISSUED_DOCUMENT_DETAILS,ANDROID,6.5.1,1001-5000 ms,94
2026-05-29,DOCUMENTS_LIST,ANDROID,6.6.2,1001-5000 ms,1849
2026-05-29,ISSUED_DOCUMENT_DETAILS,ANDROID,6.6.0,1001-5000 ms,385
2026-05-29,ISSUED_DOCUMENT_EVIDENCE,ANDROID,6.5.1,1001-5000 ms,70
2026-05-29,ISSUED_DOCUMENT_DETAILS,ANDROID,6.5.0,1001-5000 ms,40
2026-05-29,ISSUED_DOCUMENT_EVIDENCE,ANDROID,6.6.2,1001-5000 ms,184
2026-05-29,UPLOADED_DOCUMENT_EVIDENCE,ANDROID,6.7.0,1001-5000 ms,200
2026-05-29,QR_VERIFICATION,ANDROID,6.7.0,1001-5000 ms,1300
2026-05-29,DOWNLOAD_DOCUMENT,ANDROID,6.7.0,1001-5000 ms,247
2026-05-29,DOCUMENTS_LIST,ANDROID,6.7.0,101-500 ms,37
2026-05-29,ISSUERS_LIST,ANDROID,6.7.0,101-500 ms,15
2026-05-29,DOWNLOAD_DOCUMENT,ANDROID,6.7.0,101-500 ms,1
2026-05-29,NON_ACTIONABLE_NOTIFICATION_DETAILS,ANDROID,6.7.0,101-500 ms,43782
2026-05-29,DOWNLOAD_SELF_SIGN_DOCUMENT,ANDROID,6.7.0,101-500 ms,20
2026-05-29,SHARE_DOCUMENT,ANDROID,6.7.0,101-500 ms,2
2026-05-29,DOCUMENTS_LIST,ANDROID,6.6.0,101-500 ms,1
2026-05-29,ISSUED_DOCUMENT_EVIDENCE,ANDROID,6.6.0,101-500 ms,2
2026-05-29,QR_VERIFICATION,ANDROID,6.7.0,101-500 ms,548
2026-05-29,ISSUED_DOCUMENT_EVIDENCE,ANDROID,6.7.0,101-500 ms,132
2026-05-29,ISSUED_DOCUMENT_DETAILS,ANDROID,6.6.0,101-500 ms,37
2026-05-29,UPLOADED_DOCUMENT_EVIDENCE,ANDROID,6.7.0,101-500 ms,130
2026-05-29,ISSUED_DOCUMENT_DETAILS,ANDROID,6.5.1,101-500 ms,10
2026-05-29,ISSUED_DOCUMENT_DETAILS,ANDROID,6.6.2,101-500 ms,30
2026-05-29,ISSUED_DOCUMENT_DETAILS,ANDROID,6.6.1,101-500 ms,1
2026-05-29,ACTIONABLE_NOTIFICATION_DETAILS,ANDROID,6.7.0,101-500 ms,39
2026-05-29,ISSUED_DOCUMENT_DETAILS,ANDROID,6.5.0,101-500 ms,7
2026-05-29,DOCUMENT_SELECTION_UPLOADED_LIST,ANDROID,6.7.0,101-500 ms,3
2026-05-29,DOCUMENT_SELECTION_ISSUED_LIST,ANDROID,6.7.0,101-500 ms,5
2026-05-29,NOTIFICATIONS_LIST,ANDROID,6.7.0,101-500 ms,45290
2026-05-29,ISSUED_DOCUMENT_DETAILS,ANDROID,6.7.0,101-500 ms,4143
2026-05-29,ISSUED_DOCUMENT_DETAILS,ANDROID,6.5.1,5001-10000 ms,10
2026-05-29,ISSUED_DOCUMENT_EVIDENCE,ANDROID,6.7.0,5001-10000 ms,4712
2026-05-29,ACTIONABLE_NOTIFICATION_DETAILS,ANDROID,6.7.0,5001-10000 ms,6131
2026-05-29,UPLOADED_DOCUMENT_EVIDENCE,ANDROID,6.7.0,5001-10000 ms,34
2026-05-29,DOCUMENTS_LIST,ANDROID,6.5.0,5001-10000 ms,27
2026-05-29,ISSUED_DOCUMENT_EVIDENCE,ANDROID,6.5.1,5001-10000 ms,33
2026-05-29,DOCUMENTS_LIST,ANDROID,6.5.1,5001-10000 ms,63
2026-05-29,ISSUED_DOCUMENT_DETAILS,ANDROID,6.6.1,5001-10000 ms,2
2026-05-29,DOCUMENTS_LIST,ANDROID,6.6.1,5001-10000 ms,14
2026-05-29,ISSUED_DOCUMENT_DETAILS,ANDROID,6.6.2,5001-10000 ms,25
2026-05-29,SHARE_DOCUMENT,ANDROID,6.7.0,5001-10000 ms,13
2026-05-29,ISSUED_DOCUMENT_EVIDENCE,ANDROID,6.5.0,5001-10000 ms,23
2026-05-29,DOCUMENTS_LIST,ANDROID,6.6.2,5001-10000 ms,228
2026-05-29,NON_ACTIONABLE_NOTIFICATION_DETAILS,ANDROID,6.7.0,5001-10000 ms,323
2026-05-29,DOCUMENTS_LIST,ANDROID,6.7.0,5001-10000 ms,3225
2026-05-29,ISSUED_DOCUMENT_EVIDENCE,ANDROID,6.6.0,5001-10000 ms,138
2026-05-29,QR_VERIFICATION,ANDROID,6.7.0,5001-10000 ms,91
2026-05-29,ISSUED_DOCUMENT_DETAILS,ANDROID,6.6.0,5001-10000 ms,41
2026-05-29,ISSUED_DOCUMENT_EVIDENCE,ANDROID,6.6.1,5001-10000 ms,7
2026-05-29,ISSUED_DOCUMENT_DETAILS,ANDROID,6.5.0,5001-10000 ms,2
2026-05-29,ISSUED_DOCUMENT_DETAILS,ANDROID,6.7.0,5001-10000 ms,996
2026-05-29,ISSUED_DOCUMENT_EVIDENCE,ANDROID,6.6.2,5001-10000 ms,97
2026-05-29,DOWNLOAD_DOCUMENT,ANDROID,6.7.0,5001-10000 ms,23
2026-05-29,NOTIFICATIONS_LIST,ANDROID,6.7.0,5001-10000 ms,994
2026-05-29,DOCUMENTS_LIST,ANDROID,6.6.0,5001-10000 ms,329
2026-05-29,DOWNLOAD_SELF_SIGN_DOCUMENT,ANDROID,6.7.0,5001-10000 ms,5
2026-05-29,ISSUERS_LIST,ANDROID,6.7.0,5001-10000 ms,1342
2026-05-29,DOCUMENT_SELECTION_ISSUED_LIST,ANDROID,6.7.0,5001-10000 ms,2
2026-05-29,NOTIFICATIONS_LIST,ANDROID,6.7.0,501-1000 ms,8428
2026-05-29,ISSUED_DOCUMENT_DETAILS,ANDROID,6.5.1,501-1000 ms,63
2026-05-29,ISSUED_DOCUMENT_EVIDENCE,ANDROID,6.5.1,501-1000 ms,2
2026-05-29,UPLOADED_DOCUMENT_EVIDENCE,ANDROID,6.7.0,501-1000 ms,204
2026-05-29,DOWNLOAD_SELF_SIGN_DOCUMENT,ANDROID,6.7.0,501-1000 ms,22
2026-05-29,ISSUED_DOCUMENT_DETAILS,ANDROID,6.6.0,501-1000 ms,284
2026-05-29,ISSUERS_LIST,ANDROID,6.7.0,501-1000 ms,1
2026-05-29,ISSUED_DOCUMENT_DETAILS,ANDROID,6.5.0,501-1000 ms,33
2026-05-29,DOWNLOAD_DOCUMENT,ANDROID,6.7.0,501-1000 ms,27
2026-05-29,QR_VERIFICATION,ANDROID,6.7.0,501-1000 ms,2322
2026-05-29,ISSUED_DOCUMENT_DETAILS,ANDROID,6.6.2,501-1000 ms,213
2026-05-29,DOCUMENTS_LIST,ANDROID,6.7.0,501-1000 ms,3
2026-05-29,ACTIONABLE_NOTIFICATION_DETAILS,ANDROID,6.7.0,501-1000 ms,17
2026-05-29,NON_ACTIONABLE_NOTIFICATION_DETAILS,ANDROID,6.7.0,501-1000 ms,8722
2026-05-29,ISSUED_DOCUMENT_DETAILS,ANDROID,6.6.1,501-1000 ms,6
2026-05-29,ISSUED_DOCUMENT_EVIDENCE,ANDROID,6.6.2,501-1000 ms,9
2026-05-29,DOCUMENT_SELECTION_ISSUED_LIST,ANDROID,6.7.0,501-1000 ms,20
2026-05-29,SHARE_DOCUMENT,ANDROID,6.7.0,501-1000 ms,14
2026-05-29,ISSUED_DOCUMENT_EVIDENCE,ANDROID,6.6.1,501-1000 ms,1
2026-05-29,ISSUED_DOCUMENT_EVIDENCE,ANDROID,6.5.0,501-1000 ms,1
2026-05-29,ISSUED_DOCUMENT_DETAILS,ANDROID,6.7.0,501-1000 ms,14049
2026-05-29,ISSUED_DOCUMENT_EVIDENCE,ANDROID,6.7.0,501-1000 ms,1220
2026-05-29,ISSUED_DOCUMENT_EVIDENCE,ANDROID,6.6.0,501-1000 ms,20
2026-05-29,NOTIFICATIONS_LIST,ANDROID,6.7.0,51-100 ms,2165
2026-05-29,ISSUED_DOCUMENT_DETAILS,ANDROID,6.7.0,51-100 ms,3
2026-05-29,ISSUERS_LIST,ANDROID,6.7.0,51-100 ms,2
2026-05-29,ISSUED_DOCUMENT_EVIDENCE,ANDROID,6.7.0,51-100 ms,2
2026-05-29,DOCUMENT_SELECTION_UPLOADED_LIST,ANDROID,6.7.0,51-100 ms,1
2026-05-29,DOCUMENTS_LIST,ANDROID,6.7.0,51-100 ms,2
2026-05-29,NON_ACTIONABLE_NOTIFICATION_DETAILS,ANDROID,6.7.0,51-100 ms,96
2026-05-29,ACTIONABLE_NOTIFICATION_DETAILS,ANDROID,6.7.0,51-100 ms,8
2026-05-29,NON_ACTIONABLE_NOTIFICATION_DETAILS,ANDROID,6.7.0,< 0 ms,2
2026-05-29,DOCUMENTS_LIST,ANDROID,6.6.0,< 0 ms,4
2026-05-29,DOCUMENTS_LIST,ANDROID,6.6.2,< 0 ms,2
2026-05-29,ISSUED_DOCUMENT_EVIDENCE,ANDROID,6.7.0,< 0 ms,1
2026-05-29,ACTIONABLE_NOTIFICATION_DETAILS,ANDROID,6.7.0,< 0 ms,73
2026-05-29,ISSUED_DOCUMENT_EVIDENCE,ANDROID,6.6.0,< 0 ms,3
2026-05-29,DOCUMENTS_LIST,ANDROID,6.7.0,< 0 ms,84
2026-05-29,ISSUERS_LIST,ANDROID,6.7.0,< 0 ms,21
2026-05-29,ISSUED_DOCUMENT_DETAILS,ANDROID,6.6.1,= 0 ms,5
2026-05-29,UPLOADED_DOCUMENT_EVIDENCE,ANDROID,6.7.0,= 0 ms,16
2026-05-29,QR_VERIFICATION,ANDROID,6.7.0,= 0 ms,19
2026-05-29,NON_ACTIONABLE_NOTIFICATION_DETAILS,ANDROID,6.7.0,= 0 ms,394
2026-05-29,ISSUED_DOCUMENT_EVIDENCE,ANDROID,6.6.1,= 0 ms,4
2026-05-29,ISSUED_DOCUMENT_EVIDENCE,ANDROID,6.5.0,= 0 ms,16
2026-05-29,DOCUMENTS_LIST,ANDROID,6.6.2,= 0 ms,162
2026-05-29,ISSUED_DOCUMENT_EVIDENCE,ANDROID,6.7.0,= 0 ms,707
2026-05-29,ACTIONABLE_NOTIFICATION_DETAILS,ANDROID,6.7.0,= 0 ms,2554
2026-05-29,NOTIFICATIONS_LIST,ANDROID,6.7.0,= 0 ms,2911
2026-05-29,ISSUED_DOCUMENT_DETAILS,ANDROID,6.6.2,= 0 ms,137
2026-05-29,ISSUED_DOCUMENT_EVIDENCE,ANDROID,6.6.2,= 0 ms,107
2026-05-29,DOWNLOAD_DOCUMENT,ANDROID,6.7.0,= 0 ms,5
2026-05-29,DOCUMENTS_LIST,ANDROID,6.7.0,= 0 ms,6642
2026-05-29,ISSUED_DOCUMENT_DETAILS,ANDROID,6.7.0,= 0 ms,242
2026-05-29,ISSUED_DOCUMENT_EVIDENCE,ANDROID,6.6.0,= 0 ms,195
2026-05-29,DOCUMENTS_LIST,ANDROID,6.6.0,= 0 ms,217
2026-05-29,ISSUERS_LIST,ANDROID,6.7.0,= 0 ms,2105
2026-05-29,DOCUMENTS_LIST,ANDROID,6.6.1,= 0 ms,11
2026-05-29,ISSUED_DOCUMENT_DETAILS,ANDROID,6.6.0,= 0 ms,220
2026-05-29,DOCUMENTS_LIST,ANDROID,6.5.1,= 0 ms,41
2026-05-29,DOCUMENTS_LIST,ANDROID,6.5.0,= 0 ms,13
2026-05-29,ISSUED_DOCUMENT_DETAILS,ANDROID,6.5.0,= 0 ms,21
2026-05-29,ISSUED_DOCUMENT_DETAILS,ANDROID,6.5.1,= 0 ms,38
2026-05-29,ISSUED_DOCUMENT_EVIDENCE,ANDROID,6.5.1,= 0 ms,27
2026-05-29,SHARE_DOCUMENT,ANDROID,6.7.0,= 0 ms,1
2026-05-30,ACTIONABLE_NOTIFICATION_DETAILS,ANDROID,6.7.0,1-50 ms,6
2026-05-30,NOTIFICATIONS_LIST,ANDROID,6.7.0,1-50 ms,4
2026-05-30,DOCUMENTS_LIST,ANDROID,6.6.2,10000+ ms,137
2026-05-30,ISSUED_DOCUMENT_EVIDENCE,ANDROID,6.5.1,10000+ ms,57
2026-05-30,DOWNLOAD_SELF_SIGN_DOCUMENT,ANDROID,6.7.0,10000+ ms,12
2026-05-30,NOTIFICATIONS_LIST,ANDROID,6.7.0,10000+ ms,1415
2026-05-30,ISSUED_DOCUMENT_DETAILS,ANDROID,6.6.0,10000+ ms,372
2026-05-30,ISSUED_DOCUMENT_DETAILS,ANDROID,6.5.0,10000+ ms,36
2026-05-30,ISSUED_DOCUMENT_EVIDENCE,ANDROID,6.7.0,10000+ ms,4926
2026-05-30,ISSUED_DOCUMENT_EVIDENCE,ANDROID,6.6.2,10000+ ms,222
2026-05-30,DOCUMENTS_LIST,ANDROID,6.5.0,10000+ ms,11
2026-05-30,ISSUED_DOCUMENT_DETAILS,ANDROID,6.6.1,10000+ ms,13
2026-05-30,ISSUERS_LIST,ANDROID,6.7.0,10000+ ms,2196
2026-05-30,ISSUED_DOCUMENT_EVIDENCE,ANDROID,6.6.1,10000+ ms,7
2026-05-30,DOWNLOAD_DOCUMENT,ANDROID,6.7.0,10000+ ms,31
2026-05-30,SHARE_DOCUMENT,ANDROID,6.7.0,10000+ ms,32
2026-05-30,ACTIONABLE_NOTIFICATION_DETAILS,ANDROID,6.7.0,10000+ ms,8640
2026-05-30,ISSUED_DOCUMENT_EVIDENCE,ANDROID,6.6.0,10000+ ms,385
2026-05-30,QR_VERIFICATION,ANDROID,6.7.0,10000+ ms,340
2026-05-30,DOCUMENT_SELECTION_ISSUED_LIST,ANDROID,6.7.0,10000+ ms,52
2026-05-30,DOCUMENTS_LIST,ANDROID,6.6.1,10000+ ms,6
2026-05-30,DOCUMENT_SELECTION_UPLOADED_LIST,ANDROID,6.7.0,10000+ ms,1
2026-05-30,ISSUED_DOCUMENT_DETAILS,ANDROID,6.5.1,10000+ ms,65
2026-05-30,ISSUED_DOCUMENT_DETAILS,ANDROID,6.7.0,10000+ ms,3330
2026-05-30,NON_ACTIONABLE_NOTIFICATION_DETAILS,ANDROID,6.7.0,10000+ ms,247
2026-05-30,DOCUMENTS_LIST,ANDROID,6.7.0,10000+ ms,1710
2026-05-30,DOCUMENTS_LIST,ANDROID,6.6.0,10000+ ms,236
2026-05-30,ISSUED_DOCUMENT_DETAILS,ANDROID,6.6.2,10000+ ms,208
2026-05-30,ISSUED_DOCUMENT_EVIDENCE,ANDROID,6.5.0,10000+ ms,41
2026-05-30,UPLOADED_DOCUMENT_EVIDENCE,ANDROID,6.7.0,10000+ ms,24
2026-05-30,DOCUMENTS_LIST,ANDROID,6.5.1,10000+ ms,41
2026-05-30,DOCUMENTS_LIST,ANDROID,6.7.0,1001-5000 ms,81157
2026-05-30,ISSUED_DOCUMENT_EVIDENCE,ANDROID,6.7.0,1001-5000 ms,13081
2026-05-30,DOCUMENTS_LIST,ANDROID,6.6.0,1001-5000 ms,3267
2026-05-30,UPLOADED_DOCUMENT_EVIDENCE,ANDROID,6.7.0,1001-5000 ms,254
2026-05-30,SHARE_DOCUMENT,ANDROID,6.7.0,1001-5000 ms,179
2026-05-30,DOCUMENT_SELECTION_ISSUED_LIST,ANDROID,6.7.0,1001-5000 ms,30
2026-05-30,ISSUED_DOCUMENT_EVIDENCE,ANDROID,6.6.1,1001-5000 ms,14
2026-05-30,QR_VERIFICATION,ANDROID,6.7.0,1001-5000 ms,1425
2026-05-30,ISSUED_DOCUMENT_DETAILS,ANDROID,6.6.0,1001-5000 ms,395
2026-05-30,ISSUED_DOCUMENT_DETAILS,ANDROID,6.6.2,1001-5000 ms,216
2026-05-30,DOWNLOAD_DOCUMENT,ANDROID,6.7.0,1001-5000 ms,310
2026-05-30,DOCUMENTS_LIST,ANDROID,6.5.0,1001-5000 ms,308
2026-05-30,ISSUERS_LIST,ANDROID,6.7.0,1001-5000 ms,35102
2026-05-30,ISSUED_DOCUMENT_DETAILS,ANDROID,6.7.0,1001-5000 ms,9742
2026-05-30,ACTIONABLE_NOTIFICATION_DETAILS,ANDROID,6.7.0,1001-5000 ms,9765
2026-05-30,ISSUED_DOCUMENT_EVIDENCE,ANDROID,6.6.2,1001-5000 ms,191
2026-05-30,ISSUED_DOCUMENT_EVIDENCE,ANDROID,6.5.0,1001-5000 ms,33
2026-05-30,DOCUMENTS_LIST,ANDROID,6.6.2,1001-5000 ms,1828
2026-05-30,DOWNLOAD_SELF_SIGN_DOCUMENT,ANDROID,6.7.0,1001-5000 ms,33
2026-05-30,NOTIFICATIONS_LIST,ANDROID,6.7.0,1001-5000 ms,11067
2026-05-30,DOCUMENTS_LIST,ANDROID,6.6.1,1001-5000 ms,93
2026-05-30,ISSUED_DOCUMENT_DETAILS,ANDROID,6.5.1,1001-5000 ms,83
2026-05-30,ISSUED_DOCUMENT_EVIDENCE,ANDROID,6.5.1,1001-5000 ms,57
2026-05-30,ISSUED_DOCUMENT_DETAILS,ANDROID,6.5.0,1001-5000 ms,37
2026-05-30,NON_ACTIONABLE_NOTIFICATION_DETAILS,ANDROID,6.7.0,1001-5000 ms,5658
2026-05-30,DOCUMENTS_LIST,ANDROID,6.5.1,1001-5000 ms,563
2026-05-30,ISSUED_DOCUMENT_EVIDENCE,ANDROID,6.6.0,1001-5000 ms,327
2026-05-30,ISSUED_DOCUMENT_DETAILS,ANDROID,6.6.1,1001-5000 ms,14
2026-05-30,ISSUED_DOCUMENT_DETAILS,ANDROID,6.5.0,101-500 ms,8
2026-05-30,DOCUMENT_SELECTION_UPLOADED_LIST,ANDROID,6.7.0,101-500 ms,6
2026-05-30,ISSUED_DOCUMENT_EVIDENCE,ANDROID,6.6.0,101-500 ms,3
2026-05-30,DOCUMENTS_LIST,ANDROID,6.7.0,101-500 ms,55
2026-05-30,ACTIONABLE_NOTIFICATION_DETAILS,ANDROID,6.7.0,101-500 ms,32
2026-05-30,ISSUED_DOCUMENT_EVIDENCE,ANDROID,6.7.0,101-500 ms,123
2026-05-30,ISSUED_DOCUMENT_DETAILS,ANDROID,6.5.1,101-500 ms,13
2026-05-30,UPLOADED_DOCUMENT_EVIDENCE,ANDROID,6.7.0,101-500 ms,141
2026-05-30,DOWNLOAD_SELF_SIGN_DOCUMENT,ANDROID,6.7.0,101-500 ms,13
2026-05-30,DOWNLOAD_DOCUMENT,ANDROID,6.7.0,101-500 ms,2
2026-05-30,ISSUERS_LIST,ANDROID,6.7.0,101-500 ms,26
2026-05-30,ISSUED_DOCUMENT_EVIDENCE,ANDROID,6.6.2,101-500 ms,1
2026-05-30,ISSUED_DOCUMENT_DETAILS,ANDROID,6.6.1,101-500 ms,2
2026-05-30,NOTIFICATIONS_LIST,ANDROID,6.7.0,101-500 ms,53620
2026-05-30,ISSUED_DOCUMENT_DETAILS,ANDROID,6.6.0,101-500 ms,45
2026-05-30,ISSUED_DOCUMENT_DETAILS,ANDROID,6.7.0,101-500 ms,4190
2026-05-30,DOCUMENT_SELECTION_ISSUED_LIST,ANDROID,6.7.0,101-500 ms,16
2026-05-30,SHARE_DOCUMENT,ANDROID,6.7.0,101-500 ms,4
2026-05-30,QR_VERIFICATION,ANDROID,6.7.0,101-500 ms,593
2026-05-30,NON_ACTIONABLE_NOTIFICATION_DETAILS,ANDROID,6.7.0,101-500 ms,50411
2026-05-30,ISSUED_DOCUMENT_DETAILS,ANDROID,6.6.2,101-500 ms,19
2026-05-30,UPLOADED_DOCUMENT_EVIDENCE,ANDROID,6.7.0,5001-10000 ms,36
2026-05-30,DOCUMENTS_LIST,ANDROID,6.5.1,5001-10000 ms,70
2026-05-30,ISSUED_DOCUMENT_DETAILS,ANDROID,6.6.1,5001-10000 ms,2
2026-05-30,NOTIFICATIONS_LIST,ANDROID,6.7.0,5001-10000 ms,1027
2026-05-30,ISSUED_DOCUMENT_EVIDENCE,ANDROID,6.6.2,5001-10000 ms,87
2026-05-30,ISSUED_DOCUMENT_DETAILS,ANDROID,6.6.2,5001-10000 ms,29
2026-05-30,ISSUED_DOCUMENT_DETAILS,ANDROID,6.7.0,5001-10000 ms,1229
2026-05-30,DOWNLOAD_DOCUMENT,ANDROID,6.7.0,5001-10000 ms,33
2026-05-30,ISSUED_DOCUMENT_EVIDENCE,ANDROID,6.7.0,5001-10000 ms,5514
2026-05-30,NON_ACTIONABLE_NOTIFICATION_DETAILS,ANDROID,6.7.0,5001-10000 ms,330
2026-05-30,ISSUERS_LIST,ANDROID,6.7.0,5001-10000 ms,1794
2026-05-30,ISSUED_DOCUMENT_EVIDENCE,ANDROID,6.6.0,5001-10000 ms,171
2026-05-30,DOCUMENTS_LIST,ANDROID,6.6.2,5001-10000 ms,263
2026-05-30,DOCUMENTS_LIST,ANDROID,6.6.1,5001-10000 ms,13
2026-05-30,ISSUED_DOCUMENT_EVIDENCE,ANDROID,6.6.1,5001-10000 ms,10
2026-05-30,ISSUED_DOCUMENT_EVIDENCE,ANDROID,6.5.0,5001-10000 ms,20
2026-05-30,SHARE_DOCUMENT,ANDROID,6.7.0,5001-10000 ms,16
2026-05-30,DOCUMENTS_LIST,ANDROID,6.5.0,5001-10000 ms,30
2026-05-30,ISSUED_DOCUMENT_EVIDENCE,ANDROID,6.5.1,5001-10000 ms,27
2026-05-30,QR_VERIFICATION,ANDROID,6.7.0,5001-10000 ms,107
2026-05-30,DOCUMENTS_LIST,ANDROID,6.6.0,5001-10000 ms,370
2026-05-30,ISSUED_DOCUMENT_DETAILS,ANDROID,6.6.0,5001-10000 ms,43
2026-05-30,ISSUED_DOCUMENT_DETAILS,ANDROID,6.5.0,5001-10000 ms,4
2026-05-30,DOCUMENTS_LIST,ANDROID,6.7.0,5001-10000 ms,3286
2026-05-30,ACTIONABLE_NOTIFICATION_DETAILS,ANDROID,6.7.0,5001-10000 ms,6456
2026-05-30,DOWNLOAD_SELF_SIGN_DOCUMENT,ANDROID,6.7.0,5001-10000 ms,4
2026-05-30,DOCUMENT_SELECTION_ISSUED_LIST,ANDROID,6.7.0,5001-10000 ms,1
2026-05-30,ISSUED_DOCUMENT_DETAILS,ANDROID,6.5.1,5001-10000 ms,11
2026-05-30,ISSUED_DOCUMENT_DETAILS,ANDROID,6.6.2,501-1000 ms,210
2026-05-30,ISSUED_DOCUMENT_DETAILS,ANDROID,6.5.0,501-1000 ms,29
2026-05-30,DOWNLOAD_SELF_SIGN_DOCUMENT,ANDROID,6.7.0,501-1000 ms,32
2026-05-30,ISSUED_DOCUMENT_DETAILS,ANDROID,6.7.0,501-1000 ms,15966
2026-05-30,ISSUED_DOCUMENT_DETAILS,ANDROID,6.6.1,501-1000 ms,15
2026-05-30,ISSUED_DOCUMENT_DETAILS,ANDROID,6.6.0,501-1000 ms,381
2026-05-30,DOCUMENT_SELECTION_ISSUED_LIST,ANDROID,6.7.0,501-1000 ms,33
2026-05-30,ISSUED_DOCUMENT_EVIDENCE,ANDROID,6.6.2,501-1000 ms,8
2026-05-30,DOWNLOAD_DOCUMENT,ANDROID,6.7.0,501-1000 ms,20
2026-05-30,ISSUERS_LIST,ANDROID,6.7.0,501-1000 ms,2
2026-05-30,UPLOADED_DOCUMENT_EVIDENCE,ANDROID,6.7.0,501-1000 ms,227
2026-05-30,ISSUED_DOCUMENT_DETAILS,ANDROID,6.5.1,501-1000 ms,56
2026-05-30,ISSUED_DOCUMENT_EVIDENCE,ANDROID,6.7.0,501-1000 ms,1317
2026-05-30,ISSUED_DOCUMENT_EVIDENCE,ANDROID,6.5.0,501-1000 ms,6
2026-05-30,QR_VERIFICATION,ANDROID,6.7.0,501-1000 ms,2690
2026-05-30,NOTIFICATIONS_LIST,ANDROID,6.7.0,501-1000 ms,9783
2026-05-30,SHARE_DOCUMENT,ANDROID,6.7.0,501-1000 ms,17
2026-05-30,ACTIONABLE_NOTIFICATION_DETAILS,ANDROID,6.7.0,501-1000 ms,10
2026-05-30,ISSUED_DOCUMENT_EVIDENCE,ANDROID,6.5.1,501-1000 ms,6
2026-05-30,NON_ACTIONABLE_NOTIFICATION_DETAILS,ANDROID,6.7.0,501-1000 ms,9261
2026-05-30,ISSUED_DOCUMENT_EVIDENCE,ANDROID,6.6.0,501-1000 ms,29
2026-05-30,DOCUMENTS_LIST,ANDROID,6.7.0,501-1000 ms,7
2026-05-30,NON_ACTIONABLE_NOTIFICATION_DETAILS,ANDROID,6.7.0,51-100 ms,103
2026-05-30,QR_VERIFICATION,ANDROID,6.7.0,51-100 ms,1
2026-05-30,DOCUMENTS_LIST,ANDROID,6.7.0,51-100 ms,1
2026-05-30,ISSUED_DOCUMENT_DETAILS,ANDROID,6.7.0,51-100 ms,1
2026-05-30,ACTIONABLE_NOTIFICATION_DETAILS,ANDROID,6.7.0,51-100 ms,8
2026-05-30,DOCUMENT_SELECTION_UPLOADED_LIST,ANDROID,6.7.0,51-100 ms,3
2026-05-30,ISSUED_DOCUMENT_EVIDENCE,ANDROID,6.7.0,51-100 ms,1
2026-05-30,NOTIFICATIONS_LIST,ANDROID,6.7.0,51-100 ms,2298
2026-05-30,DOCUMENTS_LIST,ANDROID,6.7.0,< 0 ms,115
2026-05-30,ACTIONABLE_NOTIFICATION_DETAILS,ANDROID,6.7.0,< 0 ms,71
2026-05-30,ISSUED_DOCUMENT_EVIDENCE,ANDROID,6.7.0,< 0 ms,3
2026-05-30,DOCUMENTS_LIST,ANDROID,6.5.0,< 0 ms,1
2026-05-30,DOCUMENTS_LIST,ANDROID,6.5.1,< 0 ms,1
2026-05-30,DOCUMENTS_LIST,ANDROID,6.6.2,< 0 ms,2
2026-05-30,ISSUED_DOCUMENT_DETAILS,ANDROID,6.7.0,< 0 ms,1
2026-05-30,ISSUERS_LIST,ANDROID,6.7.0,< 0 ms,10
2026-05-30,DOCUMENTS_LIST,ANDROID,6.6.0,< 0 ms,3
2026-05-30,DOCUMENTS_LIST,ANDROID,6.6.2,= 0 ms,164
2026-05-30,DOCUMENTS_LIST,ANDROID,6.6.0,= 0 ms,232
2026-05-30,ISSUED_DOCUMENT_DETAILS,ANDROID,6.6.0,= 0 ms,253
2026-05-30,ISSUED_DOCUMENT_DETAILS,ANDROID,6.5.0,= 0 ms,24
2026-05-30,DOCUMENTS_LIST,ANDROID,6.6.1,= 0 ms,11
2026-05-30,ISSUED_DOCUMENT_EVIDENCE,ANDROID,6.6.1,= 0 ms,9
2026-05-30,SHARE_DOCUMENT,ANDROID,6.7.0,= 0 ms,4
2026-05-30,DOWNLOAD_DOCUMENT,ANDROID,6.7.0,= 0 ms,8
2026-05-30,ISSUED_DOCUMENT_DETAILS,ANDROID,6.6.1,= 0 ms,17
2026-05-30,ISSUED_DOCUMENT_DETAILS,ANDROID,6.7.0,= 0 ms,226
2026-05-30,ACTIONABLE_NOTIFICATION_DETAILS,ANDROID,6.7.0,= 0 ms,2933
2026-05-30,ISSUED_DOCUMENT_DETAILS,ANDROID,6.5.1,= 0 ms,56
2026-05-30,ISSUED_DOCUMENT_DETAILS,ANDROID,6.6.2,= 0 ms,144
2026-05-30,ISSUED_DOCUMENT_EVIDENCE,ANDROID,6.7.0,= 0 ms,786
2026-05-30,NOTIFICATIONS_LIST,ANDROID,6.7.0,= 0 ms,3167
2026-05-30,DOCUMENTS_LIST,ANDROID,6.5.0,= 0 ms,27
2026-05-30,ISSUED_DOCUMENT_EVIDENCE,ANDROID,6.5.1,= 0 ms,46
2026-05-30,ISSUED_DOCUMENT_EVIDENCE,ANDROID,6.5.0,= 0 ms,21
2026-05-30,NON_ACTIONABLE_NOTIFICATION_DETAILS,ANDROID,6.7.0,= 0 ms,484
2026-05-30,DOCUMENT_SELECTION_ISSUED_LIST,ANDROID,6.7.0,= 0 ms,1
2026-05-30,DOCUMENTS_LIST,ANDROID,6.5.1,= 0 ms,37
2026-05-30,QR_VERIFICATION,ANDROID,6.7.0,= 0 ms,20
2026-05-30,DOCUMENTS_LIST,ANDROID,6.7.0,= 0 ms,7307
2026-05-30,ISSUERS_LIST,ANDROID,6.7.0,= 0 ms,2500
2026-05-30,UPLOADED_DOCUMENT_EVIDENCE,ANDROID,6.7.0,= 0 ms,8
2026-05-30,ISSUED_DOCUMENT_EVIDENCE,ANDROID,6.6.0,= 0 ms,236
2026-05-30,ISSUED_DOCUMENT_EVIDENCE,ANDROID,6.6.2,= 0 ms,119
2026-05-31,NOTIFICATIONS_LIST,ANDROID,6.7.0,1-50 ms,6
2026-05-31,DOCUMENTS_LIST,ANDROID,6.7.0,1-50 ms,1
2026-05-31,ACTIONABLE_NOTIFICATION_DETAILS,ANDROID,6.7.0,1-50 ms,10
2026-05-31,NON_ACTIONABLE_NOTIFICATION_DETAILS,ANDROID,6.7.0,10000+ ms,324
2026-05-31,DOCUMENTS_LIST,ANDROID,6.5.0,10000+ ms,22
2026-05-31,NOTIFICATIONS_LIST,ANDROID,6.7.0,10000+ ms,1517
2026-05-31,ISSUED_DOCUMENT_EVIDENCE,ANDROID,6.6.0,10000+ ms,304
2026-05-31,ISSUED_DOCUMENT_EVIDENCE,ANDROID,6.6.2,10000+ ms,192
2026-05-31,DOCUMENT_SELECTION_ISSUED_LIST,ANDROID,6.7.0,10000+ ms,31
2026-05-31,ISSUED_DOCUMENT_DETAILS,ANDROID,6.6.2,10000+ ms,189
2026-05-31,ISSUED_DOCUMENT_EVIDENCE,ANDROID,6.5.1,10000+ ms,66
2026-05-31,DOCUMENTS_LIST,ANDROID,6.7.0,10000+ ms,1821
2026-05-31,ISSUED_DOCUMENT_DETAILS,ANDROID,6.6.0,10000+ ms,353
2026-05-31,ISSUED_DOCUMENT_EVIDENCE,ANDROID,6.5.0,10000+ ms,33
2026-05-31,ISSUED_DOCUMENT_EVIDENCE,ANDROID,6.6.1,10000+ ms,13
2026-05-31,ISSUED_DOCUMENT_DETAILS,ANDROID,6.6.1,10000+ ms,8
2026-05-31,DOCUMENTS_LIST,ANDROID,6.6.0,10000+ ms,215
2026-05-31,UPLOADED_DOCUMENT_EVIDENCE,ANDROID,6.7.0,10000+ ms,30
2026-05-31,ISSUED_DOCUMENT_DETAILS,ANDROID,6.5.0,10000+ ms,35
2026-05-31,DOWNLOAD_DOCUMENT,ANDROID,6.7.0,10000+ ms,34
2026-05-31,DOCUMENT_SELECTION_UPLOADED_LIST,ANDROID,6.7.0,10000+ ms,1
2026-05-31,DOCUMENTS_LIST,ANDROID,6.6.2,10000+ ms,139
2026-05-31,QR_VERIFICATION,ANDROID,6.7.0,10000+ ms,353
2026-05-31,DOCUMENTS_LIST,ANDROID,6.5.1,10000+ ms,49
2026-05-31,SHARE_DOCUMENT,ANDROID,6.7.0,10000+ ms,30
2026-05-31,ACTIONABLE_NOTIFICATION_DETAILS,ANDROID,6.7.0,10000+ ms,8789
2026-05-31,DOWNLOAD_SELF_SIGN_DOCUMENT,ANDROID,6.7.0,10000+ ms,12
2026-05-31,DOCUMENTS_LIST,ANDROID,6.6.1,10000+ ms,12
2026-05-31,ISSUED_DOCUMENT_DETAILS,ANDROID,6.5.1,10000+ ms,59
2026-05-31,ISSUED_DOCUMENT_DETAILS,ANDROID,6.7.0,10000+ ms,3336
2026-05-31,ISSUED_DOCUMENT_EVIDENCE,ANDROID,6.7.0,10000+ ms,5217
2026-05-31,ISSUERS_LIST,ANDROID,6.7.0,10000+ ms,2138
2026-05-31,QR_VERIFICATION,ANDROID,6.7.0,1001-5000 ms,1610
2026-05-31,DOCUMENTS_LIST,ANDROID,6.6.2,1001-5000 ms,1830
2026-05-31,UPLOADED_DOCUMENT_EVIDENCE,ANDROID,6.7.0,1001-5000 ms,241
2026-05-31,ISSUED_DOCUMENT_DETAILS,ANDROID,6.6.1,1001-5000 ms,13
2026-05-31,ISSUED_DOCUMENT_EVIDENCE,ANDROID,6.5.1,1001-5000 ms,69
2026-05-31,DOWNLOAD_SELF_SIGN_DOCUMENT,ANDROID,6.7.0,1001-5000 ms,37
2026-05-31,ISSUED_DOCUMENT_EVIDENCE,ANDROID,6.5.0,1001-5000 ms,20
2026-05-31,SHARE_DOCUMENT,ANDROID,6.7.0,1001-5000 ms,140
2026-05-31,ISSUED_DOCUMENT_DETAILS,ANDROID,6.6.0,1001-5000 ms,375
2026-05-31,ISSUED_DOCUMENT_EVIDENCE,ANDROID,6.6.0,1001-5000 ms,311
2026-05-31,ISSUED_DOCUMENT_DETAILS,ANDROID,6.7.0,1001-5000 ms,10110
2026-05-31,DOCUMENTS_LIST,ANDROID,6.7.0,1001-5000 ms,77715
2026-05-31,NON_ACTIONABLE_NOTIFICATION_DETAILS,ANDROID,6.7.0,1001-5000 ms,5579
2026-05-31,NOTIFICATIONS_LIST,ANDROID,6.7.0,1001-5000 ms,11087
2026-05-31,DOCUMENTS_LIST,ANDROID,6.5.1,1001-5000 ms,587
2026-05-31,ISSUED_DOCUMENT_DETAILS,ANDROID,6.6.2,1001-5000 ms,226
2026-05-31,ACTIONABLE_NOTIFICATION_DETAILS,ANDROID,6.7.0,1001-5000 ms,9528
2026-05-31,DOCUMENTS_LIST,ANDROID,6.6.0,1001-5000 ms,3047
2026-05-31,DOWNLOAD_DOCUMENT,ANDROID,6.7.0,1001-5000 ms,265
2026-05-31,ISSUED_DOCUMENT_EVIDENCE,ANDROID,6.6.2,1001-5000 ms,180
2026-05-31,DOCUMENTS_LIST,ANDROID,6.6.1,1001-5000 ms,84
2026-05-31,ISSUED_DOCUMENT_EVIDENCE,ANDROID,6.7.0,1001-5000 ms,12066
2026-05-31,ISSUED_DOCUMENT_DETAILS,ANDROID,6.5.1,1001-5000 ms,88
2026-05-31,ISSUED_DOCUMENT_DETAILS,ANDROID,6.5.0,1001-5000 ms,44
2026-05-31,ISSUERS_LIST,ANDROID,6.7.0,1001-5000 ms,33836
2026-05-31,DOCUMENTS_LIST,ANDROID,6.5.0,1001-5000 ms,290
2026-05-31,ISSUED_DOCUMENT_EVIDENCE,ANDROID,6.6.1,1001-5000 ms,13
2026-05-31,DOCUMENT_SELECTION_ISSUED_LIST,ANDROID,6.7.0,1001-5000 ms,14
2026-05-31,ISSUED_DOCUMENT_DETAILS,ANDROID,6.7.0,101-500 ms,3393
2026-05-31,ISSUED_DOCUMENT_EVIDENCE,ANDROID,6.6.2,101-500 ms,1
2026-05-31,ISSUED_DOCUMENT_DETAILS,ANDROID,6.5.0,101-500 ms,6
2026-05-31,QR_VERIFICATION,ANDROID,6.7.0,101-500 ms,490
2026-05-31,DOCUMENT_SELECTION_ISSUED_LIST,ANDROID,6.7.0,101-500 ms,11
2026-05-31,DOWNLOAD_SELF_SIGN_DOCUMENT,ANDROID,6.7.0,101-500 ms,23
2026-05-31,UPLOADED_DOCUMENT_EVIDENCE,ANDROID,6.7.0,101-500 ms,174
2026-05-31,ISSUED_DOCUMENT_DETAILS,ANDROID,6.6.2,101-500 ms,25
2026-05-31,NOTIFICATIONS_LIST,ANDROID,6.7.0,101-500 ms,50960
2026-05-31,ISSUED_DOCUMENT_DETAILS,ANDROID,6.6.0,101-500 ms,40
2026-05-31,ISSUERS_LIST,ANDROID,6.7.0,101-500 ms,20
2026-05-31,DOCUMENT_SELECTION_UPLOADED_LIST,ANDROID,6.7.0,101-500 ms,2
2026-05-31,NON_ACTIONABLE_NOTIFICATION_DETAILS,ANDROID,6.7.0,101-500 ms,48764
2026-05-31,ACTIONABLE_NOTIFICATION_DETAILS,ANDROID,6.7.0,101-500 ms,52
2026-05-31,ISSUED_DOCUMENT_DETAILS,ANDROID,6.5.1,101-500 ms,8
2026-05-31,DOCUMENTS_LIST,ANDROID,6.7.0,101-500 ms,38
2026-05-31,DOWNLOAD_DOCUMENT,ANDROID,6.7.0,101-500 ms,5
2026-05-31,ISSUED_DOCUMENT_EVIDENCE,ANDROID,6.6.0,101-500 ms,3
2026-05-31,ISSUED_DOCUMENT_EVIDENCE,ANDROID,6.7.0,101-500 ms,116
2026-05-31,QR_VERIFICATION,ANDROID,6.7.0,5001-10000 ms,146
2026-05-31,ACTIONABLE_NOTIFICATION_DETAILS,ANDROID,6.7.0,5001-10000 ms,5810
2026-05-31,DOCUMENTS_LIST,ANDROID,6.6.1,5001-10000 ms,13
2026-05-31,ISSUED_DOCUMENT_EVIDENCE,ANDROID,6.6.0,5001-10000 ms,147
2026-05-31,ISSUED_DOCUMENT_DETAILS,ANDROID,6.5.1,5001-10000 ms,15
2026-05-31,DOCUMENTS_LIST,ANDROID,6.5.1,5001-10000 ms,68
2026-05-31,DOCUMENTS_LIST,ANDROID,6.6.0,5001-10000 ms,364
2026-05-31,NON_ACTIONABLE_NOTIFICATION_DETAILS,ANDROID,6.7.0,5001-10000 ms,324
2026-05-31,ISSUED_DOCUMENT_DETAILS,ANDROID,6.7.0,5001-10000 ms,1296
2026-05-31,ISSUERS_LIST,ANDROID,6.7.0,5001-10000 ms,1798
2026-05-31,DOCUMENTS_LIST,ANDROID,6.6.2,5001-10000 ms,249
2026-05-31,DOCUMENTS_LIST,ANDROID,6.7.0,5001-10000 ms,3332
2026-05-31,ISSUED_DOCUMENT_EVIDENCE,ANDROID,6.6.2,5001-10000 ms,93
2026-05-31,UPLOADED_DOCUMENT_EVIDENCE,ANDROID,6.7.0,5001-10000 ms,30
2026-05-31,DOCUMENT_SELECTION_ISSUED_LIST,ANDROID,6.7.0,5001-10000 ms,1
2026-05-31,ISSUED_DOCUMENT_EVIDENCE,ANDROID,6.5.1,5001-10000 ms,38
2026-05-31,DOWNLOAD_DOCUMENT,ANDROID,6.7.0,5001-10000 ms,18
2026-05-31,SHARE_DOCUMENT,ANDROID,6.7.0,5001-10000 ms,10
2026-05-31,ISSUED_DOCUMENT_EVIDENCE,ANDROID,6.5.0,5001-10000 ms,16
2026-05-31,ISSUED_DOCUMENT_DETAILS,ANDROID,6.5.0,5001-10000 ms,2
2026-05-31,ISSUED_DOCUMENT_DETAILS,ANDROID,6.6.1,5001-10000 ms,1
2026-05-31,ISSUED_DOCUMENT_DETAILS,ANDROID,6.6.0,5001-10000 ms,47
2026-05-31,ISSUED_DOCUMENT_EVIDENCE,ANDROID,6.7.0,5001-10000 ms,5052
2026-05-31,DOCUMENTS_LIST,ANDROID,6.5.0,5001-10000 ms,29
2026-05-31,ISSUED_DOCUMENT_DETAILS,ANDROID,6.6.2,5001-10000 ms,34
2026-05-31,ISSUED_DOCUMENT_EVIDENCE,ANDROID,6.6.1,5001-10000 ms,4
2026-05-31,DOWNLOAD_SELF_SIGN_DOCUMENT,ANDROID,6.7.0,5001-10000 ms,6
2026-05-31,DOCUMENT_SELECTION_UPLOADED_LIST,ANDROID,6.7.0,5001-10000 ms,1
2026-05-31,NOTIFICATIONS_LIST,ANDROID,6.7.0,5001-10000 ms,1083
2026-05-31,NOTIFICATIONS_LIST,ANDROID,6.7.0,501-1000 ms,9816
2026-05-31,DOWNLOAD_SELF_SIGN_DOCUMENT,ANDROID,6.7.0,501-1000 ms,27
2026-05-31,DOCUMENT_SELECTION_ISSUED_LIST,ANDROID,6.7.0,501-1000 ms,23
2026-05-31,SHARE_DOCUMENT,ANDROID,6.7.0,501-1000 ms,22
2026-05-31,NON_ACTIONABLE_NOTIFICATION_DETAILS,ANDROID,6.7.0,501-1000 ms,9414
2026-05-31,ISSUED_DOCUMENT_DETAILS,ANDROID,6.6.1,501-1000 ms,20
2026-05-31,ISSUED_DOCUMENT_EVIDENCE,ANDROID,6.7.0,501-1000 ms,1120
2026-05-31,ISSUED_DOCUMENT_DETAILS,ANDROID,6.5.1,501-1000 ms,69
2026-05-31,ACTIONABLE_NOTIFICATION_DETAILS,ANDROID,6.7.0,501-1000 ms,20
2026-05-31,ISSUED_DOCUMENT_EVIDENCE,ANDROID,6.6.0,501-1000 ms,9
2026-05-31,ISSUERS_LIST,ANDROID,6.7.0,501-1000 ms,2
2026-05-31,ISSUED_DOCUMENT_DETAILS,ANDROID,6.6.2,501-1000 ms,194
2026-05-31,DOWNLOAD_DOCUMENT,ANDROID,6.7.0,501-1000 ms,26
2026-05-31,DOCUMENTS_LIST,ANDROID,6.7.0,501-1000 ms,9
2026-05-31,ISSUED_DOCUMENT_DETAILS,ANDROID,6.5.0,501-1000 ms,25
2026-05-31,QR_VERIFICATION,ANDROID,6.7.0,501-1000 ms,2433
2026-05-31,ISSUED_DOCUMENT_EVIDENCE,ANDROID,6.6.1,501-1000 ms,2
2026-05-31,ISSUED_DOCUMENT_EVIDENCE,ANDROID,6.5.0,501-1000 ms,3
2026-05-31,UPLOADED_DOCUMENT_EVIDENCE,ANDROID,6.7.0,501-1000 ms,193
2026-05-31,ISSUED_DOCUMENT_DETAILS,ANDROID,6.6.0,501-1000 ms,309
2026-05-31,ISSUED_DOCUMENT_EVIDENCE,ANDROID,6.5.1,501-1000 ms,7
2026-05-31,ISSUED_DOCUMENT_EVIDENCE,ANDROID,6.6.2,501-1000 ms,13
2026-05-31,ISSUED_DOCUMENT_DETAILS,ANDROID,6.7.0,501-1000 ms,14629
2026-05-31,DOCUMENT_SELECTION_UPLOADED_LIST,ANDROID,6.7.0,51-100 ms,1
2026-05-31,ISSUED_DOCUMENT_EVIDENCE,ANDROID,6.7.0,51-100 ms,3
2026-05-31,NOTIFICATIONS_LIST,ANDROID,6.7.0,51-100 ms,2311
2026-05-31,DOCUMENTS_LIST,ANDROID,6.7.0,51-100 ms,1
2026-05-31,ACTIONABLE_NOTIFICATION_DETAILS,ANDROID,6.7.0,51-100 ms,7
2026-05-31,NON_ACTIONABLE_NOTIFICATION_DETAILS,ANDROID,6.7.0,51-100 ms,102
2026-05-31,ACTIONABLE_NOTIFICATION_DETAILS,ANDROID,6.7.0,< 0 ms,60
2026-05-31,DOCUMENTS_LIST,ANDROID,6.7.0,< 0 ms,98
2026-05-31,ISSUERS_LIST,ANDROID,6.7.0,< 0 ms,6
2026-05-31,DOCUMENTS_LIST,ANDROID,6.6.0,< 0 ms,3
2026-05-31,DOCUMENTS_LIST,ANDROID,6.6.2,< 0 ms,1
2026-05-31,DOCUMENTS_LIST,ANDROID,6.6.2,= 0 ms,182
2026-05-31,DOCUMENTS_LIST,ANDROID,6.5.0,= 0 ms,22
2026-05-31,DOCUMENTS_LIST,ANDROID,6.6.1,= 0 ms,12
2026-05-31,DOCUMENTS_LIST,ANDROID,6.5.1,= 0 ms,37
2026-05-31,UPLOADED_DOCUMENT_EVIDENCE,ANDROID,6.7.0,= 0 ms,16
2026-05-31,DOWNLOAD_SELF_SIGN_DOCUMENT,ANDROID,6.7.0,= 0 ms,1
2026-05-31,ISSUED_DOCUMENT_EVIDENCE,ANDROID,6.6.2,= 0 ms,141
2026-05-31,ISSUED_DOCUMENT_DETAILS,ANDROID,6.5.1,= 0 ms,52
2026-05-31,ISSUERS_LIST,ANDROID,6.7.0,= 0 ms,2392
2026-05-31,ISSUED_DOCUMENT_DETAILS,ANDROID,6.5.0,= 0 ms,35
2026-05-31,DOCUMENTS_LIST,ANDROID,6.7.0,= 0 ms,6945
2026-05-31,NON_ACTIONABLE_NOTIFICATION_DETAILS,ANDROID,6.7.0,= 0 ms,418
2026-05-31,ISSUED_DOCUMENT_DETAILS,ANDROID,6.6.1,= 0 ms,10
2026-05-31,QR_VERIFICATION,ANDROID,6.7.0,= 0 ms,27
2026-05-31,SHARE_DOCUMENT,ANDROID,6.7.0,= 0 ms,5
2026-05-31,ISSUED_DOCUMENT_EVIDENCE,ANDROID,6.5.1,= 0 ms,45
2026-05-31,ISSUED_DOCUMENT_EVIDENCE,ANDROID,6.6.0,= 0 ms,212
2026-05-31,ISSUED_DOCUMENT_EVIDENCE,ANDROID,6.7.0,= 0 ms,850
2026-05-31,NOTIFICATIONS_LIST,ANDROID,6.7.0,= 0 ms,3355
2026-05-31,ISSUED_DOCUMENT_EVIDENCE,ANDROID,6.6.1,= 0 ms,7
2026-05-31,DOWNLOAD_DOCUMENT,ANDROID,6.7.0,= 0 ms,9
2026-05-31,ISSUED_DOCUMENT_DETAILS,ANDROID,6.6.2,= 0 ms,135
2026-05-31,DOCUMENTS_LIST,ANDROID,6.6.0,= 0 ms,254
2026-05-31,ISSUED_DOCUMENT_DETAILS,ANDROID,6.6.0,= 0 ms,223
2026-05-31,ISSUED_DOCUMENT_EVIDENCE,ANDROID,6.5.0,= 0 ms,29
2026-05-31,ACTIONABLE_NOTIFICATION_DETAILS,ANDROID,6.7.0,= 0 ms,3036
2026-05-31,ISSUED_DOCUMENT_DETAILS,ANDROID,6.7.0,= 0 ms,237
2026-06-01,ACTIONABLE_NOTIFICATION_DETAILS,ANDROID,6.7.0,1-50 ms,12
2026-06-01,NOTIFICATIONS_LIST,ANDROID,6.7.0,1-50 ms,6
2026-06-01,ISSUED_DOCUMENT_EVIDENCE,ANDROID,6.5.0,10000+ ms,72
2026-06-01,ISSUED_DOCUMENT_EVIDENCE,ANDROID,6.6.0,10000+ ms,506
2026-06-01,ISSUED_DOCUMENT_DETAILS,ANDROID,6.5.0,10000+ ms,53
2026-06-01,ISSUED_DOCUMENT_DETAILS,ANDROID,6.6.0,10000+ ms,510
2026-06-01,ISSUED_DOCUMENT_DETAILS,ANDROID,6.6.2,10000+ ms,275
2026-06-01,NON_ACTIONABLE_NOTIFICATION_DETAILS,ANDROID,6.7.0,10000+ ms,379
2026-06-01,ISSUED_DOCUMENT_EVIDENCE,ANDROID,6.7.0,10000+ ms,8674
2026-06-01,ISSUED_DOCUMENT_EVIDENCE,ANDROID,6.6.2,10000+ ms,300
2026-06-01,QR_VERIFICATION,ANDROID,6.7.0,10000+ ms,632
2026-06-01,ISSUED_DOCUMENT_DETAILS,ANDROID,6.5.1,10000+ ms,111
2026-06-01,DOCUMENTS_LIST,ANDROID,6.5.0,10000+ ms,28
2026-06-01,DOCUMENTS_LIST,ANDROID,6.7.0,10000+ ms,3009
2026-06-01,ACTIONABLE_NOTIFICATION_DETAILS,ANDROID,6.7.0,10000+ ms,16446
2026-06-01,ISSUERS_LIST,ANDROID,6.7.0,10000+ ms,3468
2026-06-01,DOCUMENTS_LIST,ANDROID,6.6.0,10000+ ms,275
2026-06-01,NOTIFICATIONS_LIST,ANDROID,6.7.0,10000+ ms,2139
2026-06-01,UPLOADED_DOCUMENT_EVIDENCE,ANDROID,6.7.0,10000+ ms,42
2026-06-01,SHARE_DOCUMENT,ANDROID,6.7.0,10000+ ms,82
2026-06-01,DOWNLOAD_DOCUMENT,ANDROID,6.7.0,10000+ ms,99
2026-06-01,DOCUMENT_SELECTION_ISSUED_LIST,ANDROID,6.7.0,10000+ ms,28
2026-06-01,DOWNLOAD_SELF_SIGN_DOCUMENT,ANDROID,6.7.0,10000+ ms,31
2026-06-01,ISSUED_DOCUMENT_EVIDENCE,ANDROID,6.6.1,10000+ ms,21
2026-06-01,DOCUMENTS_LIST,ANDROID,6.6.1,10000+ ms,12
2026-06-01,ISSUED_DOCUMENT_DETAILS,ANDROID,6.7.0,10000+ ms,5548
2026-06-01,ISSUED_DOCUMENT_DETAILS,ANDROID,6.6.1,10000+ ms,21
2026-06-01,DOCUMENTS_LIST,ANDROID,6.5.1,10000+ ms,42
2026-06-01,DOCUMENT_SELECTION_UPLOADED_LIST,ANDROID,6.7.0,10000+ ms,5
2026-06-01,DOCUMENTS_LIST,ANDROID,6.6.2,10000+ ms,171
2026-06-01,ISSUED_DOCUMENT_EVIDENCE,ANDROID,6.5.1,10000+ ms,98
2026-06-01,DOCUMENTS_LIST,ANDROID,6.7.0,1001-5000 ms,132146
2026-06-01,ISSUED_DOCUMENT_DETAILS,ANDROID,6.7.0,1001-5000 ms,22150
2026-06-01,ISSUED_DOCUMENT_EVIDENCE,ANDROID,6.7.0,1001-5000 ms,18738
2026-06-01,DOCUMENT_SELECTION_ISSUED_LIST,ANDROID,6.7.0,1001-5000 ms,41
2026-06-01,ISSUERS_LIST,ANDROID,6.7.0,1001-5000 ms,50273
2026-06-01,NON_ACTIONABLE_NOTIFICATION_DETAILS,ANDROID,6.7.0,1001-5000 ms,9467
2026-06-01,QR_VERIFICATION,ANDROID,6.7.0,1001-5000 ms,3708
2026-06-01,ACTIONABLE_NOTIFICATION_DETAILS,ANDROID,6.7.0,1001-5000 ms,10781
2026-06-01,DOCUMENTS_LIST,ANDROID,6.6.0,1001-5000 ms,4514
2026-06-01,SHARE_DOCUMENT,ANDROID,6.7.0,1001-5000 ms,357
2026-06-01,ISSUED_DOCUMENT_EVIDENCE,ANDROID,6.5.1,1001-5000 ms,80
2026-06-01,DOCUMENTS_LIST,ANDROID,6.5.1,1001-5000 ms,851
2026-06-01,DOCUMENTS_LIST,ANDROID,6.6.1,1001-5000 ms,182
2026-06-01,DOCUMENTS_LIST,ANDROID,6.5.0,1001-5000 ms,450
2026-06-01,NOTIFICATIONS_LIST,ANDROID,6.7.0,1001-5000 ms,20872
2026-06-01,ISSUED_DOCUMENT_DETAILS,ANDROID,6.6.0,1001-5000 ms,714
2026-06-01,DOWNLOAD_SELF_SIGN_DOCUMENT,ANDROID,6.7.0,1001-5000 ms,51
2026-06-01,DOWNLOAD_DOCUMENT,ANDROID,6.7.0,1001-5000 ms,512
2026-06-01,ISSUED_DOCUMENT_EVIDENCE,ANDROID,6.5.0,1001-5000 ms,47
2026-06-01,UPLOADED_DOCUMENT_EVIDENCE,ANDROID,6.7.0,1001-5000 ms,413
2026-06-01,ISSUED_DOCUMENT_DETAILS,ANDROID,6.5.1,1001-5000 ms,125
2026-06-01,ISSUED_DOCUMENT_DETAILS,ANDROID,6.5.0,1001-5000 ms,82
2026-06-01,DOCUMENTS_LIST,ANDROID,6.6.2,1001-5000 ms,2500
2026-06-01,ISSUED_DOCUMENT_EVIDENCE,ANDROID,6.6.0,1001-5000 ms,458
2026-06-01,ISSUED_DOCUMENT_EVIDENCE,ANDROID,6.6.2,1001-5000 ms,251
2026-06-01,ISSUED_DOCUMENT_DETAILS,ANDROID,6.6.2,1001-5000 ms,408
2026-06-01,ISSUED_DOCUMENT_DETAILS,ANDROID,6.6.1,1001-5000 ms,34
2026-06-01,ISSUED_DOCUMENT_EVIDENCE,ANDROID,6.6.1,1001-5000 ms,18
2026-06-01,SHARE_DOCUMENT,ANDROID,6.7.0,101-500 ms,9
2026-06-01,NON_ACTIONABLE_NOTIFICATION_DETAILS,ANDROID,6.7.0,101-500 ms,75460
2026-06-01,ISSUED_DOCUMENT_DETAILS,ANDROID,6.7.0,101-500 ms,3366
2026-06-01,QR_VERIFICATION,ANDROID,6.7.0,101-500 ms,409
2026-06-01,DOCUMENTS_LIST,ANDROID,6.7.0,101-500 ms,72
2026-06-01,ISSUERS_LIST,ANDROID,6.7.0,101-500 ms,31
2026-06-01,ISSUED_DOCUMENT_EVIDENCE,ANDROID,6.5.1,101-500 ms,1
2026-06-01,ISSUED_DOCUMENT_EVIDENCE,ANDROID,6.6.0,101-500 ms,4
2026-06-01,NOTIFICATIONS_LIST,ANDROID,6.7.0,101-500 ms,91762
2026-06-01,ISSUED_DOCUMENT_DETAILS,ANDROID,6.6.0,101-500 ms,38
2026-06-01,ISSUED_DOCUMENT_DETAILS,ANDROID,6.5.1,101-500 ms,6
2026-06-01,DOCUMENT_SELECTION_ISSUED_LIST,ANDROID,6.7.0,101-500 ms,6
2026-06-01,DOCUMENT_SELECTION_UPLOADED_LIST,ANDROID,6.7.0,101-500 ms,4
2026-06-01,ISSUED_DOCUMENT_EVIDENCE,ANDROID,6.7.0,101-500 ms,177
2026-06-01,ISSUED_DOCUMENT_DETAILS,ANDROID,6.6.1,101-500 ms,2
2026-06-01,ACTIONABLE_NOTIFICATION_DETAILS,ANDROID,6.7.0,101-500 ms,83
2026-06-01,DOWNLOAD_SELF_SIGN_DOCUMENT,ANDROID,6.7.0,101-500 ms,43
2026-06-01,UPLOADED_DOCUMENT_EVIDENCE,ANDROID,6.7.0,101-500 ms,249
2026-06-01,ISSUED_DOCUMENT_DETAILS,ANDROID,6.5.0,101-500 ms,5
2026-06-01,ISSUED_DOCUMENT_DETAILS,ANDROID,6.6.2,101-500 ms,20
2026-06-01,ISSUED_DOCUMENT_EVIDENCE,ANDROID,6.6.2,101-500 ms,1
2026-06-01,DOWNLOAD_DOCUMENT,ANDROID,6.7.0,101-500 ms,2
2026-06-01,ISSUED_DOCUMENT_EVIDENCE,ANDROID,6.7.0,5001-10000 ms,10162
2026-06-01,DOCUMENTS_LIST,ANDROID,6.5.1,5001-10000 ms,143
2026-06-01,ISSUED_DOCUMENT_DETAILS,ANDROID,6.7.0,5001-10000 ms,1998
2026-06-01,ISSUED_DOCUMENT_EVIDENCE,ANDROID,6.5.1,5001-10000 ms,49
2026-06-01,DOCUMENTS_LIST,ANDROID,6.5.0,5001-10000 ms,54
2026-06-01,NOTIFICATIONS_LIST,ANDROID,6.7.0,5001-10000 ms,1862
2026-06-01,NON_ACTIONABLE_NOTIFICATION_DETAILS,ANDROID,6.7.0,5001-10000 ms,474
2026-06-01,DOCUMENTS_LIST,ANDROID,6.6.1,5001-10000 ms,35
2026-06-01,ISSUED_DOCUMENT_EVIDENCE,ANDROID,6.6.1,5001-10000 ms,15
2026-06-01,UPLOADED_DOCUMENT_EVIDENCE,ANDROID,6.7.0,5001-10000 ms,44
2026-06-01,ISSUED_DOCUMENT_DETAILS,ANDROID,6.5.1,5001-10000 ms,17
2026-06-01,DOCUMENTS_LIST,ANDROID,6.6.2,5001-10000 ms,448
2026-06-01,QR_VERIFICATION,ANDROID,6.7.0,5001-10000 ms,262
2026-06-01,ISSUED_DOCUMENT_EVIDENCE,ANDROID,6.6.2,5001-10000 ms,169
2026-06-01,ISSUED_DOCUMENT_DETAILS,ANDROID,6.6.2,5001-10000 ms,34
2026-06-01,DOCUMENT_SELECTION_UPLOADED_LIST,ANDROID,6.7.0,5001-10000 ms,1
2026-06-01,DOWNLOAD_DOCUMENT,ANDROID,6.7.0,5001-10000 ms,72
2026-06-01,ISSUED_DOCUMENT_DETAILS,ANDROID,6.5.0,5001-10000 ms,7
2026-06-01,DOCUMENTS_LIST,ANDROID,6.7.0,5001-10000 ms,7211
2026-06-01,ACTIONABLE_NOTIFICATION_DETAILS,ANDROID,6.7.0,5001-10000 ms,6909
2026-06-01,DOCUMENTS_LIST,ANDROID,6.6.0,5001-10000 ms,740
2026-06-01,DOWNLOAD_SELF_SIGN_DOCUMENT,ANDROID,6.7.0,5001-10000 ms,12
2026-06-01,ISSUED_DOCUMENT_EVIDENCE,ANDROID,6.5.0,5001-10000 ms,29
2026-06-01,ISSUED_DOCUMENT_EVIDENCE,ANDROID,6.6.0,5001-10000 ms,288
2026-06-01,SHARE_DOCUMENT,ANDROID,6.7.0,5001-10000 ms,37
2026-06-01,DOCUMENT_SELECTION_ISSUED_LIST,ANDROID,6.7.0,5001-10000 ms,2
2026-06-01,ISSUED_DOCUMENT_DETAILS,ANDROID,6.6.0,5001-10000 ms,62
2026-06-01,ISSUERS_LIST,ANDROID,6.7.0,5001-10000 ms,8842
2026-06-01,QR_VERIFICATION,ANDROID,6.7.0,501-1000 ms,3151
2026-06-01,ISSUED_DOCUMENT_DETAILS,ANDROID,6.7.0,501-1000 ms,19587
2026-06-01,ISSUED_DOCUMENT_DETAILS,ANDROID,6.6.2,501-1000 ms,206
2026-06-01,NOTIFICATIONS_LIST,ANDROID,6.7.0,501-1000 ms,22834
2026-06-01,ISSUED_DOCUMENT_EVIDENCE,ANDROID,6.6.2,501-1000 ms,9
2026-06-01,SHARE_DOCUMENT,ANDROID,6.7.0,501-1000 ms,13
2026-06-01,DOWNLOAD_DOCUMENT,ANDROID,6.7.0,501-1000 ms,26
2026-06-01,ISSUED_DOCUMENT_DETAILS,ANDROID,6.5.1,501-1000 ms,54
2026-06-01,DOCUMENTS_LIST,ANDROID,6.7.0,501-1000 ms,18
2026-06-01,NON_ACTIONABLE_NOTIFICATION_DETAILS,ANDROID,6.7.0,501-1000 ms,21785
2026-06-01,ISSUED_DOCUMENT_EVIDENCE,ANDROID,6.7.0,501-1000 ms,908
2026-06-01,ISSUED_DOCUMENT_DETAILS,ANDROID,6.6.0,501-1000 ms,384
2026-06-01,ISSUED_DOCUMENT_DETAILS,ANDROID,6.5.0,501-1000 ms,45
2026-06-01,ISSUED_DOCUMENT_DETAILS,ANDROID,6.6.1,501-1000 ms,18
2026-06-01,DOCUMENTS_LIST,ANDROID,6.6.0,501-1000 ms,1
2026-06-01,DOCUMENT_SELECTION_ISSUED_LIST,ANDROID,6.7.0,501-1000 ms,21
2026-06-01,ACTIONABLE_NOTIFICATION_DETAILS,ANDROID,6.7.0,501-1000 ms,43
2026-06-01,ISSUERS_LIST,ANDROID,6.7.0,501-1000 ms,2
2026-06-01,ISSUED_DOCUMENT_EVIDENCE,ANDROID,6.5.0,501-1000 ms,2
2026-06-01,ISSUED_DOCUMENT_EVIDENCE,ANDROID,6.6.1,501-1000 ms,2
2026-06-01,ISSUED_DOCUMENT_EVIDENCE,ANDROID,6.6.0,501-1000 ms,22
2026-06-01,ISSUED_DOCUMENT_EVIDENCE,ANDROID,6.5.1,501-1000 ms,2
2026-06-01,UPLOADED_DOCUMENT_EVIDENCE,ANDROID,6.7.0,501-1000 ms,371
2026-06-01,DOWNLOAD_SELF_SIGN_DOCUMENT,ANDROID,6.7.0,501-1000 ms,46
2026-06-01,ACTIONABLE_NOTIFICATION_DETAILS,ANDROID,6.7.0,51-100 ms,18
2026-06-01,DOCUMENT_SELECTION_UPLOADED_LIST,ANDROID,6.7.0,51-100 ms,1
2026-06-01,NON_ACTIONABLE_NOTIFICATION_DETAILS,ANDROID,6.7.0,51-100 ms,59
2026-06-01,DOCUMENTS_LIST,ANDROID,6.7.0,51-100 ms,3
2026-06-01,ISSUERS_LIST,ANDROID,6.7.0,51-100 ms,3
2026-06-01,NOTIFICATIONS_LIST,ANDROID,6.7.0,51-100 ms,2472
2026-06-01,ISSUED_DOCUMENT_EVIDENCE,ANDROID,6.7.0,51-100 ms,1
2026-06-01,DOCUMENTS_LIST,ANDROID,6.7.0,< 0 ms,122
2026-06-01,DOCUMENTS_LIST,ANDROID,6.6.2,< 0 ms,5
2026-06-01,NON_ACTIONABLE_NOTIFICATION_DETAILS,ANDROID,6.7.0,< 0 ms,4
2026-06-01,ISSUED_DOCUMENT_EVIDENCE,ANDROID,6.7.0,< 0 ms,2
2026-06-01,ACTIONABLE_NOTIFICATION_DETAILS,ANDROID,6.7.0,< 0 ms,168
2026-06-01,ISSUERS_LIST,ANDROID,6.7.0,< 0 ms,19
2026-06-01,ISSUED_DOCUMENT_DETAILS,ANDROID,6.7.0,< 0 ms,4
2026-06-01,DOCUMENTS_LIST,ANDROID,6.6.0,< 0 ms,5
2026-06-01,DOWNLOAD_SELF_SIGN_DOCUMENT,ANDROID,6.7.0,= 0 ms,1
2026-06-01,NOTIFICATIONS_LIST,ANDROID,6.7.0,= 0 ms,5567
2026-06-01,ISSUED_DOCUMENT_EVIDENCE,ANDROID,6.7.0,= 0 ms,1052
2026-06-01,ISSUED_DOCUMENT_DETAILS,ANDROID,6.6.2,= 0 ms,175
2026-06-01,ISSUERS_LIST,ANDROID,6.7.0,= 0 ms,4958
2026-06-01,QR_VERIFICATION,ANDROID,6.7.0,= 0 ms,61
2026-06-01,ISSUED_DOCUMENT_DETAILS,ANDROID,6.6.0,= 0 ms,372
2026-06-01,ISSUED_DOCUMENT_EVIDENCE,ANDROID,6.6.2,= 0 ms,169
2026-06-01,ISSUED_DOCUMENT_EVIDENCE,ANDROID,6.5.0,= 0 ms,30
2026-06-01,ISSUED_DOCUMENT_EVIDENCE,ANDROID,6.6.0,= 0 ms,317
2026-06-01,ISSUED_DOCUMENT_DETAILS,ANDROID,6.6.1,= 0 ms,11
2026-06-01,UPLOADED_DOCUMENT_EVIDENCE,ANDROID,6.7.0,= 0 ms,9
2026-06-01,SHARE_DOCUMENT,ANDROID,6.7.0,= 0 ms,8
2026-06-01,ISSUED_DOCUMENT_DETAILS,ANDROID,6.7.0,= 0 ms,416
2026-06-01,ISSUED_DOCUMENT_EVIDENCE,ANDROID,6.5.1,= 0 ms,62
2026-06-01,ISSUED_DOCUMENT_EVIDENCE,ANDROID,6.6.1,= 0 ms,11
2026-06-01,DOCUMENTS_LIST,ANDROID,6.6.1,= 0 ms,14
2026-06-01,ISSUED_DOCUMENT_DETAILS,ANDROID,6.5.0,= 0 ms,41
2026-06-01,DOCUMENTS_LIST,ANDROID,6.5.0,= 0 ms,32
2026-06-01,DOCUMENTS_LIST,ANDROID,6.5.1,= 0 ms,65
2026-06-01,DOWNLOAD_DOCUMENT,ANDROID,6.7.0,= 0 ms,11
2026-06-01,ACTIONABLE_NOTIFICATION_DETAILS,ANDROID,6.7.0,= 0 ms,8443
2026-06-01,DOCUMENTS_LIST,ANDROID,6.6.2,= 0 ms,252
2026-06-01,ISSUED_DOCUMENT_DETAILS,ANDROID,6.5.1,= 0 ms,70
2026-06-01,NON_ACTIONABLE_NOTIFICATION_DETAILS,ANDROID,6.7.0,= 0 ms,735
2026-06-01,DOCUMENTS_LIST,ANDROID,6.7.0,= 0 ms,11512
2026-06-01,DOCUMENTS_LIST,ANDROID,6.6.0,= 0 ms,420
2026-06-02,NON_ACTIONABLE_NOTIFICATION_DETAILS,ANDROID,6.7.0,1-50 ms,1
2026-06-02,NOTIFICATIONS_LIST,ANDROID,6.7.0,1-50 ms,7
2026-06-02,ACTIONABLE_NOTIFICATION_DETAILS,ANDROID,6.7.0,1-50 ms,8
2026-06-02,ISSUED_DOCUMENT_EVIDENCE,ANDROID,6.6.2,10000+ ms,294
2026-06-02,DOCUMENT_SELECTION_UPLOADED_LIST,ANDROID,6.7.0,10000+ ms,2
2026-06-02,DOCUMENTS_LIST,ANDROID,6.6.2,10000+ ms,208
2026-06-02,ISSUERS_LIST,ANDROID,6.7.0,10000+ ms,3833
2026-06-02,ISSUED_DOCUMENT_EVIDENCE,ANDROID,6.6.1,10000+ ms,23
2026-06-02,ISSUED_DOCUMENT_EVIDENCE,ANDROID,6.5.1,10000+ ms,106
2026-06-02,NOTIFICATIONS_LIST,ANDROID,6.7.0,10000+ ms,2705
2026-06-02,NON_ACTIONABLE_NOTIFICATION_DETAILS,ANDROID,6.7.0,10000+ ms,511
2026-06-02,DOCUMENTS_LIST,ANDROID,6.7.0,10000+ ms,3843
2026-06-02,DOWNLOAD_DOCUMENT,ANDROID,6.7.0,10000+ ms,95
2026-06-02,DOCUMENT_SELECTION_ISSUED_LIST,ANDROID,6.7.0,10000+ ms,17
2026-06-02,DOCUMENTS_LIST,ANDROID,6.5.1,10000+ ms,81
2026-06-02,ISSUED_DOCUMENT_DETAILS,ANDROID,6.6.2,10000+ ms,303
2026-06-02,ISSUED_DOCUMENT_DETAILS,ANDROID,6.5.0,10000+ ms,51
2026-06-02,DOWNLOAD_SELF_SIGN_DOCUMENT,ANDROID,6.7.0,10000+ ms,52
2026-06-02,QR_VERIFICATION,ANDROID,6.7.0,10000+ ms,628
2026-06-02,DOCUMENTS_LIST,ANDROID,6.6.0,10000+ ms,272
2026-06-02,ISSUED_DOCUMENT_DETAILS,ANDROID,6.7.0,10000+ ms,5539
2026-06-02,UPLOADED_DOCUMENT_EVIDENCE,ANDROID,6.7.0,10000+ ms,48
2026-06-02,ISSUED_DOCUMENT_DETAILS,ANDROID,6.6.0,10000+ ms,474
2026-06-02,DOCUMENTS_LIST,ANDROID,6.5.0,10000+ ms,30
2026-06-02,ISSUED_DOCUMENT_DETAILS,ANDROID,6.6.1,10000+ ms,16
2026-06-02,DOCUMENTS_LIST,ANDROID,6.6.1,10000+ ms,11
2026-06-02,ISSUED_DOCUMENT_EVIDENCE,ANDROID,6.5.0,10000+ ms,69
2026-06-02,ISSUED_DOCUMENT_EVIDENCE,ANDROID,6.6.0,10000+ ms,497
2026-06-02,ISSUED_DOCUMENT_EVIDENCE,ANDROID,6.7.0,10000+ ms,8725
2026-06-02,ISSUED_DOCUMENT_DETAILS,ANDROID,6.5.1,10000+ ms,106
2026-06-02,SHARE_DOCUMENT,ANDROID,6.7.0,10000+ ms,82
2026-06-02,ACTIONABLE_NOTIFICATION_DETAILS,ANDROID,6.7.0,10000+ ms,15398
2026-06-02,DOCUMENTS_LIST,ANDROID,6.5.0,1001-5000 ms,401
2026-06-02,ISSUED_DOCUMENT_EVIDENCE,ANDROID,6.5.1,1001-5000 ms,93
2026-06-02,DOCUMENTS_LIST,ANDROID,6.5.1,1001-5000 ms,859
2026-06-02,ISSUED_DOCUMENT_EVIDENCE,ANDROID,6.6.0,1001-5000 ms,427
2026-06-02,DOCUMENTS_LIST,ANDROID,6.6.0,1001-5000 ms,4311
2026-06-02,ISSUED_DOCUMENT_EVIDENCE,ANDROID,6.7.0,1001-5000 ms,18511
2026-06-02,ISSUED_DOCUMENT_DETAILS,ANDROID,6.6.0,1001-5000 ms,618
2026-06-02,ISSUED_DOCUMENT_DETAILS,ANDROID,6.7.0,1001-5000 ms,20405
2026-06-02,DOCUMENTS_LIST,ANDROID,6.7.0,1001-5000 ms,125226
2026-06-02,UPLOADED_DOCUMENT_EVIDENCE,ANDROID,6.7.0,1001-5000 ms,437
2026-06-02,QR_VERIFICATION,ANDROID,6.7.0,1001-5000 ms,3407
2026-06-02,NOTIFICATIONS_LIST,ANDROID,6.7.0,1001-5000 ms,19623
2026-06-02,NON_ACTIONABLE_NOTIFICATION_DETAILS,ANDROID,6.7.0,1001-5000 ms,9346
2026-06-02,DOWNLOAD_DOCUMENT,ANDROID,6.7.0,1001-5000 ms,546
2026-06-02,DOCUMENT_SELECTION_ISSUED_LIST,ANDROID,6.7.0,1001-5000 ms,27
2026-06-02,ISSUED_DOCUMENT_DETAILS,ANDROID,6.6.2,1001-5000 ms,401
2026-06-02,ISSUED_DOCUMENT_DETAILS,ANDROID,6.5.0,1001-5000 ms,63
2026-06-02,ISSUED_DOCUMENT_DETAILS,ANDROID,6.5.1,1001-5000 ms,166
2026-06-02,DOCUMENTS_LIST,ANDROID,6.6.1,1001-5000 ms,145
2026-06-02,SHARE_DOCUMENT,ANDROID,6.7.0,1001-5000 ms,347
2026-06-02,DOCUMENTS_LIST,ANDROID,6.6.2,1001-5000 ms,2485
2026-06-02,ACTIONABLE_NOTIFICATION_DETAILS,ANDROID,6.7.0,1001-5000 ms,10936
2026-06-02,ISSUERS_LIST,ANDROID,6.7.0,1001-5000 ms,48671
2026-06-02,ISSUED_DOCUMENT_EVIDENCE,ANDROID,6.5.0,1001-5000 ms,35
2026-06-02,DOWNLOAD_SELF_SIGN_DOCUMENT,ANDROID,6.7.0,1001-5000 ms,53
2026-06-02,ISSUED_DOCUMENT_DETAILS,ANDROID,6.6.1,1001-5000 ms,23
2026-06-02,ISSUED_DOCUMENT_EVIDENCE,ANDROID,6.6.2,1001-5000 ms,264
2026-06-02,ISSUED_DOCUMENT_EVIDENCE,ANDROID,6.6.1,1001-5000 ms,21
2026-06-02,ISSUERS_LIST,ANDROID,6.7.0,101-500 ms,35
2026-06-02,DOCUMENT_SELECTION_UPLOADED_LIST,ANDROID,6.7.0,101-500 ms,4
2026-06-02,NOTIFICATIONS_LIST,ANDROID,6.7.0,101-500 ms,83109
2026-06-02,ISSUED_DOCUMENT_EVIDENCE,ANDROID,6.7.0,101-500 ms,165
2026-06-02,ISSUED_DOCUMENT_DETAILS,ANDROID,6.6.0,101-500 ms,34
2026-06-02,DOCUMENT_SELECTION_ISSUED_LIST,ANDROID,6.7.0,101-500 ms,4
2026-06-02,DOWNLOAD_SELF_SIGN_DOCUMENT,ANDROID,6.7.0,101-500 ms,54
2026-06-02,NON_ACTIONABLE_NOTIFICATION_DETAILS,ANDROID,6.7.0,101-500 ms,72836
2026-06-02,DOCUMENTS_LIST,ANDROID,6.7.0,101-500 ms,90
2026-06-02,ACTIONABLE_NOTIFICATION_DETAILS,ANDROID,6.7.0,101-500 ms,63
2026-06-02,ISSUED_DOCUMENT_EVIDENCE,ANDROID,6.6.0,101-500 ms,5
2026-06-02,ISSUED_DOCUMENT_DETAILS,ANDROID,6.6.2,101-500 ms,26
2026-06-02,DOCUMENTS_LIST,ANDROID,6.6.0,101-500 ms,2
2026-06-02,ISSUED_DOCUMENT_DETAILS,ANDROID,6.5.0,101-500 ms,5
2026-06-02,ISSUED_DOCUMENT_DETAILS,ANDROID,6.6.1,101-500 ms,3
2026-06-02,ISSUED_DOCUMENT_DETAILS,ANDROID,6.5.1,101-500 ms,8
2026-06-02,ISSUED_DOCUMENT_EVIDENCE,ANDROID,6.6.2,101-500 ms,1
2026-06-02,DOWNLOAD_DOCUMENT,ANDROID,6.7.0,101-500 ms,7
2026-06-02,SHARE_DOCUMENT,ANDROID,6.7.0,101-500 ms,5
2026-06-02,UPLOADED_DOCUMENT_EVIDENCE,ANDROID,6.7.0,101-500 ms,240
2026-06-02,QR_VERIFICATION,ANDROID,6.7.0,101-500 ms,469
2026-06-02,ISSUED_DOCUMENT_DETAILS,ANDROID,6.7.0,101-500 ms,3526
2026-06-02,UPLOADED_DOCUMENT_EVIDENCE,ANDROID,6.7.0,5001-10000 ms,54
2026-06-02,ISSUED_DOCUMENT_EVIDENCE,ANDROID,6.6.1,5001-10000 ms,6
2026-06-02,QR_VERIFICATION,ANDROID,6.7.0,5001-10000 ms,261
2026-06-02,ISSUED_DOCUMENT_DETAILS,ANDROID,6.6.1,5001-10000 ms,2
2026-06-02,ISSUED_DOCUMENT_EVIDENCE,ANDROID,6.5.1,5001-10000 ms,53
2026-06-02,DOCUMENT_SELECTION_ISSUED_LIST,ANDROID,6.7.0,5001-10000 ms,2
2026-06-02,ISSUED_DOCUMENT_EVIDENCE,ANDROID,6.6.2,5001-10000 ms,160
2026-06-02,NON_ACTIONABLE_NOTIFICATION_DETAILS,ANDROID,6.7.0,5001-10000 ms,612
2026-06-02,ISSUED_DOCUMENT_EVIDENCE,ANDROID,6.5.0,5001-10000 ms,32
2026-06-02,DOWNLOAD_SELF_SIGN_DOCUMENT,ANDROID,6.7.0,5001-10000 ms,9
2026-06-02,DOCUMENTS_LIST,ANDROID,6.6.0,5001-10000 ms,646
2026-06-02,NOTIFICATIONS_LIST,ANDROID,6.7.0,5001-10000 ms,2281
2026-06-02,SHARE_DOCUMENT,ANDROID,6.7.0,5001-10000 ms,44
2026-06-02,DOCUMENTS_LIST,ANDROID,6.6.2,5001-10000 ms,435
2026-06-02,ISSUED_DOCUMENT_DETAILS,ANDROID,6.5.0,5001-10000 ms,6
2026-06-02,ISSUED_DOCUMENT_DETAILS,ANDROID,6.5.1,5001-10000 ms,15
2026-06-02,ISSUED_DOCUMENT_DETAILS,ANDROID,6.7.0,5001-10000 ms,2042
2026-06-02,ISSUERS_LIST,ANDROID,6.7.0,5001-10000 ms,8395
2026-06-02,DOCUMENTS_LIST,ANDROID,6.7.0,5001-10000 ms,7660
2026-06-02,ISSUED_DOCUMENT_EVIDENCE,ANDROID,6.7.0,5001-10000 ms,9351
2026-06-02,ACTIONABLE_NOTIFICATION_DETAILS,ANDROID,6.7.0,5001-10000 ms,5801
2026-06-02,DOWNLOAD_DOCUMENT,ANDROID,6.7.0,5001-10000 ms,62
2026-06-02,ISSUED_DOCUMENT_DETAILS,ANDROID,6.6.0,5001-10000 ms,70
2026-06-02,DOCUMENTS_LIST,ANDROID,6.5.1,5001-10000 ms,129
2026-06-02,DOCUMENTS_LIST,ANDROID,6.5.0,5001-10000 ms,48
2026-06-02,ISSUED_DOCUMENT_DETAILS,ANDROID,6.6.2,5001-10000 ms,33
2026-06-02,DOCUMENTS_LIST,ANDROID,6.6.1,5001-10000 ms,22
2026-06-02,ISSUED_DOCUMENT_EVIDENCE,ANDROID,6.6.0,5001-10000 ms,255
2026-06-02,DOWNLOAD_DOCUMENT,ANDROID,6.7.0,501-1000 ms,29
2026-06-02,ISSUED_DOCUMENT_EVIDENCE,ANDROID,6.6.0,501-1000 ms,10
2026-06-02,NON_ACTIONABLE_NOTIFICATION_DETAILS,ANDROID,6.7.0,501-1000 ms,18616
2026-06-02,UPLOADED_DOCUMENT_EVIDENCE,ANDROID,6.7.0,501-1000 ms,408
2026-06-02,ISSUED_DOCUMENT_DETAILS,ANDROID,6.5.1,501-1000 ms,66
2026-06-02,ISSUED_DOCUMENT_DETAILS,ANDROID,6.6.2,501-1000 ms,205
2026-06-02,ISSUED_DOCUMENT_DETAILS,ANDROID,6.6.1,501-1000 ms,17
2026-06-02,SHARE_DOCUMENT,ANDROID,6.7.0,501-1000 ms,17
2026-06-02,DOCUMENTS_LIST,ANDROID,6.7.0,501-1000 ms,26
2026-06-02,NOTIFICATIONS_LIST,ANDROID,6.7.0,501-1000 ms,19264
2026-06-02,ACTIONABLE_NOTIFICATION_DETAILS,ANDROID,6.7.0,501-1000 ms,38
2026-06-02,DOCUMENT_SELECTION_ISSUED_LIST,ANDROID,6.7.0,501-1000 ms,15
2026-06-02,ISSUED_DOCUMENT_DETAILS,ANDROID,6.7.0,501-1000 ms,19786
2026-06-02,ISSUED_DOCUMENT_EVIDENCE,ANDROID,6.7.0,501-1000 ms,927
2026-06-02,ISSUED_DOCUMENT_DETAILS,ANDROID,6.6.0,501-1000 ms,365
2026-06-02,ISSUERS_LIST,ANDROID,6.7.0,501-1000 ms,7
2026-06-02,ISSUED_DOCUMENT_EVIDENCE,ANDROID,6.6.1,501-1000 ms,1
2026-06-02,DOWNLOAD_SELF_SIGN_DOCUMENT,ANDROID,6.7.0,501-1000 ms,70
2026-06-02,ISSUED_DOCUMENT_DETAILS,ANDROID,6.5.0,501-1000 ms,35
2026-06-02,ISSUED_DOCUMENT_EVIDENCE,ANDROID,6.5.1,501-1000 ms,3
2026-06-02,QR_VERIFICATION,ANDROID,6.7.0,501-1000 ms,3441
2026-06-02,ISSUED_DOCUMENT_EVIDENCE,ANDROID,6.6.2,501-1000 ms,9
2026-06-02,ISSUERS_LIST,ANDROID,6.7.0,51-100 ms,1
2026-06-02,NON_ACTIONABLE_NOTIFICATION_DETAILS,ANDROID,6.7.0,51-100 ms,31
2026-06-02,DOCUMENTS_LIST,ANDROID,6.7.0,51-100 ms,3
2026-06-02,NOTIFICATIONS_LIST,ANDROID,6.7.0,51-100 ms,2316
2026-06-02,ACTIONABLE_NOTIFICATION_DETAILS,ANDROID,6.7.0,51-100 ms,11
2026-06-02,DOCUMENTS_LIST,ANDROID,6.6.2,< 0 ms,7
2026-06-02,DOCUMENTS_LIST,ANDROID,6.5.0,< 0 ms,1
2026-06-02,ISSUED_DOCUMENT_EVIDENCE,ANDROID,6.7.0,< 0 ms,3
2026-06-02,ACTIONABLE_NOTIFICATION_DETAILS,ANDROID,6.7.0,< 0 ms,145
2026-06-02,NON_ACTIONABLE_NOTIFICATION_DETAILS,ANDROID,6.7.0,< 0 ms,1
2026-06-02,DOCUMENTS_LIST,ANDROID,6.5.1,< 0 ms,1
2026-06-02,DOCUMENTS_LIST,ANDROID,6.6.0,< 0 ms,8
2026-06-02,DOCUMENTS_LIST,ANDROID,6.6.1,< 0 ms,1
2026-06-02,ISSUERS_LIST,ANDROID,6.7.0,< 0 ms,24
2026-06-02,DOCUMENTS_LIST,ANDROID,6.7.0,< 0 ms,178
2026-06-02,ISSUED_DOCUMENT_EVIDENCE,ANDROID,6.5.0,= 0 ms,28
2026-06-02,NON_ACTIONABLE_NOTIFICATION_DETAILS,ANDROID,NA,= 0 ms,4
2026-06-02,QR_VERIFICATION,ANDROID,6.7.0,= 0 ms,78
2026-06-02,ISSUED_DOCUMENT_DETAILS,ANDROID,6.6.1,= 0 ms,8
2026-06-02,ISSUED_DOCUMENT_DETAILS,ANDROID,6.6.2,= 0 ms,171
2026-06-02,UPLOADED_DOCUMENT_EVIDENCE,ANDROID,6.7.0,= 0 ms,28
2026-06-02,DOCUMENTS_LIST,ANDROID,6.5.0,= 0 ms,30
2026-06-02,NOTIFICATIONS_LIST,ANDROID,NA,= 0 ms,11
2026-06-02,NOTIFICATIONS_LIST,ANDROID,6.7.0,= 0 ms,6951
2026-06-02,ACTIONABLE_NOTIFICATION_DETAILS,ANDROID,6.7.0,= 0 ms,6974
2026-06-02,ISSUED_DOCUMENT_EVIDENCE,ANDROID,6.6.2,= 0 ms,163
2026-06-02,DOCUMENTS_LIST,ANDROID,6.6.1,= 0 ms,13
2026-06-02,ISSUERS_LIST,ANDROID,NA,= 0 ms,4
2026-06-02,DOCUMENTS_LIST,ANDROID,6.6.0,= 0 ms,435
2026-06-02,ISSUED_DOCUMENT_DETAILS,ANDROID,6.5.1,= 0 ms,60
2026-06-02,ISSUED_DOCUMENT_DETAILS,ANDROID,6.5.0,= 0 ms,36
2026-06-02,DOWNLOAD_SELF_SIGN_DOCUMENT,ANDROID,6.7.0,= 0 ms,3
2026-06-02,ISSUED_DOCUMENT_EVIDENCE,ANDROID,6.7.0,= 0 ms,1218
2026-06-02,ACTIONABLE_NOTIFICATION_DETAILS,ANDROID,NA,= 0 ms,2
2026-06-02,ISSUED_DOCUMENT_DETAILS,ANDROID,NA,= 0 ms,3
2026-06-02,DOCUMENTS_LIST,ANDROID,NA,= 0 ms,9
2026-06-02,DOCUMENTS_LIST,ANDROID,6.6.2,= 0 ms,247
2026-06-02,ISSUED_DOCUMENT_EVIDENCE,ANDROID,6.6.1,= 0 ms,10
2026-06-02,ISSUED_DOCUMENT_DETAILS,ANDROID,6.7.0,= 0 ms,596
2026-06-02,ISSUED_DOCUMENT_EVIDENCE,ANDROID,6.5.1,= 0 ms,62
2026-06-02,NON_ACTIONABLE_NOTIFICATION_DETAILS,ANDROID,6.7.0,= 0 ms,789
2026-06-02,DOCUMENTS_LIST,ANDROID,6.7.0,= 0 ms,13516
2026-06-02,DOWNLOAD_DOCUMENT,ANDROID,6.7.0,= 0 ms,15
2026-06-02,SHARE_DOCUMENT,ANDROID,6.7.0,= 0 ms,7
2026-06-02,DOCUMENTS_LIST,ANDROID,6.5.1,= 0 ms,65
2026-06-02,ISSUERS_LIST,ANDROID,6.7.0,= 0 ms,5074
2026-06-02,ISSUED_DOCUMENT_EVIDENCE,ANDROID,6.6.0,= 0 ms,289
2026-06-02,ISSUED_DOCUMENT_DETAILS,ANDROID,6.6.0,= 0 ms,360
2026-06-03,NOTIFICATIONS_LIST,ANDROID,6.7.0,1-50 ms,5
2026-06-03,ACTIONABLE_NOTIFICATION_DETAILS,ANDROID,6.7.0,1-50 ms,9
2026-06-03,UPLOADED_DOCUMENT_EVIDENCE,ANDROID,6.7.0,10000+ ms,56
2026-06-03,ISSUED_DOCUMENT_EVIDENCE,ANDROID,6.6.0,10000+ ms,445
2026-06-03,ISSUED_DOCUMENT_EVIDENCE,ANDROID,6.5.1,10000+ ms,84
2026-06-03,DOCUMENTS_LIST,ANDROID,6.6.1,10000+ ms,10
2026-06-03,ACTIONABLE_NOTIFICATION_DETAILS,ANDROID,6.7.0,10000+ ms,3977
2026-06-03,QR_VERIFICATION,ANDROID,6.7.0,10000+ ms,523
2026-06-03,ISSUED_DOCUMENT_DETAILS,ANDROID,6.6.2,10000+ ms,233
2026-06-03,DOCUMENTS_LIST,ANDROID,6.5.0,10000+ ms,28
2026-06-03,DOCUMENTS_LIST,ANDROID,6.6.2,10000+ ms,178
2026-06-03,DOCUMENTS_LIST,ANDROID,6.5.1,10000+ ms,61
2026-06-03,SHARE_DOCUMENT,ANDROID,6.7.0,10000+ ms,65
2026-06-03,ISSUED_DOCUMENT_EVIDENCE,ANDROID,6.6.2,10000+ ms,245
2026-06-03,ISSUED_DOCUMENT_DETAILS,ANDROID,6.7.0,10000+ ms,3584
2026-06-03,NOTIFICATIONS_LIST,ANDROID,6.7.0,10000+ ms,2128
2026-06-03,DOCUMENTS_LIST,ANDROID,6.6.0,10000+ ms,302
2026-06-03,ISSUED_DOCUMENT_EVIDENCE,ANDROID,6.5.0,10000+ ms,51
2026-06-03,DOCUMENT_SELECTION_ISSUED_LIST,ANDROID,6.7.0,10000+ ms,19
2026-06-03,ISSUED_DOCUMENT_DETAILS,ANDROID,6.6.0,10000+ ms,411
2026-06-03,DOWNLOAD_SELF_SIGN_DOCUMENT,ANDROID,6.7.0,10000+ ms,34
2026-06-03,NON_ACTIONABLE_NOTIFICATION_DETAILS,ANDROID,6.7.0,10000+ ms,409
2026-06-03,ISSUED_DOCUMENT_DETAILS,ANDROID,6.5.1,10000+ ms,87
2026-06-03,DOWNLOAD_DOCUMENT,ANDROID,6.7.0,10000+ ms,70
2026-06-03,ISSUED_DOCUMENT_DETAILS,ANDROID,6.6.1,10000+ ms,12
2026-06-03,ISSUED_DOCUMENT_EVIDENCE,ANDROID,6.7.0,10000+ ms,6733
2026-06-03,DOCUMENTS_LIST,ANDROID,6.7.0,10000+ ms,2840
2026-06-03,ISSUED_DOCUMENT_DETAILS,ANDROID,6.5.0,10000+ ms,55
2026-06-03,ISSUED_DOCUMENT_EVIDENCE,ANDROID,6.6.1,10000+ ms,11
2026-06-03,DOCUMENT_SELECTION_UPLOADED_LIST,ANDROID,6.7.0,10000+ ms,3
2026-06-03,ISSUERS_LIST,ANDROID,6.7.0,10000+ ms,3317
2026-06-03,DOCUMENTS_LIST,ANDROID,6.5.0,1001-5000 ms,438
2026-06-03,ISSUED_DOCUMENT_DETAILS,ANDROID,6.5.1,1001-5000 ms,97
2026-06-03,DOCUMENT_SELECTION_ISSUED_LIST,ANDROID,6.7.0,1001-5000 ms,24
2026-06-03,DOCUMENTS_LIST,ANDROID,6.7.0,1001-5000 ms,128991
2026-06-03,DOCUMENTS_LIST,ANDROID,6.6.2,1001-5000 ms,2533
2026-06-03,DOCUMENTS_LIST,ANDROID,6.6.1,1001-5000 ms,157
2026-06-03,UPLOADED_DOCUMENT_EVIDENCE,ANDROID,6.7.0,1001-5000 ms,367
2026-06-03,NOTIFICATIONS_LIST,ANDROID,6.7.0,1001-5000 ms,17201
2026-06-03,DOCUMENTS_LIST,ANDROID,6.6.0,1001-5000 ms,4641
2026-06-03,NON_ACTIONABLE_NOTIFICATION_DETAILS,ANDROID,6.7.0,1001-5000 ms,7978
2026-06-03,ISSUED_DOCUMENT_EVIDENCE,ANDROID,6.6.0,1001-5000 ms,416
2026-06-03,ISSUED_DOCUMENT_DETAILS,ANDROID,6.7.0,1001-5000 ms,15705
2026-06-03,ISSUED_DOCUMENT_DETAILS,ANDROID,6.6.0,1001-5000 ms,513
2026-06-03,ISSUED_DOCUMENT_EVIDENCE,ANDROID,6.5.0,1001-5000 ms,34
2026-06-03,DOWNLOAD_DOCUMENT,ANDROID,6.7.0,1001-5000 ms,527
2026-06-03,ISSUED_DOCUMENT_EVIDENCE,ANDROID,6.5.1,1001-5000 ms,84
2026-06-03,QR_VERIFICATION,ANDROID,6.7.0,1001-5000 ms,2383
2026-06-03,ISSUED_DOCUMENT_EVIDENCE,ANDROID,6.6.2,1001-5000 ms,260
2026-06-03,DOCUMENTS_LIST,ANDROID,6.5.1,1001-5000 ms,845
2026-06-03,ISSUED_DOCUMENT_DETAILS,ANDROID,6.5.0,1001-5000 ms,64
2026-06-03,ISSUED_DOCUMENT_DETAILS,ANDROID,6.6.1,1001-5000 ms,14
2026-06-03,ISSUED_DOCUMENT_EVIDENCE,ANDROID,6.6.1,1001-5000 ms,19
2026-06-03,ACTIONABLE_NOTIFICATION_DETAILS,ANDROID,6.7.0,1001-5000 ms,23585
2026-06-03,ISSUERS_LIST,ANDROID,6.7.0,1001-5000 ms,58901
2026-06-03,ISSUED_DOCUMENT_EVIDENCE,ANDROID,6.7.0,1001-5000 ms,18327
2026-06-03,ISSUED_DOCUMENT_DETAILS,ANDROID,6.6.2,1001-5000 ms,342
2026-06-03,SHARE_DOCUMENT,ANDROID,6.7.0,1001-5000 ms,361
2026-06-03,DOWNLOAD_SELF_SIGN_DOCUMENT,ANDROID,6.7.0,1001-5000 ms,60
2026-06-03,ISSUED_DOCUMENT_EVIDENCE,ANDROID,6.6.0,101-500 ms,2
2026-06-03,ISSUED_DOCUMENT_DETAILS,ANDROID,6.5.0,101-500 ms,7
2026-06-03,ISSUERS_LIST,ANDROID,6.7.0,101-500 ms,15
2026-06-03,ACTIONABLE_NOTIFICATION_DETAILS,ANDROID,6.7.0,101-500 ms,71
2026-06-03,ISSUED_DOCUMENT_DETAILS,ANDROID,6.6.0,101-500 ms,50
2026-06-03,NOTIFICATIONS_LIST,ANDROID,6.7.0,101-500 ms,89847
2026-06-03,DOCUMENTS_LIST,ANDROID,6.6.1,101-500 ms,1
2026-06-03,ISSUED_DOCUMENT_EVIDENCE,ANDROID,6.7.0,101-500 ms,336
2026-06-03,NON_ACTIONABLE_NOTIFICATION_DETAILS,ANDROID,6.7.0,101-500 ms,81053
2026-06-03,DOCUMENTS_LIST,ANDROID,6.6.0,101-500 ms,1
2026-06-03,ISSUED_DOCUMENT_DETAILS,ANDROID,6.6.1,101-500 ms,4
2026-06-03,ISSUED_DOCUMENT_DETAILS,ANDROID,6.5.1,101-500 ms,10
2026-06-03,ISSUED_DOCUMENT_EVIDENCE,ANDROID,6.5.1,101-500 ms,4
2026-06-03,DOCUMENTS_LIST,ANDROID,6.6.2,101-500 ms,2
2026-06-03,ISSUED_DOCUMENT_DETAILS,ANDROID,6.6.2,101-500 ms,35
2026-06-03,ISSUED_DOCUMENT_EVIDENCE,ANDROID,6.6.2,101-500 ms,2
2026-06-03,DOCUMENTS_LIST,ANDROID,6.7.0,101-500 ms,106
2026-06-03,DOCUMENT_SELECTION_UPLOADED_LIST,ANDROID,6.7.0,101-500 ms,8
2026-06-03,SHARE_DOCUMENT,ANDROID,6.7.0,101-500 ms,2
2026-06-03,UPLOADED_DOCUMENT_EVIDENCE,ANDROID,6.7.0,101-500 ms,298
2026-06-03,ISSUED_DOCUMENT_DETAILS,ANDROID,6.7.0,101-500 ms,4448
2026-06-03,ISSUED_DOCUMENT_EVIDENCE,ANDROID,6.5.0,101-500 ms,1
2026-06-03,DOWNLOAD_DOCUMENT,ANDROID,6.7.0,101-500 ms,2
2026-06-03,DOWNLOAD_SELF_SIGN_DOCUMENT,ANDROID,6.7.0,101-500 ms,74
2026-06-03,QR_VERIFICATION,ANDROID,6.7.0,101-500 ms,670
2026-06-03,DOCUMENT_SELECTION_ISSUED_LIST,ANDROID,6.7.0,101-500 ms,3
2026-06-03,ISSUED_DOCUMENT_DETAILS,ANDROID,6.5.0,5001-10000 ms,9
2026-06-03,SHARE_DOCUMENT,ANDROID,6.7.0,5001-10000 ms,48
2026-06-03,ISSUERS_LIST,ANDROID,6.7.0,5001-10000 ms,1618
2026-06-03,ISSUED_DOCUMENT_DETAILS,ANDROID,6.6.2,5001-10000 ms,33
2026-06-03,ISSUED_DOCUMENT_DETAILS,ANDROID,6.6.1,5001-10000 ms,2
2026-06-03,DOCUMENTS_LIST,ANDROID,6.5.1,5001-10000 ms,82
2026-06-03,ISSUED_DOCUMENT_EVIDENCE,ANDROID,6.6.1,5001-10000 ms,6
2026-06-03,UPLOADED_DOCUMENT_EVIDENCE,ANDROID,6.7.0,5001-10000 ms,44
2026-06-03,ISSUED_DOCUMENT_EVIDENCE,ANDROID,6.5.0,5001-10000 ms,31
2026-06-03,NON_ACTIONABLE_NOTIFICATION_DETAILS,ANDROID,6.7.0,5001-10000 ms,461
2026-06-03,DOWNLOAD_SELF_SIGN_DOCUMENT,ANDROID,6.7.0,5001-10000 ms,22
2026-06-03,ACTIONABLE_NOTIFICATION_DETAILS,ANDROID,6.7.0,5001-10000 ms,4864
2026-06-03,DOCUMENT_SELECTION_ISSUED_LIST,ANDROID,6.7.0,5001-10000 ms,4
2026-06-03,DOCUMENTS_LIST,ANDROID,6.5.0,5001-10000 ms,37
2026-06-03,ISSUED_DOCUMENT_EVIDENCE,ANDROID,6.6.2,5001-10000 ms,146
2026-06-03,ISSUED_DOCUMENT_EVIDENCE,ANDROID,6.6.0,5001-10000 ms,241
2026-06-03,DOCUMENTS_LIST,ANDROID,6.6.0,5001-10000 ms,389
2026-06-03,DOCUMENTS_LIST,ANDROID,6.7.0,5001-10000 ms,4826
2026-06-03,ISSUED_DOCUMENT_DETAILS,ANDROID,6.5.1,5001-10000 ms,7
2026-06-03,DOCUMENTS_LIST,ANDROID,6.6.1,5001-10000 ms,13
2026-06-03,ISSUED_DOCUMENT_DETAILS,ANDROID,6.6.0,5001-10000 ms,53
2026-06-03,DOCUMENTS_LIST,ANDROID,6.6.2,5001-10000 ms,272
2026-06-03,ISSUED_DOCUMENT_DETAILS,ANDROID,6.7.0,5001-10000 ms,1469
2026-06-03,ISSUED_DOCUMENT_EVIDENCE,ANDROID,6.5.1,5001-10000 ms,37
2026-06-03,QR_VERIFICATION,ANDROID,6.7.0,5001-10000 ms,144
2026-06-03,DOWNLOAD_DOCUMENT,ANDROID,6.7.0,5001-10000 ms,72
2026-06-03,NOTIFICATIONS_LIST,ANDROID,6.7.0,5001-10000 ms,1739
2026-06-03,ISSUED_DOCUMENT_EVIDENCE,ANDROID,6.7.0,5001-10000 ms,8356
2026-06-03,NON_ACTIONABLE_NOTIFICATION_DETAILS,ANDROID,6.7.0,501-1000 ms,12570
2026-06-03,ISSUED_DOCUMENT_DETAILS,ANDROID,6.5.1,501-1000 ms,102
2026-06-03,UPLOADED_DOCUMENT_EVIDENCE,ANDROID,6.7.0,501-1000 ms,428
2026-06-03,QR_VERIFICATION,ANDROID,6.7.0,501-1000 ms,4003
2026-06-03,NOTIFICATIONS_LIST,ANDROID,6.7.0,501-1000 ms,14834
2026-06-03,ACTIONABLE_NOTIFICATION_DETAILS,ANDROID,6.7.0,501-1000 ms,27
2026-06-03,DOCUMENT_SELECTION_ISSUED_LIST,ANDROID,6.7.0,501-1000 ms,22
2026-06-03,ISSUED_DOCUMENT_DETAILS,ANDROID,6.5.0,501-1000 ms,42
2026-06-03,ISSUED_DOCUMENT_EVIDENCE,ANDROID,6.6.0,501-1000 ms,11
2026-06-03,ISSUED_DOCUMENT_DETAILS,ANDROID,6.6.1,501-1000 ms,20
2026-06-03,ISSUED_DOCUMENT_EVIDENCE,ANDROID,6.6.2,501-1000 ms,6
2026-06-03,ISSUED_DOCUMENT_EVIDENCE,ANDROID,6.5.1,501-1000 ms,4
2026-06-03,ISSUED_DOCUMENT_DETAILS,ANDROID,6.7.0,501-1000 ms,23740
2026-06-03,ISSUED_DOCUMENT_DETAILS,ANDROID,6.6.0,501-1000 ms,479
2026-06-03,DOCUMENTS_LIST,ANDROID,6.7.0,501-1000 ms,28
2026-06-03,ISSUERS_LIST,ANDROID,6.7.0,501-1000 ms,9
2026-06-03,DOCUMENT_SELECTION_UPLOADED_LIST,ANDROID,6.7.0,501-1000 ms,1
2026-06-03,ISSUED_DOCUMENT_EVIDENCE,ANDROID,6.7.0,501-1000 ms,742
2026-06-03,ISSUED_DOCUMENT_DETAILS,ANDROID,6.6.2,501-1000 ms,267
2026-06-03,SHARE_DOCUMENT,ANDROID,6.7.0,501-1000 ms,30
2026-06-03,DOWNLOAD_DOCUMENT,ANDROID,6.7.0,501-1000 ms,37
2026-06-03,DOWNLOAD_SELF_SIGN_DOCUMENT,ANDROID,6.7.0,501-1000 ms,49
2026-06-03,NOTIFICATIONS_LIST,ANDROID,6.7.0,51-100 ms,3148
2026-06-03,DOCUMENTS_LIST,ANDROID,6.6.0,51-100 ms,1
2026-06-03,NON_ACTIONABLE_NOTIFICATION_DETAILS,ANDROID,6.7.0,51-100 ms,133
2026-06-03,ISSUERS_LIST,ANDROID,6.7.0,51-100 ms,2
2026-06-03,DOCUMENTS_LIST,ANDROID,6.7.0,51-100 ms,4
2026-06-03,QR_VERIFICATION,ANDROID,6.7.0,51-100 ms,1
2026-06-03,ISSUED_DOCUMENT_DETAILS,ANDROID,6.7.0,51-100 ms,1
2026-06-03,ACTIONABLE_NOTIFICATION_DETAILS,ANDROID,6.7.0,51-100 ms,11
2026-06-03,DOCUMENTS_LIST,ANDROID,6.7.0,< 0 ms,144
2026-06-03,ISSUED_DOCUMENT_EVIDENCE,ANDROID,6.7.0,< 0 ms,1
2026-06-03,ACTIONABLE_NOTIFICATION_DETAILS,ANDROID,6.7.0,< 0 ms,110
2026-06-03,QR_VERIFICATION,ANDROID,6.7.0,< 0 ms,2
2026-06-03,DOCUMENTS_LIST,ANDROID,6.5.1,< 0 ms,2
2026-06-03,DOCUMENTS_LIST,ANDROID,6.6.0,< 0 ms,4
2026-06-03,ISSUERS_LIST,ANDROID,6.7.0,< 0 ms,13
2026-06-03,NON_ACTIONABLE_NOTIFICATION_DETAILS,ANDROID,6.7.0,< 0 ms,3
2026-06-03,DOCUMENTS_LIST,ANDROID,6.6.2,< 0 ms,4
2026-06-03,ISSUED_DOCUMENT_DETAILS,ANDROID,6.6.1,= 0 ms,8
2026-06-03,ISSUED_DOCUMENT_EVIDENCE,ANDROID,6.6.1,= 0 ms,9
2026-06-03,DOCUMENTS_LIST,ANDROID,6.5.1,= 0 ms,58
2026-06-03,ISSUED_DOCUMENT_EVIDENCE,ANDROID,6.5.0,= 0 ms,31
2026-06-03,NON_ACTIONABLE_NOTIFICATION_DETAILS,ANDROID,6.7.0,= 0 ms,615
2026-06-03,ACTIONABLE_NOTIFICATION_DETAILS,ANDROID,6.7.0,= 0 ms,3611
2026-06-03,ISSUED_DOCUMENT_EVIDENCE,ANDROID,6.6.0,= 0 ms,245
2026-06-03,ISSUED_DOCUMENT_EVIDENCE,ANDROID,6.5.1,= 0 ms,40
2026-06-03,DOCUMENTS_LIST,ANDROID,6.6.1,= 0 ms,5
2026-06-03,DOCUMENTS_LIST,ANDROID,6.5.0,= 0 ms,34
2026-06-03,DOCUMENTS_LIST,ANDROID,6.6.0,= 0 ms,365
2026-06-03,ISSUED_DOCUMENT_DETAILS,ANDROID,6.6.2,= 0 ms,135
2026-06-03,DOWNLOAD_SELF_SIGN_DOCUMENT,ANDROID,6.7.0,= 0 ms,1
2026-06-03,QR_VERIFICATION,ANDROID,6.7.0,= 0 ms,41
2026-06-03,ISSUED_DOCUMENT_DETAILS,ANDROID,6.6.0,= 0 ms,277
2026-06-03,SHARE_DOCUMENT,ANDROID,6.7.0,= 0 ms,3
2026-06-03,ISSUED_DOCUMENT_DETAILS,ANDROID,6.5.0,= 0 ms,22
2026-06-03,UPLOADED_DOCUMENT_EVIDENCE,ANDROID,6.7.0,= 0 ms,13
2026-06-03,DOWNLOAD_DOCUMENT,ANDROID,6.7.0,= 0 ms,6
2026-06-03,DOCUMENTS_LIST,ANDROID,6.6.2,= 0 ms,198
2026-06-03,ISSUERS_LIST,ANDROID,6.7.0,= 0 ms,3261
2026-06-03,DOCUMENTS_LIST,ANDROID,6.7.0,= 0 ms,11291
2026-06-03,ISSUED_DOCUMENT_DETAILS,ANDROID,6.5.1,= 0 ms,54
2026-06-03,ISSUED_DOCUMENT_EVIDENCE,ANDROID,6.6.2,= 0 ms,128
2026-06-03,ISSUED_DOCUMENT_EVIDENCE,ANDROID,6.7.0,= 0 ms,922
2026-06-03,NOTIFICATIONS_LIST,ANDROID,6.7.0,= 0 ms,5018
2026-06-03,ISSUED_DOCUMENT_DETAILS,ANDROID,6.7.0,= 0 ms,358
2026-06-04,ACTIONABLE_NOTIFICATION_DETAILS,ANDROID,6.7.0,1-50 ms,6
2026-06-04,NOTIFICATIONS_LIST,ANDROID,6.7.0,1-50 ms,10
2026-06-04,ISSUED_DOCUMENT_EVIDENCE,ANDROID,6.6.2,10000+ ms,225
2026-06-04,ACTIONABLE_NOTIFICATION_DETAILS,ANDROID,6.7.0,10000+ ms,4121
2026-06-04,DOCUMENTS_LIST,ANDROID,6.5.1,10000+ ms,56
2026-06-04,DOCUMENTS_LIST,ANDROID,6.6.0,10000+ ms,264
2026-06-04,DOCUMENTS_LIST,ANDROID,6.6.2,10000+ ms,149
2026-06-04,QR_VERIFICATION,ANDROID,6.7.0,10000+ ms,497
2026-06-04,DOCUMENTS_LIST,ANDROID,6.7.0,10000+ ms,2824
2026-06-04,ISSUERS_LIST,ANDROID,6.7.0,10000+ ms,3549
2026-06-04,ISSUED_DOCUMENT_DETAILS,ANDROID,6.5.0,10000+ ms,31
2026-06-04,SHARE_DOCUMENT,ANDROID,6.7.0,10000+ ms,86
2026-06-04,ISSUED_DOCUMENT_EVIDENCE,ANDROID,6.5.0,10000+ ms,37
2026-06-04,NOTIFICATIONS_LIST,ANDROID,6.7.0,10000+ ms,2050
2026-06-04,NON_ACTIONABLE_NOTIFICATION_DETAILS,ANDROID,6.7.0,10000+ ms,413
2026-06-04,ISSUED_DOCUMENT_EVIDENCE,ANDROID,6.7.0,10000+ ms,6623
2026-06-04,UPLOADED_DOCUMENT_EVIDENCE,ANDROID,6.7.0,10000+ ms,40
2026-06-04,ISSUED_DOCUMENT_EVIDENCE,ANDROID,6.6.0,10000+ ms,386
2026-06-04,DOWNLOAD_SELF_SIGN_DOCUMENT,ANDROID,6.7.0,10000+ ms,48
2026-06-04,ISSUED_DOCUMENT_DETAILS,ANDROID,6.7.0,10000+ ms,3017
2026-06-04,DOCUMENTS_LIST,ANDROID,6.5.0,10000+ ms,22
2026-06-04,DOCUMENT_SELECTION_ISSUED_LIST,ANDROID,6.7.0,10000+ ms,22
2026-06-04,DOWNLOAD_DOCUMENT,ANDROID,6.7.0,10000+ ms,95
2026-06-04,ISSUED_DOCUMENT_EVIDENCE,ANDROID,6.5.1,10000+ ms,90
2026-06-04,ISSUED_DOCUMENT_DETAILS,ANDROID,6.6.0,10000+ ms,388
2026-06-04,ISSUERS_LIST,ANDROID,6.7.1,10000+ ms,1
2026-06-04,DOCUMENTS_LIST,ANDROID,6.6.1,10000+ ms,5
2026-06-04,ISSUED_DOCUMENT_DETAILS,ANDROID,6.6.1,10000+ ms,9
2026-06-04,ISSUED_DOCUMENT_DETAILS,ANDROID,6.6.2,10000+ ms,220
2026-06-04,DOCUMENT_SELECTION_UPLOADED_LIST,ANDROID,6.7.0,10000+ ms,3
2026-06-04,ISSUED_DOCUMENT_EVIDENCE,ANDROID,6.6.1,10000+ ms,13
2026-06-04,ISSUED_DOCUMENT_DETAILS,ANDROID,6.5.1,10000+ ms,72
2026-06-04,DOCUMENTS_LIST,ANDROID,6.7.0,1001-5000 ms,129082
2026-06-04,QR_VERIFICATION,ANDROID,6.7.0,1001-5000 ms,2255
2026-06-04,ISSUED_DOCUMENT_DETAILS,ANDROID,6.7.1,1001-5000 ms,1
2026-06-04,ISSUED_DOCUMENT_EVIDENCE,ANDROID,6.5.0,1001-5000 ms,33
2026-06-04,ISSUED_DOCUMENT_DETAILS,ANDROID,6.5.1,1001-5000 ms,120
2026-06-04,ISSUED_DOCUMENT_DETAILS,ANDROID,6.6.0,1001-5000 ms,549
2026-06-04,NON_ACTIONABLE_NOTIFICATION_DETAILS,ANDROID,6.7.0,1001-5000 ms,7637
2026-06-04,NOTIFICATIONS_LIST,ANDROID,6.7.0,1001-5000 ms,17086
2026-06-04,DOWNLOAD_DOCUMENT,ANDROID,6.7.0,1001-5000 ms,502
2026-06-04,ISSUED_DOCUMENT_EVIDENCE,ANDROID,6.6.0,1001-5000 ms,403
2026-06-04,DOCUMENTS_LIST,ANDROID,6.6.1,1001-5000 ms,135
2026-06-04,ISSUED_DOCUMENT_DETAILS,ANDROID,6.7.0,1001-5000 ms,15529
2026-06-04,ISSUED_DOCUMENT_EVIDENCE,ANDROID,6.7.1,1001-5000 ms,1
2026-06-04,ISSUED_DOCUMENT_EVIDENCE,ANDROID,6.6.2,1001-5000 ms,188
2026-06-04,ACTIONABLE_NOTIFICATION_DETAILS,ANDROID,6.7.0,1001-5000 ms,22053
2026-06-04,DOWNLOAD_SELF_SIGN_DOCUMENT,ANDROID,6.7.0,1001-5000 ms,66
2026-06-04,ISSUED_DOCUMENT_DETAILS,ANDROID,6.5.0,1001-5000 ms,41
2026-06-04,ISSUED_DOCUMENT_DETAILS,ANDROID,6.6.1,1001-5000 ms,16
2026-06-04,SHARE_DOCUMENT,ANDROID,6.7.0,1001-5000 ms,331
2026-06-04,ISSUED_DOCUMENT_DETAILS,ANDROID,6.6.2,1001-5000 ms,298
2026-06-04,DOCUMENTS_LIST,ANDROID,6.6.0,1001-5000 ms,4402
2026-06-04,ISSUERS_LIST,ANDROID,6.7.0,1001-5000 ms,59843
2026-06-04,ISSUED_DOCUMENT_EVIDENCE,ANDROID,6.6.1,1001-5000 ms,13
2026-06-04,UPLOADED_DOCUMENT_EVIDENCE,ANDROID,6.7.0,1001-5000 ms,391
2026-06-04,DOCUMENTS_LIST,ANDROID,6.7.1,1001-5000 ms,1
2026-06-04,DOCUMENTS_LIST,ANDROID,6.5.0,1001-5000 ms,403
2026-06-04,DOCUMENT_SELECTION_ISSUED_LIST,ANDROID,6.7.0,1001-5000 ms,19
2026-06-04,ISSUED_DOCUMENT_EVIDENCE,ANDROID,6.5.1,1001-5000 ms,71
2026-06-04,ISSUED_DOCUMENT_EVIDENCE,ANDROID,6.7.0,1001-5000 ms,16679
2026-06-04,DOCUMENTS_LIST,ANDROID,6.6.2,1001-5000 ms,2423
2026-06-04,DOCUMENTS_LIST,ANDROID,6.5.1,1001-5000 ms,826
2026-06-04,ISSUED_DOCUMENT_DETAILS,ANDROID,6.6.2,101-500 ms,29
2026-06-04,NON_ACTIONABLE_NOTIFICATION_DETAILS,ANDROID,6.7.1,101-500 ms,2
2026-06-04,DOCUMENTS_LIST,ANDROID,6.7.0,101-500 ms,67
2026-06-04,ACTIONABLE_NOTIFICATION_DETAILS,ANDROID,6.7.0,101-500 ms,38
2026-06-04,NOTIFICATIONS_LIST,ANDROID,6.7.1,101-500 ms,2
2026-06-04,UPLOADED_DOCUMENT_EVIDENCE,ANDROID,6.7.0,101-500 ms,274
2026-06-04,DOWNLOAD_SELF_SIGN_DOCUMENT,ANDROID,6.7.0,101-500 ms,50
2026-06-04,DOCUMENT_SELECTION_ISSUED_LIST,ANDROID,6.7.0,101-500 ms,4
2026-06-04,ISSUED_DOCUMENT_EVIDENCE,ANDROID,6.6.0,101-500 ms,3
2026-06-04,NOTIFICATIONS_LIST,ANDROID,6.7.0,101-500 ms,88196
2026-06-04,DOCUMENTS_LIST,ANDROID,6.6.0,101-500 ms,1
2026-06-04,ISSUED_DOCUMENT_EVIDENCE,ANDROID,6.7.0,101-500 ms,323
2026-06-04,SHARE_DOCUMENT,ANDROID,6.7.0,101-500 ms,3
2026-06-04,ISSUED_DOCUMENT_DETAILS,ANDROID,6.6.1,101-500 ms,2
2026-06-04,ISSUED_DOCUMENT_EVIDENCE,ANDROID,6.6.2,101-500 ms,2
2026-06-04,DOWNLOAD_SELF_SIGN_DOCUMENT,ANDROID,6.7.1,101-500 ms,1
2026-06-04,ISSUED_DOCUMENT_EVIDENCE,ANDROID,6.5.0,101-500 ms,1
2026-06-04,NON_ACTIONABLE_NOTIFICATION_DETAILS,ANDROID,6.7.0,101-500 ms,80139
2026-06-04,DOCUMENT_SELECTION_UPLOADED_LIST,ANDROID,6.7.0,101-500 ms,3
2026-06-04,ISSUED_DOCUMENT_DETAILS,ANDROID,6.5.0,101-500 ms,5
2026-06-04,ISSUED_DOCUMENT_EVIDENCE,ANDROID,6.5.1,101-500 ms,1
2026-06-04,ISSUED_DOCUMENT_DETAILS,ANDROID,6.7.0,101-500 ms,3977
2026-06-04,QR_VERIFICATION,ANDROID,6.7.0,101-500 ms,561
2026-06-04,ISSUERS_LIST,ANDROID,6.7.0,101-500 ms,33
2026-06-04,ISSUED_DOCUMENT_DETAILS,ANDROID,6.6.0,101-500 ms,22
2026-06-04,DOWNLOAD_DOCUMENT,ANDROID,6.7.0,101-500 ms,3
2026-06-04,ISSUED_DOCUMENT_DETAILS,ANDROID,6.5.1,101-500 ms,6
2026-06-04,UPLOADED_DOCUMENT_EVIDENCE,ANDROID,6.7.1,101-500 ms,1
2026-06-04,ISSUED_DOCUMENT_DETAILS,ANDROID,6.5.0,5001-10000 ms,6
2026-06-04,DOCUMENTS_LIST,ANDROID,6.6.0,5001-10000 ms,390
2026-06-04,ACTIONABLE_NOTIFICATION_DETAILS,ANDROID,6.7.1,5001-10000 ms,1
2026-06-04,DOCUMENTS_LIST,ANDROID,6.7.0,5001-10000 ms,4998
2026-06-04,ISSUED_DOCUMENT_DETAILS,ANDROID,6.6.0,5001-10000 ms,49
2026-06-04,ISSUED_DOCUMENT_EVIDENCE,ANDROID,6.5.1,5001-10000 ms,43
2026-06-04,ISSUED_DOCUMENT_EVIDENCE,ANDROID,6.6.1,5001-10000 ms,5
2026-06-04,ISSUED_DOCUMENT_EVIDENCE,ANDROID,6.7.0,5001-10000 ms,7997
2026-06-04,ISSUED_DOCUMENT_DETAILS,ANDROID,6.7.0,5001-10000 ms,1397
2026-06-04,ISSUED_DOCUMENT_EVIDENCE,ANDROID,6.6.0,5001-10000 ms,227
2026-06-04,ISSUED_DOCUMENT_DETAILS,ANDROID,6.5.1,5001-10000 ms,8
2026-06-04,DOCUMENTS_LIST,ANDROID,6.5.0,5001-10000 ms,40
2026-06-04,DOCUMENTS_LIST,ANDROID,6.6.1,5001-10000 ms,13
2026-06-04,DOWNLOAD_DOCUMENT,ANDROID,6.7.0,5001-10000 ms,59
2026-06-04,UPLOADED_DOCUMENT_EVIDENCE,ANDROID,6.7.0,5001-10000 ms,53
2026-06-04,DOCUMENTS_LIST,ANDROID,6.5.1,5001-10000 ms,93
2026-06-04,QR_VERIFICATION,ANDROID,6.7.0,5001-10000 ms,161
2026-06-04,SHARE_DOCUMENT,ANDROID,6.7.0,5001-10000 ms,49
2026-06-04,ACTIONABLE_NOTIFICATION_DETAILS,ANDROID,6.7.0,5001-10000 ms,4564
2026-06-04,ISSUED_DOCUMENT_DETAILS,ANDROID,6.6.1,5001-10000 ms,2
2026-06-04,ISSUED_DOCUMENT_EVIDENCE,ANDROID,6.5.0,5001-10000 ms,15
2026-06-04,ISSUED_DOCUMENT_DETAILS,ANDROID,6.6.2,5001-10000 ms,25
2026-06-04,DOCUMENT_SELECTION_ISSUED_LIST,ANDROID,6.7.0,5001-10000 ms,3
2026-06-04,NOTIFICATIONS_LIST,ANDROID,6.7.0,5001-10000 ms,1779
2026-06-04,ISSUERS_LIST,ANDROID,6.7.0,5001-10000 ms,1788
2026-06-04,DOCUMENTS_LIST,ANDROID,6.6.2,5001-10000 ms,270
2026-06-04,ISSUED_DOCUMENT_EVIDENCE,ANDROID,6.6.2,5001-10000 ms,128
2026-06-04,DOWNLOAD_SELF_SIGN_DOCUMENT,ANDROID,6.7.0,5001-10000 ms,11
2026-06-04,NON_ACTIONABLE_NOTIFICATION_DETAILS,ANDROID,6.7.0,5001-10000 ms,465
2026-06-04,DOWNLOAD_DOCUMENT,ANDROID,6.7.0,501-1000 ms,37
2026-06-04,NON_ACTIONABLE_NOTIFICATION_DETAILS,ANDROID,6.7.0,501-1000 ms,13013
2026-06-04,ISSUED_DOCUMENT_DETAILS,ANDROID,6.7.1,501-1000 ms,1
2026-06-04,ACTIONABLE_NOTIFICATION_DETAILS,ANDROID,6.7.0,501-1000 ms,17
2026-06-04,ISSUED_DOCUMENT_DETAILS,ANDROID,6.7.0,501-1000 ms,22622
2026-06-04,ISSUED_DOCUMENT_EVIDENCE,ANDROID,6.7.1,501-1000 ms,1
2026-06-04,ISSUED_DOCUMENT_DETAILS,ANDROID,6.5.1,501-1000 ms,85
2026-06-04,QR_VERIFICATION,ANDROID,6.7.0,501-1000 ms,3825
2026-06-04,ISSUED_DOCUMENT_EVIDENCE,ANDROID,6.5.0,501-1000 ms,2
2026-06-04,SHARE_DOCUMENT,ANDROID,6.7.0,501-1000 ms,27
2026-06-04,ISSUED_DOCUMENT_EVIDENCE,ANDROID,6.6.0,501-1000 ms,11
2026-06-04,UPLOADED_DOCUMENT_EVIDENCE,ANDROID,6.7.0,501-1000 ms,419
2026-06-04,NOTIFICATIONS_LIST,ANDROID,6.7.0,501-1000 ms,14719
2026-06-04,ISSUED_DOCUMENT_DETAILS,ANDROID,6.6.0,501-1000 ms,454
2026-06-04,QR_VERIFICATION,ANDROID,6.7.1,501-1000 ms,1
2026-06-04,ISSUED_DOCUMENT_EVIDENCE,ANDROID,6.6.2,501-1000 ms,8
2026-06-04,ISSUED_DOCUMENT_DETAILS,ANDROID,6.5.0,501-1000 ms,38
2026-06-04,DOCUMENTS_LIST,ANDROID,6.7.0,501-1000 ms,8
2026-06-04,ISSUED_DOCUMENT_DETAILS,ANDROID,6.6.2,501-1000 ms,227
2026-06-04,DOCUMENT_SELECTION_ISSUED_LIST,ANDROID,6.7.0,501-1000 ms,19
2026-06-04,DOWNLOAD_SELF_SIGN_DOCUMENT,ANDROID,6.7.0,501-1000 ms,65
2026-06-04,ISSUED_DOCUMENT_EVIDENCE,ANDROID,6.5.1,501-1000 ms,2
2026-06-04,ISSUED_DOCUMENT_DETAILS,ANDROID,6.6.1,501-1000 ms,12
2026-06-04,ISSUED_DOCUMENT_EVIDENCE,ANDROID,6.7.0,501-1000 ms,618
2026-06-04,ISSUERS_LIST,ANDROID,6.7.0,501-1000 ms,6
2026-06-04,ISSUED_DOCUMENT_EVIDENCE,ANDROID,6.7.0,51-100 ms,2
2026-06-04,ACTIONABLE_NOTIFICATION_DETAILS,ANDROID,6.7.0,51-100 ms,7
2026-06-04,QR_VERIFICATION,ANDROID,6.7.0,51-100 ms,1
2026-06-04,ISSUED_DOCUMENT_DETAILS,ANDROID,6.7.0,51-100 ms,3
2026-06-04,NOTIFICATIONS_LIST,ANDROID,6.7.0,51-100 ms,3321
2026-06-04,ISSUERS_LIST,ANDROID,6.7.0,51-100 ms,2
2026-06-04,NON_ACTIONABLE_NOTIFICATION_DETAILS,ANDROID,6.7.0,51-100 ms,109
2026-06-04,DOCUMENTS_LIST,ANDROID,6.7.0,51-100 ms,1
2026-06-04,ISSUERS_LIST,ANDROID,6.7.0,< 0 ms,7
2026-06-04,DOCUMENTS_LIST,ANDROID,6.6.0,< 0 ms,2
2026-06-04,DOCUMENTS_LIST,ANDROID,6.6.1,< 0 ms,1
2026-06-04,DOCUMENTS_LIST,ANDROID,6.6.2,< 0 ms,3
2026-06-04,ISSUED_DOCUMENT_EVIDENCE,ANDROID,6.7.0,< 0 ms,2
2026-06-04,DOCUMENTS_LIST,ANDROID,6.5.1,< 0 ms,1
2026-06-04,DOCUMENTS_LIST,ANDROID,6.7.0,< 0 ms,143
2026-06-04,ACTIONABLE_NOTIFICATION_DETAILS,ANDROID,6.7.0,< 0 ms,85
2026-06-04,ISSUED_DOCUMENT_DETAILS,ANDROID,6.5.1,= 0 ms,43
2026-06-04,DOCUMENTS_LIST,ANDROID,6.5.1,= 0 ms,68
2026-06-04,ISSUED_DOCUMENT_EVIDENCE,ANDROID,6.5.0,= 0 ms,27
2026-06-04,NON_ACTIONABLE_NOTIFICATION_DETAILS,ANDROID,6.7.0,= 0 ms,644
2026-06-04,QR_VERIFICATION,ANDROID,6.7.0,= 0 ms,41
2026-06-04,UPLOADED_DOCUMENT_EVIDENCE,ANDROID,NA,= 0 ms,1
2026-06-04,DOWNLOAD_DOCUMENT,ANDROID,6.7.0,= 0 ms,9
2026-06-04,ISSUED_DOCUMENT_DETAILS,ANDROID,NA,= 0 ms,2
2026-06-04,DOCUMENTS_LIST,ANDROID,6.6.0,= 0 ms,358
2026-06-04,DOCUMENTS_LIST,ANDROID,6.6.2,= 0 ms,189
2026-06-04,ISSUERS_LIST,ANDROID,NA,= 0 ms,8
2026-06-04,ISSUED_DOCUMENT_DETAILS,ANDROID,6.6.1,= 0 ms,8
2026-06-04,DOCUMENTS_LIST,ANDROID,6.6.1,= 0 ms,9
2026-06-04,DOCUMENTS_LIST,ANDROID,6.5.0,= 0 ms,26
2026-06-04,NOTIFICATIONS_LIST,ANDROID,6.7.0,= 0 ms,5127
2026-06-04,DOCUMENTS_LIST,ANDROID,6.7.0,= 0 ms,11141
2026-06-04,ISSUED_DOCUMENT_EVIDENCE,ANDROID,6.6.2,= 0 ms,126
2026-06-04,DOCUMENTS_LIST,ANDROID,NA,= 0 ms,26
2026-06-04,ISSUERS_LIST,ANDROID,6.7.0,= 0 ms,3265
2026-06-04,ISSUED_DOCUMENT_DETAILS,ANDROID,6.7.0,= 0 ms,332
2026-06-04,ISSUED_DOCUMENT_EVIDENCE,ANDROID,6.7.0,= 0 ms,950
2026-06-04,ISSUED_DOCUMENT_DETAILS,ANDROID,6.6.0,= 0 ms,184
2026-06-04,ISSUED_DOCUMENT_DETAILS,ANDROID,6.5.0,= 0 ms,25
2026-06-04,ACTIONABLE_NOTIFICATION_DETAILS,ANDROID,NA,= 0 ms,5
2026-06-04,ACTIONABLE_NOTIFICATION_DETAILS,ANDROID,6.7.0,= 0 ms,3500
2026-06-04,ISSUED_DOCUMENT_DETAILS,ANDROID,6.6.2,= 0 ms,127
2026-06-04,DOWNLOAD_SELF_SIGN_DOCUMENT,ANDROID,6.7.0,= 0 ms,2
2026-06-04,ISSUED_DOCUMENT_EVIDENCE,ANDROID,6.6.1,= 0 ms,9
2026-06-04,UPLOADED_DOCUMENT_EVIDENCE,ANDROID,6.7.0,= 0 ms,32
2026-06-04,NON_ACTIONABLE_NOTIFICATION_DETAILS,ANDROID,NA,= 0 ms,2
2026-06-04,ISSUED_DOCUMENT_EVIDENCE,ANDROID,6.6.0,= 0 ms,191
2026-06-04,ISSUED_DOCUMENT_EVIDENCE,ANDROID,6.5.1,= 0 ms,42
2026-06-04,NOTIFICATIONS_LIST,ANDROID,NA,= 0 ms,14
2026-06-04,ISSUED_DOCUMENT_EVIDENCE,ANDROID,NA,= 0 ms,1
2026-06-04,SHARE_DOCUMENT,ANDROID,6.7.0,= 0 ms,7
2026-05-27,ISSUERS_LIST,IOS,6.7.0,10000+ ms,121
2026-05-27,NON_ACTIONABLE_NOTIFICATION_DETAILS,IOS,6.7.0,10000+ ms,63
2026-05-27,QR_VERIFICATION,IOS,6.7.0,10000+ ms,100
2026-05-27,DOWNLOAD_SELF_SIGN_DOCUMENT,IOS,6.7.0,10000+ ms,5
2026-05-27,ACTIONABLE_NOTIFICATION_DETAILS,IOS,6.7.0,10000+ ms,5952
2026-05-27,DOCUMENTS_LIST,IOS,6.6.1,10000+ ms,5
2026-05-27,DOCUMENTS_LIST,IOS,6.7.0,10000+ ms,356
2026-05-27,ISSUED_DOCUMENT_DETAILS,IOS,6.6.0,10000+ ms,27
2026-05-27,SHARE_DOCUMENT,IOS,6.7.0,10000+ ms,11
2026-05-27,DOCUMENTS_LIST,IOS,6.5.0,10000+ ms,12
2026-05-27,DOWNLOAD_DOCUMENT,IOS,6.7.0,10000+ ms,9
2026-05-27,ISSUED_DOCUMENT_EVIDENCE,IOS,6.6.1,10000+ ms,4
2026-05-27,DOCUMENT_SELECTION_ISSUED_LIST,IOS,6.7.0,10000+ ms,16
2026-05-27,DOCUMENTS_LIST,IOS,6.6.2,10000+ ms,13
2026-05-27,UPLOADED_DOCUMENT_EVIDENCE,IOS,6.7.0,10000+ ms,14
2026-05-27,ISSUED_DOCUMENT_DETAILS,IOS,6.6.2,10000+ ms,7
2026-05-27,ISSUED_DOCUMENT_EVIDENCE,IOS,6.7.0,10000+ ms,1080
2026-05-27,ISSUED_DOCUMENT_DETAILS,IOS,6.6.1,10000+ ms,5
2026-05-27,DOCUMENTS_LIST,IOS,6.6.0,10000+ ms,16
2026-05-27,ISSUED_DOCUMENT_DETAILS,IOS,6.7.0,10000+ ms,778
2026-05-27,ISSUED_DOCUMENT_EVIDENCE,IOS,6.6.0,10000+ ms,10
2026-05-27,ISSUED_DOCUMENT_DETAILS,IOS,6.5.0,10000+ ms,8
2026-05-27,NOTIFICATIONS_LIST,IOS,6.7.0,10000+ ms,193
2026-05-27,ISSUED_DOCUMENT_EVIDENCE,IOS,6.6.2,10000+ ms,3
2026-05-27,QR_VERIFICATION,IOS,6.7.0,1001-5000 ms,198
2026-05-27,UPLOADED_DOCUMENT_EVIDENCE,IOS,6.7.0,1001-5000 ms,131
2026-05-27,DOWNLOAD_SELF_SIGN_DOCUMENT,IOS,6.7.0,1001-5000 ms,9
2026-05-27,DOCUMENTS_LIST,IOS,6.6.1,1001-5000 ms,26
2026-05-27,SHARE_DOCUMENT,IOS,6.7.0,1001-5000 ms,69
2026-05-27,DOCUMENTS_LIST,IOS,6.6.2,1001-5000 ms,97
2026-05-27,ACTIONABLE_NOTIFICATION_DETAILS,IOS,6.7.0,1001-5000 ms,4088
2026-05-27,NON_ACTIONABLE_NOTIFICATION_DETAILS,IOS,6.7.0,1001-5000 ms,589
2026-05-27,DOCUMENTS_LIST,IOS,6.5.0,1001-5000 ms,73
2026-05-27,DOWNLOAD_DOCUMENT,IOS,6.7.0,1001-5000 ms,67
2026-05-27,ISSUED_DOCUMENT_EVIDENCE,IOS,6.6.1,1001-5000 ms,1
2026-05-27,DOCUMENT_SELECTION_ISSUED_LIST,IOS,6.7.0,1001-5000 ms,9
2026-05-27,ISSUED_DOCUMENT_DETAILS,IOS,6.6.0,1001-5000 ms,38
2026-05-27,ISSUED_DOCUMENT_DETAILS,IOS,6.7.0,1001-5000 ms,1156
2026-05-27,ISSUED_DOCUMENT_EVIDENCE,IOS,6.7.0,1001-5000 ms,4668
2026-05-27,ISSUED_DOCUMENT_DETAILS,IOS,6.6.2,1001-5000 ms,26
2026-05-27,ISSUERS_LIST,IOS,6.7.0,1001-5000 ms,10636
2026-05-27,ISSUED_DOCUMENT_DETAILS,IOS,6.5.0,1001-5000 ms,15
2026-05-27,DOCUMENTS_LIST,IOS,6.6.0,1001-5000 ms,146
2026-05-27,DOCUMENTS_LIST,IOS,6.7.0,1001-5000 ms,3256
2026-05-27,ISSUED_DOCUMENT_EVIDENCE,IOS,6.5.0,1001-5000 ms,7
2026-05-27,ISSUED_DOCUMENT_DETAILS,IOS,6.6.1,1001-5000 ms,6
2026-05-27,ISSUED_DOCUMENT_EVIDENCE,IOS,6.6.0,1001-5000 ms,14
2026-05-27,NOTIFICATIONS_LIST,IOS,6.7.0,1001-5000 ms,1964
2026-05-27,ISSUED_DOCUMENT_EVIDENCE,IOS,6.6.2,1001-5000 ms,10
2026-05-27,DOCUMENTS_LIST,IOS,6.6.0,5001-10000 ms,25
2026-05-27,DOWNLOAD_SELF_SIGN_DOCUMENT,IOS,6.7.0,5001-10000 ms,3
2026-05-27,DOCUMENTS_LIST,IOS,6.5.0,5001-10000 ms,6
2026-05-27,ISSUED_DOCUMENT_EVIDENCE,IOS,6.6.0,5001-10000 ms,2
2026-05-27,NON_ACTIONABLE_NOTIFICATION_DETAILS,IOS,6.7.0,5001-10000 ms,69
2026-05-27,ISSUED_DOCUMENT_EVIDENCE,IOS,6.5.0,5001-10000 ms,2
2026-05-27,ISSUED_DOCUMENT_DETAILS,IOS,6.6.2,5001-10000 ms,4
2026-05-27,ISSUED_DOCUMENT_EVIDENCE,IOS,6.7.0,5001-10000 ms,1142
2026-05-27,ISSUED_DOCUMENT_DETAILS,IOS,6.7.0,5001-10000 ms,308
2026-05-27,DOCUMENTS_LIST,IOS,6.6.1,5001-10000 ms,5
2026-05-27,NOTIFICATIONS_LIST,IOS,6.7.0,5001-10000 ms,251
2026-05-27,ISSUED_DOCUMENT_DETAILS,IOS,6.6.0,5001-10000 ms,7
2026-05-27,DOCUMENT_SELECTION_ISSUED_LIST,IOS,6.7.0,5001-10000 ms,1
2026-05-27,QR_VERIFICATION,IOS,6.7.0,5001-10000 ms,30
2026-05-27,ACTIONABLE_NOTIFICATION_DETAILS,IOS,6.7.0,5001-10000 ms,8632
2026-05-27,ISSUERS_LIST,IOS,6.7.0,5001-10000 ms,223
2026-05-27,ISSUED_DOCUMENT_DETAILS,IOS,6.5.0,5001-10000 ms,3
2026-05-27,ISSUED_DOCUMENT_EVIDENCE,IOS,6.6.1,5001-10000 ms,1
2026-05-27,DOCUMENTS_LIST,IOS,6.7.0,5001-10000 ms,474
2026-05-27,SHARE_DOCUMENT,IOS,6.7.0,5001-10000 ms,15
2026-05-27,DOCUMENTS_LIST,IOS,6.6.2,5001-10000 ms,14
2026-05-27,UPLOADED_DOCUMENT_EVIDENCE,IOS,6.7.0,5001-10000 ms,19
2026-05-27,DOWNLOAD_DOCUMENT,IOS,6.7.0,5001-10000 ms,8
2026-05-27,ISSUED_DOCUMENT_EVIDENCE,IOS,6.6.2,5001-10000 ms,1
2026-05-27,ISSUED_DOCUMENT_DETAILS,IOS,6.6.2,501-1000 ms,71
2026-05-27,DOWNLOAD_DOCUMENT,IOS,6.7.0,501-1000 ms,41
2026-05-27,ISSUERS_LIST,IOS,6.7.0,501-1000 ms,337
2026-05-27,DOCUMENTS_LIST,IOS,6.6.2,501-1000 ms,288
2026-05-27,DOCUMENTS_LIST,IOS,6.7.0,501-1000 ms,13840
2026-05-27,ISSUED_DOCUMENT_DETAILS,IOS,6.7.0,501-1000 ms,4771
2026-05-27,ISSUED_DOCUMENT_DETAILS,IOS,6.5.0,501-1000 ms,56
2026-05-27,SHARE_DOCUMENT,IOS,6.7.0,501-1000 ms,48
2026-05-27,ISSUED_DOCUMENT_EVIDENCE,IOS,6.6.0,501-1000 ms,3
2026-05-27,ISSUED_DOCUMENT_EVIDENCE,IOS,6.6.2,501-1000 ms,2
2026-05-27,ISSUED_DOCUMENT_DETAILS,IOS,6.6.1,501-1000 ms,14
2026-05-27,ACTIONABLE_NOTIFICATION_DETAILS,IOS,6.7.0,501-1000 ms,882
2026-05-27,NOTIFICATIONS_LIST,IOS,6.7.0,501-1000 ms,8709
2026-05-27,DOCUMENT_SELECTION_ISSUED_LIST,IOS,6.7.0,501-1000 ms,21
2026-05-27,NON_ACTIONABLE_NOTIFICATION_DETAILS,IOS,6.7.0,501-1000 ms,4959
2026-05-27,ISSUED_DOCUMENT_EVIDENCE,IOS,6.7.0,501-1000 ms,459
2026-05-27,DOCUMENTS_LIST,IOS,6.6.0,501-1000 ms,464
2026-05-27,QR_VERIFICATION,IOS,6.7.0,501-1000 ms,881
2026-05-27,ISSUED_DOCUMENT_EVIDENCE,IOS,6.5.0,501-1000 ms,1
2026-05-27,DOCUMENTS_LIST,IOS,6.6.1,501-1000 ms,75
2026-05-27,ISSUED_DOCUMENT_DETAILS,IOS,6.6.0,501-1000 ms,118
2026-05-27,UPLOADED_DOCUMENT_EVIDENCE,IOS,6.7.0,501-1000 ms,154
2026-05-27,DOWNLOAD_SELF_SIGN_DOCUMENT,IOS,6.7.0,501-1000 ms,20
2026-05-27,DOCUMENTS_LIST,IOS,6.5.0,501-1000 ms,219
2026-05-27,ACTIONABLE_NOTIFICATION_DETAILS,IOS,6.7.0,< 0 ms,9
2026-05-27,ISSUED_DOCUMENT_EVIDENCE,IOS,6.7.0,< 0 ms,1
2026-05-27,DOCUMENTS_LIST,IOS,6.7.0,< 0 ms,1
2026-05-27,ISSUED_DOCUMENT_EVIDENCE,IOS,6.6.0,< 0 ms,1
2026-05-27,DOCUMENTS_LIST,IOS,6.7.0,= 0 ms,12927
2026-05-27,ISSUED_DOCUMENT_DETAILS,IOS,6.6.2,= 0 ms,20
2026-05-27,ACTIONABLE_NOTIFICATION_DETAILS,IOS,6.7.0,= 0 ms,1397
2026-05-27,ISSUED_DOCUMENT_EVIDENCE,IOS,6.6.2,= 0 ms,116
2026-05-27,DOCUMENTS_LIST,IOS,6.6.1,= 0 ms,46
2026-05-27,NON_ACTIONABLE_NOTIFICATION_DETAILS,IOS,6.7.0,= 0 ms,10661
2026-05-27,DOCUMENTS_LIST,IOS,6.6.2,= 0 ms,218
2026-05-27,DOCUMENTS_LIST,IOS,6.6.0,= 0 ms,339
2026-05-27,DOWNLOAD_SELF_SIGN_DOCUMENT,IOS,6.7.0,= 0 ms,10
2026-05-27,ISSUED_DOCUMENT_EVIDENCE,IOS,6.6.1,= 0 ms,24
2026-05-27,ISSUED_DOCUMENT_EVIDENCE,IOS,6.7.0,= 0 ms,150
2026-05-27,ISSUED_DOCUMENT_DETAILS,IOS,6.5.0,= 0 ms,15
2026-05-27,ISSUED_DOCUMENT_DETAILS,IOS,6.6.1,= 0 ms,6
2026-05-27,NOTIFICATIONS_LIST,IOS,6.7.0,= 0 ms,18975
2026-05-27,ISSUED_DOCUMENT_DETAILS,IOS,6.7.0,= 0 ms,1768
2026-05-27,ISSUED_DOCUMENT_EVIDENCE,IOS,6.6.0,= 0 ms,200
2026-05-27,DOCUMENT_SELECTION_ISSUED_LIST,IOS,6.7.0,= 0 ms,6
2026-05-27,ISSUERS_LIST,IOS,6.7.0,= 0 ms,1665
2026-05-27,DOCUMENTS_LIST,IOS,6.5.0,= 0 ms,190
2026-05-27,ISSUED_DOCUMENT_DETAILS,IOS,6.6.0,= 0 ms,44
2026-05-27,SHARE_DOCUMENT,IOS,6.7.0,= 0 ms,5
2026-05-27,ISSUED_DOCUMENT_EVIDENCE,IOS,6.5.0,= 0 ms,77
2026-05-27,QR_VERIFICATION,IOS,6.7.0,= 0 ms,365
2026-05-27,UPLOADED_DOCUMENT_EVIDENCE,IOS,6.7.0,= 0 ms,53
2026-05-27,DOWNLOAD_DOCUMENT,IOS,6.7.0,= 0 ms,3
2026-05-28,DOCUMENT_SELECTION_ISSUED_LIST,IOS,6.7.0,10000+ ms,15
2026-05-28,ISSUED_DOCUMENT_DETAILS,IOS,6.5.0,10000+ ms,12
2026-05-28,DOCUMENTS_LIST,IOS,6.5.0,10000+ ms,13
2026-05-28,NOTIFICATIONS_LIST,IOS,6.7.0,10000+ ms,216
2026-05-28,DOWNLOAD_SELF_SIGN_DOCUMENT,IOS,6.7.0,10000+ ms,3
2026-05-28,DOCUMENTS_LIST,IOS,6.6.0,10000+ ms,10
2026-05-28,DOCUMENTS_LIST,IOS,6.6.1,10000+ ms,1
2026-05-28,DOCUMENTS_LIST,IOS,6.6.2,10000+ ms,10
2026-05-28,ISSUED_DOCUMENT_DETAILS,IOS,6.7.0,10000+ ms,877
2026-05-28,SHARE_DOCUMENT,IOS,6.7.0,10000+ ms,23
2026-05-28,UPLOADED_DOCUMENT_EVIDENCE,IOS,6.7.0,10000+ ms,20
2026-05-28,QR_VERIFICATION,IOS,6.7.0,10000+ ms,96
2026-05-28,ISSUERS_LIST,IOS,6.7.0,10000+ ms,120
2026-05-28,ACTIONABLE_NOTIFICATION_DETAILS,IOS,6.7.0,10000+ ms,6821
2026-05-28,ISSUED_DOCUMENT_DETAILS,IOS,6.6.2,10000+ ms,11
2026-05-28,ISSUED_DOCUMENT_EVIDENCE,IOS,6.6.0,10000+ ms,7
2026-05-28,DOWNLOAD_DOCUMENT,IOS,6.7.0,10000+ ms,13
2026-05-28,ISSUED_DOCUMENT_DETAILS,IOS,6.6.0,10000+ ms,19
2026-05-28,ISSUED_DOCUMENT_EVIDENCE,IOS,6.7.0,10000+ ms,1214
2026-05-28,ISSUED_DOCUMENT_EVIDENCE,IOS,6.6.2,10000+ ms,8
2026-05-28,NON_ACTIONABLE_NOTIFICATION_DETAILS,IOS,6.7.0,10000+ ms,73
2026-05-28,ISSUED_DOCUMENT_DETAILS,IOS,6.6.1,10000+ ms,3
2026-05-28,DOCUMENTS_LIST,IOS,6.7.0,10000+ ms,348
2026-05-28,ISSUED_DOCUMENT_EVIDENCE,IOS,6.5.0,10000+ ms,4
2026-05-28,ISSUED_DOCUMENT_EVIDENCE,IOS,6.7.0,1001-5000 ms,5311
2026-05-28,DOCUMENTS_LIST,IOS,6.7.0,1001-5000 ms,3659
2026-05-28,DOWNLOAD_DOCUMENT,IOS,6.7.0,1001-5000 ms,70
2026-05-28,ISSUED_DOCUMENT_DETAILS,IOS,6.6.1,1001-5000 ms,10
2026-05-28,ISSUED_DOCUMENT_EVIDENCE,IOS,6.6.1,1001-5000 ms,2
2026-05-28,ISSUERS_LIST,IOS,6.7.0,1001-5000 ms,11443
2026-05-28,ACTIONABLE_NOTIFICATION_DETAILS,IOS,6.7.0,1001-5000 ms,4316
2026-05-28,ISSUED_DOCUMENT_EVIDENCE,IOS,6.5.0,1001-5000 ms,4
2026-05-28,DOWNLOAD_SELF_SIGN_DOCUMENT,IOS,6.7.0,1001-5000 ms,8
2026-05-28,ISSUED_DOCUMENT_DETAILS,IOS,6.6.2,1001-5000 ms,26
2026-05-28,ISSUED_DOCUMENT_DETAILS,IOS,6.6.0,1001-5000 ms,40
2026-05-28,DOCUMENT_SELECTION_ISSUED_LIST,IOS,6.7.0,1001-5000 ms,13
2026-05-28,ISSUED_DOCUMENT_EVIDENCE,IOS,6.6.2,1001-5000 ms,9
2026-05-28,DOCUMENTS_LIST,IOS,6.6.2,1001-5000 ms,102
2026-05-28,ISSUED_DOCUMENT_DETAILS,IOS,6.7.0,1001-5000 ms,1284
2026-05-28,QR_VERIFICATION,IOS,6.7.0,1001-5000 ms,169
2026-05-28,DOCUMENTS_LIST,IOS,6.5.0,1001-5000 ms,66
2026-05-28,SHARE_DOCUMENT,IOS,6.7.0,1001-5000 ms,67
2026-05-28,ISSUED_DOCUMENT_EVIDENCE,IOS,6.6.0,1001-5000 ms,6
2026-05-28,NOTIFICATIONS_LIST,IOS,6.7.0,1001-5000 ms,2250
2026-05-28,NON_ACTIONABLE_NOTIFICATION_DETAILS,IOS,6.7.0,1001-5000 ms,723
2026-05-28,DOCUMENTS_LIST,IOS,6.6.1,1001-5000 ms,18
2026-05-28,ISSUED_DOCUMENT_DETAILS,IOS,6.5.0,1001-5000 ms,21
2026-05-28,UPLOADED_DOCUMENT_EVIDENCE,IOS,6.7.0,1001-5000 ms,118
2026-05-28,DOCUMENTS_LIST,IOS,6.6.0,1001-5000 ms,170
2026-05-28,DOWNLOAD_DOCUMENT,IOS,6.7.0,5001-10000 ms,18
2026-05-28,DOCUMENTS_LIST,IOS,6.6.0,5001-10000 ms,29
2026-05-28,ISSUED_DOCUMENT_DETAILS,IOS,6.7.0,5001-10000 ms,321
2026-05-28,NON_ACTIONABLE_NOTIFICATION_DETAILS,IOS,6.7.0,5001-10000 ms,59
2026-05-28,ISSUED_DOCUMENT_DETAILS,IOS,6.6.1,5001-10000 ms,2
2026-05-28,SHARE_DOCUMENT,IOS,6.7.0,5001-10000 ms,8
2026-05-28,ISSUED_DOCUMENT_DETAILS,IOS,6.5.0,5001-10000 ms,2
2026-05-28,DOCUMENTS_LIST,IOS,6.7.0,5001-10000 ms,488
2026-05-28,NOTIFICATIONS_LIST,IOS,6.7.0,5001-10000 ms,305
2026-05-28,ISSUED_DOCUMENT_DETAILS,IOS,6.6.0,5001-10000 ms,7
2026-05-28,ISSUED_DOCUMENT_EVIDENCE,IOS,6.6.1,5001-10000 ms,1
2026-05-28,DOCUMENTS_LIST,IOS,6.5.0,5001-10000 ms,9
2026-05-28,DOCUMENTS_LIST,IOS,6.6.1,5001-10000 ms,5
2026-05-28,DOCUMENTS_LIST,IOS,6.6.2,5001-10000 ms,6
2026-05-28,DOWNLOAD_SELF_SIGN_DOCUMENT,IOS,6.7.0,5001-10000 ms,3
2026-05-28,ISSUED_DOCUMENT_EVIDENCE,IOS,6.6.0,5001-10000 ms,2
2026-05-28,ISSUED_DOCUMENT_DETAILS,IOS,6.6.2,5001-10000 ms,5
2026-05-28,ACTIONABLE_NOTIFICATION_DETAILS,IOS,6.7.0,5001-10000 ms,8375
2026-05-28,ISSUERS_LIST,IOS,6.7.0,5001-10000 ms,280
2026-05-28,QR_VERIFICATION,IOS,6.7.0,5001-10000 ms,36
2026-05-28,ISSUED_DOCUMENT_EVIDENCE,IOS,6.5.0,5001-10000 ms,2
2026-05-28,UPLOADED_DOCUMENT_EVIDENCE,IOS,6.7.0,5001-10000 ms,21
2026-05-28,DOCUMENT_SELECTION_ISSUED_LIST,IOS,6.7.0,5001-10000 ms,3
2026-05-28,ISSUED_DOCUMENT_EVIDENCE,IOS,6.7.0,5001-10000 ms,1272
2026-05-28,ISSUED_DOCUMENT_EVIDENCE,IOS,6.6.2,501-1000 ms,5
2026-05-28,NOTIFICATIONS_LIST,IOS,6.7.0,501-1000 ms,9781
2026-05-28,ACTIONABLE_NOTIFICATION_DETAILS,IOS,6.7.0,501-1000 ms,889
2026-05-28,DOCUMENTS_LIST,IOS,6.6.0,501-1000 ms,446
2026-05-28,ISSUED_DOCUMENT_DETAILS,IOS,6.6.0,501-1000 ms,112
2026-05-28,DOCUMENT_SELECTION_UPLOADED_LIST,IOS,6.7.0,501-1000 ms,1
2026-05-28,ISSUED_DOCUMENT_DETAILS,IOS,6.6.1,501-1000 ms,24
2026-05-28,ISSUED_DOCUMENT_EVIDENCE,IOS,6.6.0,501-1000 ms,5
2026-05-28,DOCUMENTS_LIST,IOS,6.6.2,501-1000 ms,310
2026-05-28,UPLOADED_DOCUMENT_EVIDENCE,IOS,6.7.0,501-1000 ms,222
2026-05-28,ISSUED_DOCUMENT_DETAILS,IOS,6.6.2,501-1000 ms,77
2026-05-28,ISSUED_DOCUMENT_DETAILS,IOS,6.5.0,501-1000 ms,64
2026-05-28,DOCUMENT_SELECTION_ISSUED_LIST,IOS,6.7.0,501-1000 ms,34
2026-05-28,DOWNLOAD_SELF_SIGN_DOCUMENT,IOS,6.7.0,501-1000 ms,27
2026-05-28,DOWNLOAD_DOCUMENT,IOS,6.7.0,501-1000 ms,60
2026-05-28,ISSUERS_LIST,IOS,6.7.0,501-1000 ms,409
2026-05-28,ISSUED_DOCUMENT_EVIDENCE,IOS,6.6.1,501-1000 ms,1
2026-05-28,NON_ACTIONABLE_NOTIFICATION_DETAILS,IOS,6.7.0,501-1000 ms,5377
2026-05-28,ISSUED_DOCUMENT_DETAILS,IOS,6.7.0,501-1000 ms,5561
2026-05-28,DOCUMENTS_LIST,IOS,6.7.0,501-1000 ms,15393
2026-05-28,QR_VERIFICATION,IOS,6.7.0,501-1000 ms,1046
2026-05-28,DOCUMENTS_LIST,IOS,6.5.0,501-1000 ms,240
2026-05-28,ISSUED_DOCUMENT_EVIDENCE,IOS,6.7.0,501-1000 ms,550
2026-05-28,DOCUMENTS_LIST,IOS,6.6.1,501-1000 ms,85
2026-05-28,SHARE_DOCUMENT,IOS,6.7.0,501-1000 ms,59
2026-05-28,ISSUED_DOCUMENT_EVIDENCE,IOS,6.5.0,501-1000 ms,5
2026-05-28,ACTIONABLE_NOTIFICATION_DETAILS,IOS,6.7.0,< 0 ms,11
2026-05-28,DOCUMENTS_LIST,IOS,6.7.0,< 0 ms,1
2026-05-28,DOCUMENTS_LIST,IOS,6.5.0,= 0 ms,177
2026-05-28,NOTIFICATIONS_LIST,IOS,6.7.0,= 0 ms,20629
2026-05-28,ISSUERS_LIST,IOS,6.7.0,= 0 ms,1802
2026-05-28,ISSUED_DOCUMENT_EVIDENCE,IOS,6.7.0,= 0 ms,156
2026-05-28,ISSUED_DOCUMENT_DETAILS,IOS,6.6.1,= 0 ms,7
2026-05-28,ACTIONABLE_NOTIFICATION_DETAILS,IOS,6.7.0,= 0 ms,1505
2026-05-28,DOCUMENTS_LIST,IOS,6.6.0,= 0 ms,356
2026-05-28,DOWNLOAD_SELF_SIGN_DOCUMENT,IOS,6.7.0,= 0 ms,17
2026-05-28,UPLOADED_DOCUMENT_EVIDENCE,IOS,6.7.0,= 0 ms,43
2026-05-28,ISSUED_DOCUMENT_EVIDENCE,IOS,6.6.2,= 0 ms,122
2026-05-28,ISSUED_DOCUMENT_EVIDENCE,IOS,6.5.0,= 0 ms,110
2026-05-28,ISSUED_DOCUMENT_DETAILS,IOS,6.5.0,= 0 ms,27
2026-05-28,SHARE_DOCUMENT,IOS,6.7.0,= 0 ms,2
2026-05-28,DOCUMENTS_LIST,IOS,6.7.0,= 0 ms,14227
2026-05-28,NON_ACTIONABLE_NOTIFICATION_DETAILS,IOS,6.7.0,= 0 ms,12017
2026-05-28,DOCUMENTS_LIST,IOS,6.6.1,= 0 ms,54
2026-05-28,DOCUMENTS_LIST,IOS,6.6.2,= 0 ms,261
2026-05-28,ISSUED_DOCUMENT_DETAILS,IOS,6.6.0,= 0 ms,39
2026-05-28,ISSUED_DOCUMENT_EVIDENCE,IOS,6.6.1,= 0 ms,45
2026-05-28,DOWNLOAD_DOCUMENT,IOS,6.7.0,= 0 ms,1
2026-05-28,ISSUED_DOCUMENT_DETAILS,IOS,6.7.0,= 0 ms,1969
2026-05-28,QR_VERIFICATION,IOS,6.7.0,= 0 ms,405
2026-05-28,ISSUED_DOCUMENT_EVIDENCE,IOS,6.6.0,= 0 ms,206
2026-05-28,ISSUED_DOCUMENT_DETAILS,IOS,6.6.2,= 0 ms,30
2026-05-28,DOCUMENT_SELECTION_ISSUED_LIST,IOS,6.7.0,= 0 ms,10
2026-05-28,DOCUMENT_SELECTION_UPLOADED_LIST,IOS,6.7.0,= 0 ms,2
2026-05-29,NON_ACTIONABLE_NOTIFICATION_DETAILS,IOS,6.7.0,10000+ ms,73
2026-05-29,ISSUED_DOCUMENT_EVIDENCE,IOS,6.5.0,10000+ ms,3
2026-05-29,ISSUED_DOCUMENT_EVIDENCE,IOS,6.6.2,10000+ ms,7
2026-05-29,DOWNLOAD_DOCUMENT,IOS,6.7.0,10000+ ms,18
2026-05-29,DOCUMENTS_LIST,IOS,6.6.2,10000+ ms,10
2026-05-29,ISSUERS_LIST,IOS,6.7.0,10000+ ms,142
2026-05-29,ISSUED_DOCUMENT_DETAILS,IOS,6.6.0,10000+ ms,25
2026-05-29,DOCUMENTS_LIST,IOS,6.7.0,10000+ ms,428
2026-05-29,ISSUED_DOCUMENT_DETAILS,IOS,6.7.0,10000+ ms,893
2026-05-29,DOCUMENTS_LIST,IOS,6.6.0,10000+ ms,25
2026-05-29,DOWNLOAD_SELF_SIGN_DOCUMENT,IOS,6.7.0,10000+ ms,13
2026-05-29,ISSUED_DOCUMENT_DETAILS,IOS,6.5.0,10000+ ms,12
2026-05-29,ISSUED_DOCUMENT_DETAILS,IOS,6.6.1,10000+ ms,9
2026-05-29,ISSUED_DOCUMENT_EVIDENCE,IOS,6.6.0,10000+ ms,6
2026-05-29,DOCUMENTS_LIST,IOS,6.5.0,10000+ ms,16
2026-05-29,ISSUED_DOCUMENT_EVIDENCE,IOS,6.6.1,10000+ ms,3
2026-05-29,DOCUMENT_SELECTION_UPLOADED_LIST,IOS,6.7.0,10000+ ms,2
2026-05-29,ISSUED_DOCUMENT_EVIDENCE,IOS,6.7.0,10000+ ms,1291
2026-05-29,QR_VERIFICATION,IOS,6.7.0,10000+ ms,120
2026-05-29,SHARE_DOCUMENT,IOS,6.7.0,10000+ ms,31
2026-05-29,ISSUED_DOCUMENT_DETAILS,IOS,6.6.2,10000+ ms,19
2026-05-29,ACTIONABLE_NOTIFICATION_DETAILS,IOS,6.7.0,10000+ ms,8419
2026-05-29,UPLOADED_DOCUMENT_EVIDENCE,IOS,6.7.0,10000+ ms,44
2026-05-29,NOTIFICATIONS_LIST,IOS,6.7.0,10000+ ms,237
2026-05-29,DOCUMENTS_LIST,IOS,6.6.1,10000+ ms,4
2026-05-29,DOCUMENT_SELECTION_ISSUED_LIST,IOS,6.7.0,10000+ ms,29
2026-05-29,DOCUMENTS_LIST,IOS,6.6.0,1001-5000 ms,175
2026-05-29,ISSUED_DOCUMENT_DETAILS,IOS,6.5.0,1001-5000 ms,19
2026-05-29,SHARE_DOCUMENT,IOS,6.7.0,1001-5000 ms,80
2026-05-29,DOWNLOAD_DOCUMENT,IOS,6.7.0,1001-5000 ms,70
2026-05-29,ISSUED_DOCUMENT_EVIDENCE,IOS,6.5.0,1001-5000 ms,9
2026-05-29,DOCUMENT_SELECTION_ISSUED_LIST,IOS,6.7.0,1001-5000 ms,16
2026-05-29,ISSUED_DOCUMENT_EVIDENCE,IOS,6.6.1,1001-5000 ms,4
2026-05-29,DOWNLOAD_SELF_SIGN_DOCUMENT,IOS,6.7.0,1001-5000 ms,12
2026-05-29,ISSUED_DOCUMENT_EVIDENCE,IOS,6.7.0,1001-5000 ms,5995
2026-05-29,NOTIFICATIONS_LIST,IOS,6.7.0,1001-5000 ms,2441
2026-05-29,DOCUMENTS_LIST,IOS,6.6.1,1001-5000 ms,26
2026-05-29,ISSUED_DOCUMENT_DETAILS,IOS,6.6.1,1001-5000 ms,14
2026-05-29,DOCUMENTS_LIST,IOS,6.6.2,1001-5000 ms,110
2026-05-29,NON_ACTIONABLE_NOTIFICATION_DETAILS,IOS,6.7.0,1001-5000 ms,794
2026-05-29,ISSUED_DOCUMENT_DETAILS,IOS,6.6.2,1001-5000 ms,32
2026-05-29,ISSUED_DOCUMENT_DETAILS,IOS,6.6.0,1001-5000 ms,38
2026-05-29,DOCUMENTS_LIST,IOS,6.5.0,1001-5000 ms,68
2026-05-29,ACTIONABLE_NOTIFICATION_DETAILS,IOS,6.7.0,1001-5000 ms,4323
2026-05-29,ISSUED_DOCUMENT_EVIDENCE,IOS,6.6.2,1001-5000 ms,8
2026-05-29,ISSUERS_LIST,IOS,6.7.0,1001-5000 ms,12546
2026-05-29,ISSUED_DOCUMENT_DETAILS,IOS,6.7.0,1001-5000 ms,1579
2026-05-29,UPLOADED_DOCUMENT_EVIDENCE,IOS,6.7.0,1001-5000 ms,169
2026-05-29,QR_VERIFICATION,IOS,6.7.0,1001-5000 ms,254
2026-05-29,ISSUED_DOCUMENT_EVIDENCE,IOS,6.6.0,1001-5000 ms,10
2026-05-29,DOCUMENTS_LIST,IOS,6.7.0,1001-5000 ms,4494
2026-05-29,ISSUED_DOCUMENT_DETAILS,IOS,6.6.0,5001-10000 ms,9
2026-05-29,ISSUED_DOCUMENT_EVIDENCE,IOS,6.5.0,5001-10000 ms,3
2026-05-29,NOTIFICATIONS_LIST,IOS,6.7.0,5001-10000 ms,359
2026-05-29,UPLOADED_DOCUMENT_EVIDENCE,IOS,6.7.0,5001-10000 ms,28
2026-05-29,QR_VERIFICATION,IOS,6.7.0,5001-10000 ms,29
2026-05-29,DOCUMENTS_LIST,IOS,6.6.2,5001-10000 ms,15
2026-05-29,ISSUERS_LIST,IOS,6.7.0,5001-10000 ms,302
2026-05-29,DOWNLOAD_DOCUMENT,IOS,6.7.0,5001-10000 ms,15
2026-05-29,DOWNLOAD_SELF_SIGN_DOCUMENT,IOS,6.7.0,5001-10000 ms,2
2026-05-29,ISSUED_DOCUMENT_EVIDENCE,IOS,6.6.2,5001-10000 ms,1
2026-05-29,ISSUED_DOCUMENT_EVIDENCE,IOS,6.6.0,5001-10000 ms,2
2026-05-29,ACTIONABLE_NOTIFICATION_DETAILS,IOS,6.7.0,5001-10000 ms,7894
2026-05-29,NON_ACTIONABLE_NOTIFICATION_DETAILS,IOS,6.7.0,5001-10000 ms,83
2026-05-29,DOCUMENTS_LIST,IOS,6.7.0,5001-10000 ms,578
2026-05-29,ISSUED_DOCUMENT_DETAILS,IOS,6.7.0,5001-10000 ms,405
2026-05-29,DOCUMENTS_LIST,IOS,6.6.1,5001-10000 ms,2
2026-05-29,SHARE_DOCUMENT,IOS,6.7.0,5001-10000 ms,14
2026-05-29,ISSUED_DOCUMENT_DETAILS,IOS,6.6.1,5001-10000 ms,1
2026-05-29,ISSUED_DOCUMENT_DETAILS,IOS,6.5.0,5001-10000 ms,2
2026-05-29,ISSUED_DOCUMENT_DETAILS,IOS,6.6.2,5001-10000 ms,4
2026-05-29,DOCUMENTS_LIST,IOS,6.6.0,5001-10000 ms,37
2026-05-29,DOCUMENTS_LIST,IOS,6.5.0,5001-10000 ms,15
2026-05-29,ISSUED_DOCUMENT_EVIDENCE,IOS,6.7.0,5001-10000 ms,1505
2026-05-29,DOCUMENTS_LIST,IOS,6.5.0,501-1000 ms,275
2026-05-29,ISSUERS_LIST,IOS,6.7.0,501-1000 ms,569
2026-05-29,ISSUED_DOCUMENT_DETAILS,IOS,6.6.0,501-1000 ms,130
2026-05-29,ISSUED_DOCUMENT_DETAILS,IOS,6.7.0,501-1000 ms,6449
2026-05-29,ISSUED_DOCUMENT_EVIDENCE,IOS,6.5.0,501-1000 ms,3
2026-05-29,SHARE_DOCUMENT,IOS,6.7.0,501-1000 ms,49
2026-05-29,DOCUMENTS_LIST,IOS,6.6.1,501-1000 ms,73
2026-05-29,DOCUMENTS_LIST,IOS,6.7.0,501-1000 ms,17382
2026-05-29,DOCUMENT_SELECTION_UPLOADED_LIST,IOS,6.7.0,501-1000 ms,3
2026-05-29,ISSUED_DOCUMENT_EVIDENCE,IOS,6.7.0,501-1000 ms,706
2026-05-29,UPLOADED_DOCUMENT_EVIDENCE,IOS,6.7.0,501-1000 ms,256
2026-05-29,QR_VERIFICATION,IOS,6.7.0,501-1000 ms,1109
2026-05-29,ISSUED_DOCUMENT_EVIDENCE,IOS,6.6.0,501-1000 ms,6
2026-05-29,DOCUMENTS_LIST,IOS,6.6.0,501-1000 ms,489
2026-05-29,NOTIFICATIONS_LIST,IOS,6.7.0,501-1000 ms,11039
2026-05-29,DOCUMENTS_LIST,IOS,6.6.2,501-1000 ms,327
2026-05-29,ISSUED_DOCUMENT_DETAILS,IOS,6.5.0,501-1000 ms,81
2026-05-29,ACTIONABLE_NOTIFICATION_DETAILS,IOS,6.7.0,501-1000 ms,928
2026-05-29,DOWNLOAD_DOCUMENT,IOS,6.7.0,501-1000 ms,62
2026-05-29,DOWNLOAD_SELF_SIGN_DOCUMENT,IOS,6.7.0,501-1000 ms,21
2026-05-29,ISSUED_DOCUMENT_DETAILS,IOS,6.6.2,501-1000 ms,80
2026-05-29,DOCUMENT_SELECTION_ISSUED_LIST,IOS,6.7.0,501-1000 ms,43
2026-05-29,ISSUED_DOCUMENT_EVIDENCE,IOS,6.6.1,501-1000 ms,1
2026-05-29,NON_ACTIONABLE_NOTIFICATION_DETAILS,IOS,6.7.0,501-1000 ms,6548
2026-05-29,ISSUED_DOCUMENT_DETAILS,IOS,6.6.1,501-1000 ms,22
2026-05-29,ISSUED_DOCUMENT_EVIDENCE,IOS,6.6.2,501-1000 ms,8
2026-05-29,ACTIONABLE_NOTIFICATION_DETAILS,IOS,6.7.0,< 0 ms,14
2026-05-29,ISSUED_DOCUMENT_EVIDENCE,IOS,6.7.0,< 0 ms,3
2026-05-29,ISSUED_DOCUMENT_EVIDENCE,IOS,6.6.0,< 0 ms,1
2026-05-29,DOCUMENTS_LIST,IOS,6.7.0,< 0 ms,1
2026-05-29,ISSUERS_LIST,IOS,6.7.0,< 0 ms,1
2026-05-29,ISSUERS_LIST,IOS,6.7.0,= 0 ms,2077
2026-05-29,NOTIFICATIONS_LIST,IOS,6.7.0,= 0 ms,23898
2026-05-29,ISSUED_DOCUMENT_EVIDENCE,IOS,6.6.1,= 0 ms,48
2026-05-29,ACTIONABLE_NOTIFICATION_DETAILS,IOS,6.7.0,= 0 ms,1720
2026-05-29,ISSUED_DOCUMENT_EVIDENCE,IOS,6.6.0,= 0 ms,204
2026-05-29,DOCUMENT_SELECTION_UPLOADED_LIST,IOS,6.7.0,= 0 ms,1
2026-05-29,UPLOADED_DOCUMENT_EVIDENCE,IOS,6.7.0,= 0 ms,85
2026-05-29,NON_ACTIONABLE_NOTIFICATION_DETAILS,IOS,6.7.0,= 0 ms,13894
2026-05-29,ISSUED_DOCUMENT_DETAILS,IOS,6.7.0,= 0 ms,2197
2026-05-29,DOCUMENT_SELECTION_ISSUED_LIST,IOS,6.7.0,= 0 ms,15
2026-05-29,ISSUED_DOCUMENT_DETAILS,IOS,6.6.0,= 0 ms,37
2026-05-29,DOCUMENTS_LIST,IOS,6.6.1,= 0 ms,63
2026-05-29,ISSUED_DOCUMENT_EVIDENCE,IOS,6.6.2,= 0 ms,164
2026-05-29,DOWNLOAD_DOCUMENT,IOS,6.7.0,= 0 ms,5
2026-05-29,ISSUED_DOCUMENT_DETAILS,IOS,6.6.1,= 0 ms,8
2026-05-29,DOCUMENTS_LIST,IOS,6.5.0,= 0 ms,229
2026-05-29,DOCUMENTS_LIST,IOS,6.6.2,= 0 ms,246
2026-05-29,ISSUED_DOCUMENT_DETAILS,IOS,6.5.0,= 0 ms,32
2026-05-29,DOWNLOAD_SELF_SIGN_DOCUMENT,IOS,6.7.0,= 0 ms,15
2026-05-29,DOCUMENTS_LIST,IOS,6.6.0,= 0 ms,392
2026-05-29,DOCUMENTS_LIST,IOS,6.7.0,= 0 ms,15596
2026-05-29,QR_VERIFICATION,IOS,6.7.0,= 0 ms,430
2026-05-29,ISSUED_DOCUMENT_EVIDENCE,IOS,6.5.0,= 0 ms,114
2026-05-29,SHARE_DOCUMENT,IOS,6.7.0,= 0 ms,5
2026-05-29,ISSUED_DOCUMENT_DETAILS,IOS,6.6.2,= 0 ms,28
2026-05-29,ISSUED_DOCUMENT_EVIDENCE,IOS,6.7.0,= 0 ms,246
2026-05-30,ACTIONABLE_NOTIFICATION_DETAILS,IOS,6.7.0,10000+ ms,11148
2026-05-30,DOCUMENTS_LIST,IOS,6.6.0,10000+ ms,23
2026-05-30,ISSUED_DOCUMENT_EVIDENCE,IOS,6.6.1,10000+ ms,2
2026-05-30,ISSUED_DOCUMENT_DETAILS,IOS,6.6.2,10000+ ms,13
2026-05-30,ISSUED_DOCUMENT_DETAILS,IOS,6.5.0,10000+ ms,15
2026-05-30,DOCUMENTS_LIST,IOS,6.5.0,10000+ ms,14
2026-05-30,ISSUED_DOCUMENT_DETAILS,IOS,6.7.0,10000+ ms,1258
2026-05-30,DOCUMENTS_LIST,IOS,6.7.0,10000+ ms,464
2026-05-30,DOCUMENT_SELECTION_ISSUED_LIST,IOS,6.7.0,10000+ ms,45
2026-05-30,ISSUED_DOCUMENT_EVIDENCE,IOS,6.7.0,10000+ ms,1676
2026-05-30,NOTIFICATIONS_LIST,IOS,6.7.0,10000+ ms,311
2026-05-30,UPLOADED_DOCUMENT_EVIDENCE,IOS,6.7.0,10000+ ms,34
2026-05-30,ISSUED_DOCUMENT_EVIDENCE,IOS,6.6.0,10000+ ms,12
2026-05-30,ISSUED_DOCUMENT_EVIDENCE,IOS,6.6.2,10000+ ms,8
2026-05-30,DOWNLOAD_SELF_SIGN_DOCUMENT,IOS,6.7.0,10000+ ms,9
2026-05-30,ISSUERS_LIST,IOS,6.7.0,10000+ ms,157
2026-05-30,ISSUED_DOCUMENT_DETAILS,IOS,6.6.0,10000+ ms,26
2026-05-30,DOCUMENTS_LIST,IOS,6.6.2,10000+ ms,10
2026-05-30,ISSUED_DOCUMENT_DETAILS,IOS,6.6.1,10000+ ms,5
2026-05-30,DOCUMENT_SELECTION_UPLOADED_LIST,IOS,6.7.0,10000+ ms,2
2026-05-30,NON_ACTIONABLE_NOTIFICATION_DETAILS,IOS,6.7.0,10000+ ms,76
2026-05-30,DOCUMENTS_LIST,IOS,6.6.1,10000+ ms,1
2026-05-30,DOWNLOAD_DOCUMENT,IOS,6.7.0,10000+ ms,18
2026-05-30,ISSUED_DOCUMENT_EVIDENCE,IOS,6.5.0,10000+ ms,6
2026-05-30,QR_VERIFICATION,IOS,6.7.0,10000+ ms,164
2026-05-30,SHARE_DOCUMENT,IOS,6.7.0,10000+ ms,20
2026-05-30,DOCUMENTS_LIST,IOS,6.6.0,1001-5000 ms,147
2026-05-30,ISSUED_DOCUMENT_EVIDENCE,IOS,6.6.0,1001-5000 ms,14
2026-05-30,DOWNLOAD_SELF_SIGN_DOCUMENT,IOS,6.7.0,1001-5000 ms,16
2026-05-30,ISSUED_DOCUMENT_EVIDENCE,IOS,6.6.2,1001-5000 ms,10
2026-05-30,ISSUED_DOCUMENT_EVIDENCE,IOS,6.6.1,1001-5000 ms,4
2026-05-30,NON_ACTIONABLE_NOTIFICATION_DETAILS,IOS,6.7.0,1001-5000 ms,895
2026-05-30,ISSUED_DOCUMENT_DETAILS,IOS,6.6.2,1001-5000 ms,41
2026-05-30,QR_VERIFICATION,IOS,6.7.0,1001-5000 ms,344
2026-05-30,ISSUED_DOCUMENT_DETAILS,IOS,6.5.0,1001-5000 ms,22
2026-05-30,ISSUED_DOCUMENT_EVIDENCE,IOS,6.5.0,1001-5000 ms,8
2026-05-30,NOTIFICATIONS_LIST,IOS,6.7.0,1001-5000 ms,3038
2026-05-30,DOCUMENTS_LIST,IOS,6.6.1,1001-5000 ms,48
2026-05-30,UPLOADED_DOCUMENT_EVIDENCE,IOS,6.7.0,1001-5000 ms,202
2026-05-30,DOCUMENTS_LIST,IOS,6.5.0,1001-5000 ms,104
2026-05-30,DOWNLOAD_DOCUMENT,IOS,6.7.0,1001-5000 ms,95
2026-05-30,SHARE_DOCUMENT,IOS,6.7.0,1001-5000 ms,111
2026-05-30,DOCUMENTS_LIST,IOS,6.7.0,1001-5000 ms,5107
2026-05-30,ISSUERS_LIST,IOS,6.7.0,1001-5000 ms,15527
2026-05-30,ISSUED_DOCUMENT_DETAILS,IOS,6.7.0,1001-5000 ms,1953
2026-05-30,ISSUED_DOCUMENT_EVIDENCE,IOS,6.7.0,1001-5000 ms,7284
2026-05-30,DOCUMENT_SELECTION_ISSUED_LIST,IOS,6.7.0,1001-5000 ms,27
2026-05-30,ACTIONABLE_NOTIFICATION_DETAILS,IOS,6.7.0,1001-5000 ms,5901
2026-05-30,DOCUMENTS_LIST,IOS,6.6.2,1001-5000 ms,127
2026-05-30,ISSUED_DOCUMENT_DETAILS,IOS,6.6.0,1001-5000 ms,49
2026-05-30,ISSUED_DOCUMENT_DETAILS,IOS,6.6.1,1001-5000 ms,11
2026-05-30,ISSUED_DOCUMENT_DETAILS,IOS,6.6.0,5001-10000 ms,9
2026-05-30,ISSUED_DOCUMENT_DETAILS,IOS,6.5.0,5001-10000 ms,7
2026-05-30,QR_VERIFICATION,IOS,6.7.0,5001-10000 ms,50
2026-05-30,ISSUED_DOCUMENT_DETAILS,IOS,6.7.0,5001-10000 ms,464
2026-05-30,ACTIONABLE_NOTIFICATION_DETAILS,IOS,6.7.0,5001-10000 ms,8423
2026-05-30,ISSUED_DOCUMENT_EVIDENCE,IOS,6.7.0,5001-10000 ms,1824
2026-05-30,DOCUMENTS_LIST,IOS,6.7.0,5001-10000 ms,655
2026-05-30,ISSUED_DOCUMENT_EVIDENCE,IOS,6.6.1,5001-10000 ms,2
2026-05-30,ISSUED_DOCUMENT_DETAILS,IOS,6.6.1,5001-10000 ms,2
2026-05-30,ISSUERS_LIST,IOS,6.7.0,5001-10000 ms,412
2026-05-30,DOCUMENTS_LIST,IOS,6.5.0,5001-10000 ms,14
2026-05-30,DOWNLOAD_DOCUMENT,IOS,6.7.0,5001-10000 ms,10
2026-05-30,ISSUED_DOCUMENT_EVIDENCE,IOS,6.6.0,5001-10000 ms,1
2026-05-30,ISSUED_DOCUMENT_EVIDENCE,IOS,6.6.2,5001-10000 ms,4
2026-05-30,DOCUMENT_SELECTION_ISSUED_LIST,IOS,6.7.0,5001-10000 ms,4
2026-05-30,NOTIFICATIONS_LIST,IOS,6.7.0,5001-10000 ms,413
2026-05-30,DOCUMENTS_LIST,IOS,6.6.1,5001-10000 ms,5
2026-05-30,DOWNLOAD_SELF_SIGN_DOCUMENT,IOS,6.7.0,5001-10000 ms,3
2026-05-30,UPLOADED_DOCUMENT_EVIDENCE,IOS,6.7.0,5001-10000 ms,33
2026-05-30,SHARE_DOCUMENT,IOS,6.7.0,5001-10000 ms,11
2026-05-30,DOCUMENTS_LIST,IOS,6.6.2,5001-10000 ms,22
2026-05-30,NON_ACTIONABLE_NOTIFICATION_DETAILS,IOS,6.7.0,5001-10000 ms,97
2026-05-30,ISSUED_DOCUMENT_DETAILS,IOS,6.6.2,5001-10000 ms,4
2026-05-30,DOCUMENTS_LIST,IOS,6.6.0,5001-10000 ms,27
2026-05-30,DOWNLOAD_SELF_SIGN_DOCUMENT,IOS,6.7.0,501-1000 ms,33
2026-05-30,ISSUED_DOCUMENT_DETAILS,IOS,6.6.0,501-1000 ms,163
2026-05-30,DOCUMENT_SELECTION_UPLOADED_LIST,IOS,6.7.0,501-1000 ms,1
2026-05-30,DOCUMENTS_LIST,IOS,6.6.0,501-1000 ms,647
2026-05-30,ISSUED_DOCUMENT_DETAILS,IOS,6.6.2,501-1000 ms,83
2026-05-30,NON_ACTIONABLE_NOTIFICATION_DETAILS,IOS,6.7.0,501-1000 ms,7790
2026-05-30,NOTIFICATIONS_LIST,IOS,6.7.0,501-1000 ms,14043
2026-05-30,DOCUMENTS_LIST,IOS,6.6.1,501-1000 ms,114
2026-05-30,DOWNLOAD_DOCUMENT,IOS,6.7.0,501-1000 ms,85
2026-05-30,ISSUERS_LIST,IOS,6.7.0,501-1000 ms,372
2026-05-30,QR_VERIFICATION,IOS,6.7.0,501-1000 ms,1484
2026-05-30,ACTIONABLE_NOTIFICATION_DETAILS,IOS,6.7.0,501-1000 ms,910
2026-05-30,ISSUED_DOCUMENT_EVIDENCE,IOS,6.6.0,501-1000 ms,14
2026-05-30,ISSUED_DOCUMENT_EVIDENCE,IOS,6.5.0,501-1000 ms,3
2026-05-30,ISSUED_DOCUMENT_DETAILS,IOS,6.6.1,501-1000 ms,28
2026-05-30,DOCUMENTS_LIST,IOS,6.6.2,501-1000 ms,405
2026-05-30,ISSUED_DOCUMENT_DETAILS,IOS,6.7.0,501-1000 ms,7591
2026-05-30,ISSUED_DOCUMENT_DETAILS,IOS,6.5.0,501-1000 ms,85
2026-05-30,DOCUMENTS_LIST,IOS,6.7.0,501-1000 ms,21799
2026-05-30,ISSUED_DOCUMENT_EVIDENCE,IOS,6.6.1,501-1000 ms,3
2026-05-30,ISSUED_DOCUMENT_EVIDENCE,IOS,6.6.2,501-1000 ms,3
2026-05-30,DOCUMENT_SELECTION_ISSUED_LIST,IOS,6.7.0,501-1000 ms,70
2026-05-30,DOCUMENTS_LIST,IOS,6.5.0,501-1000 ms,286
2026-05-30,SHARE_DOCUMENT,IOS,6.7.0,501-1000 ms,80
2026-05-30,UPLOADED_DOCUMENT_EVIDENCE,IOS,6.7.0,501-1000 ms,319
2026-05-30,ISSUED_DOCUMENT_EVIDENCE,IOS,6.7.0,501-1000 ms,926
2026-05-30,ISSUED_DOCUMENT_EVIDENCE,IOS,6.7.0,< 0 ms,1
2026-05-30,ISSUED_DOCUMENT_EVIDENCE,IOS,6.6.1,< 0 ms,1
2026-05-30,DOCUMENTS_LIST,IOS,6.7.0,< 0 ms,2
2026-05-30,ACTIONABLE_NOTIFICATION_DETAILS,IOS,6.7.0,< 0 ms,17
2026-05-30,ISSUED_DOCUMENT_EVIDENCE,IOS,6.6.0,= 0 ms,228
2026-05-30,ISSUED_DOCUMENT_EVIDENCE,IOS,6.6.1,= 0 ms,42
2026-05-30,ISSUERS_LIST,IOS,6.7.0,= 0 ms,2494
2026-05-30,ACTIONABLE_NOTIFICATION_DETAILS,IOS,6.7.0,= 0 ms,2239
2026-05-30,DOCUMENT_SELECTION_ISSUED_LIST,IOS,6.7.0,= 0 ms,26
2026-05-30,UPLOADED_DOCUMENT_EVIDENCE,IOS,6.7.0,= 0 ms,85
2026-05-30,DOCUMENTS_LIST,IOS,6.7.0,= 0 ms,18066
2026-05-30,ISSUED_DOCUMENT_DETAILS,IOS,6.7.0,= 0 ms,2651
2026-05-30,DOCUMENTS_LIST,IOS,6.6.1,= 0 ms,83
2026-05-30,ISSUED_DOCUMENT_DETAILS,IOS,6.5.0,= 0 ms,27
2026-05-30,QR_VERIFICATION,IOS,6.7.0,= 0 ms,544
2026-05-30,DOWNLOAD_SELF_SIGN_DOCUMENT,IOS,6.7.0,= 0 ms,16
2026-05-30,DOCUMENT_SELECTION_UPLOADED_LIST,IOS,6.7.0,= 0 ms,1
2026-05-30,DOCUMENTS_LIST,IOS,6.6.2,= 0 ms,272
2026-05-30,NON_ACTIONABLE_NOTIFICATION_DETAILS,IOS,6.7.0,= 0 ms,17019
2026-05-30,ISSUED_DOCUMENT_EVIDENCE,IOS,6.5.0,= 0 ms,145
2026-05-30,DOCUMENTS_LIST,IOS,6.6.0,= 0 ms,401
2026-05-30,ISSUED_DOCUMENT_DETAILS,IOS,6.6.0,= 0 ms,45
2026-05-30,ISSUED_DOCUMENT_DETAILS,IOS,6.6.2,= 0 ms,36
2026-05-30,ISSUED_DOCUMENT_DETAILS,IOS,6.6.1,= 0 ms,13
2026-05-30,SHARE_DOCUMENT,IOS,6.7.0,= 0 ms,4
2026-05-30,DOWNLOAD_DOCUMENT,IOS,6.7.0,= 0 ms,5
2026-05-30,ISSUED_DOCUMENT_EVIDENCE,IOS,6.7.0,= 0 ms,258
2026-05-30,ISSUED_DOCUMENT_EVIDENCE,IOS,6.6.2,= 0 ms,191
2026-05-30,DOCUMENTS_LIST,IOS,6.5.0,= 0 ms,222
2026-05-30,NOTIFICATIONS_LIST,IOS,6.7.0,= 0 ms,29822
2026-05-31,QR_VERIFICATION,IOS,6.7.0,10000+ ms,145
2026-05-31,DOCUMENT_SELECTION_ISSUED_LIST,IOS,6.7.0,10000+ ms,35
2026-05-31,ISSUED_DOCUMENT_EVIDENCE,IOS,6.7.0,10000+ ms,1615
2026-05-31,ISSUED_DOCUMENT_EVIDENCE,IOS,6.5.0,10000+ ms,7
2026-05-31,UPLOADED_DOCUMENT_EVIDENCE,IOS,6.7.0,10000+ ms,26
2026-05-31,ACTIONABLE_NOTIFICATION_DETAILS,IOS,6.7.0,10000+ ms,10917
2026-05-31,DOCUMENT_SELECTION_UPLOADED_LIST,IOS,6.7.0,10000+ ms,6
2026-05-31,ISSUED_DOCUMENT_DETAILS,IOS,6.5.0,10000+ ms,23
2026-05-31,ISSUED_DOCUMENT_DETAILS,IOS,6.6.1,10000+ ms,4
2026-05-31,DOCUMENTS_LIST,IOS,6.6.2,10000+ ms,11
2026-05-31,DOCUMENTS_LIST,IOS,6.6.1,10000+ ms,1
2026-05-31,DOWNLOAD_SELF_SIGN_DOCUMENT,IOS,6.7.0,10000+ ms,14
2026-05-31,NOTIFICATIONS_LIST,IOS,6.7.0,10000+ ms,262
2026-05-31,SHARE_DOCUMENT,IOS,6.7.0,10000+ ms,28
2026-05-31,ISSUED_DOCUMENT_DETAILS,IOS,6.7.0,10000+ ms,1222
2026-05-31,ISSUED_DOCUMENT_DETAILS,IOS,6.6.0,10000+ ms,32
2026-05-31,DOCUMENTS_LIST,IOS,6.6.0,10000+ ms,16
2026-05-31,DOCUMENTS_LIST,IOS,6.7.0,10000+ ms,460
2026-05-31,ISSUERS_LIST,IOS,6.7.0,10000+ ms,154
2026-05-31,NON_ACTIONABLE_NOTIFICATION_DETAILS,IOS,6.7.0,10000+ ms,98
2026-05-31,ISSUED_DOCUMENT_EVIDENCE,IOS,6.6.1,10000+ ms,1
2026-05-31,DOCUMENTS_LIST,IOS,6.5.0,10000+ ms,11
2026-05-31,ISSUED_DOCUMENT_EVIDENCE,IOS,6.6.2,10000+ ms,3
2026-05-31,ISSUED_DOCUMENT_EVIDENCE,IOS,6.6.0,10000+ ms,6
2026-05-31,DOWNLOAD_DOCUMENT,IOS,6.7.0,10000+ ms,23
2026-05-31,ISSUED_DOCUMENT_DETAILS,IOS,6.6.2,10000+ ms,11
2026-05-31,ISSUED_DOCUMENT_EVIDENCE,IOS,6.6.1,1001-5000 ms,2
2026-05-31,NON_ACTIONABLE_NOTIFICATION_DETAILS,IOS,6.7.0,1001-5000 ms,846
2026-05-31,ISSUED_DOCUMENT_DETAILS,IOS,6.6.1,1001-5000 ms,7
2026-05-31,ISSUED_DOCUMENT_DETAILS,IOS,6.6.0,1001-5000 ms,51
2026-05-31,ISSUED_DOCUMENT_DETAILS,IOS,6.6.2,1001-5000 ms,38
2026-05-31,SHARE_DOCUMENT,IOS,6.7.0,1001-5000 ms,104
2026-05-31,ISSUERS_LIST,IOS,6.7.0,1001-5000 ms,14954
2026-05-31,DOCUMENTS_LIST,IOS,6.7.0,1001-5000 ms,4966
2026-05-31,ISSUED_DOCUMENT_EVIDENCE,IOS,6.6.2,1001-5000 ms,4
2026-05-31,ACTIONABLE_NOTIFICATION_DETAILS,IOS,6.7.0,1001-5000 ms,5329
2026-05-31,DOCUMENT_SELECTION_ISSUED_LIST,IOS,6.7.0,1001-5000 ms,17
2026-05-31,DOCUMENTS_LIST,IOS,6.6.2,1001-5000 ms,129
2026-05-31,NOTIFICATIONS_LIST,IOS,6.7.0,1001-5000 ms,2797
2026-05-31,QR_VERIFICATION,IOS,6.7.0,1001-5000 ms,339
2026-05-31,ISSUED_DOCUMENT_EVIDENCE,IOS,6.7.0,1001-5000 ms,6757
2026-05-31,ISSUED_DOCUMENT_EVIDENCE,IOS,6.5.0,1001-5000 ms,14
2026-05-31,DOWNLOAD_SELF_SIGN_DOCUMENT,IOS,6.7.0,1001-5000 ms,12
2026-05-31,ISSUED_DOCUMENT_DETAILS,IOS,6.5.0,1001-5000 ms,20
2026-05-31,DOCUMENTS_LIST,IOS,6.6.1,1001-5000 ms,36
2026-05-31,ISSUED_DOCUMENT_DETAILS,IOS,6.7.0,1001-5000 ms,1941
2026-05-31,UPLOADED_DOCUMENT_EVIDENCE,IOS,6.7.0,1001-5000 ms,200
2026-05-31,DOCUMENTS_LIST,IOS,6.6.0,1001-5000 ms,165
2026-05-31,DOCUMENTS_LIST,IOS,6.5.0,1001-5000 ms,92
2026-05-31,ISSUED_DOCUMENT_EVIDENCE,IOS,6.6.0,1001-5000 ms,14
2026-05-31,DOWNLOAD_DOCUMENT,IOS,6.7.0,1001-5000 ms,86
2026-05-31,QR_VERIFICATION,IOS,6.7.0,5001-10000 ms,57
2026-05-31,DOCUMENT_SELECTION_ISSUED_LIST,IOS,6.7.0,5001-10000 ms,3
2026-05-31,NON_ACTIONABLE_NOTIFICATION_DETAILS,IOS,6.7.0,5001-10000 ms,99
2026-05-31,DOCUMENTS_LIST,IOS,6.5.0,5001-10000 ms,19
2026-05-31,ISSUED_DOCUMENT_EVIDENCE,IOS,6.6.1,5001-10000 ms,1
2026-05-31,ACTIONABLE_NOTIFICATION_DETAILS,IOS,6.7.0,5001-10000 ms,7626
2026-05-31,DOCUMENTS_LIST,IOS,6.7.0,5001-10000 ms,634
2026-05-31,ISSUED_DOCUMENT_DETAILS,IOS,6.7.0,5001-10000 ms,484
2026-05-31,ISSUED_DOCUMENT_DETAILS,IOS,6.5.0,5001-10000 ms,4
2026-05-31,ISSUED_DOCUMENT_DETAILS,IOS,6.6.2,5001-10000 ms,8
2026-05-31,ISSUED_DOCUMENT_DETAILS,IOS,6.6.0,5001-10000 ms,12
2026-05-31,ISSUERS_LIST,IOS,6.7.0,5001-10000 ms,374
2026-05-31,DOCUMENTS_LIST,IOS,6.6.2,5001-10000 ms,20
2026-05-31,SHARE_DOCUMENT,IOS,6.7.0,5001-10000 ms,21
2026-05-31,DOWNLOAD_DOCUMENT,IOS,6.7.0,5001-10000 ms,10
2026-05-31,DOCUMENTS_LIST,IOS,6.6.1,5001-10000 ms,9
2026-05-31,ISSUED_DOCUMENT_EVIDENCE,IOS,6.6.2,5001-10000 ms,1
2026-05-31,ISSUED_DOCUMENT_EVIDENCE,IOS,6.5.0,5001-10000 ms,2
2026-05-31,DOCUMENTS_LIST,IOS,6.6.0,5001-10000 ms,34
2026-05-31,UPLOADED_DOCUMENT_EVIDENCE,IOS,6.7.0,5001-10000 ms,32
2026-05-31,DOWNLOAD_SELF_SIGN_DOCUMENT,IOS,6.7.0,5001-10000 ms,6
2026-05-31,ISSUED_DOCUMENT_EVIDENCE,IOS,6.6.0,5001-10000 ms,2
2026-05-31,ISSUED_DOCUMENT_DETAILS,IOS,6.6.1,5001-10000 ms,1
2026-05-31,NOTIFICATIONS_LIST,IOS,6.7.0,5001-10000 ms,397
2026-05-31,ISSUED_DOCUMENT_EVIDENCE,IOS,6.7.0,5001-10000 ms,1692
2026-05-31,ISSUED_DOCUMENT_EVIDENCE,IOS,6.6.0,501-1000 ms,7
2026-05-31,QR_VERIFICATION,IOS,6.7.0,501-1000 ms,1287
2026-05-31,ISSUED_DOCUMENT_EVIDENCE,IOS,6.5.0,501-1000 ms,6
2026-05-31,DOCUMENT_SELECTION_UPLOADED_LIST,IOS,6.7.0,501-1000 ms,2
2026-05-31,ISSUED_DOCUMENT_EVIDENCE,IOS,6.6.1,501-1000 ms,3
2026-05-31,ISSUED_DOCUMENT_DETAILS,IOS,6.6.1,501-1000 ms,24
2026-05-31,DOCUMENTS_LIST,IOS,6.6.1,501-1000 ms,90
2026-05-31,DOCUMENTS_LIST,IOS,6.5.0,501-1000 ms,314
2026-05-31,DOCUMENTS_LIST,IOS,6.6.0,501-1000 ms,546
2026-05-31,DOCUMENTS_LIST,IOS,6.6.2,501-1000 ms,350
2026-05-31,ISSUERS_LIST,IOS,6.7.0,501-1000 ms,401
2026-05-31,ISSUED_DOCUMENT_DETAILS,IOS,6.7.0,501-1000 ms,7077
2026-05-31,ISSUED_DOCUMENT_EVIDENCE,IOS,6.7.0,501-1000 ms,826
2026-05-31,ACTIONABLE_NOTIFICATION_DETAILS,IOS,6.7.0,501-1000 ms,881
2026-05-31,ISSUED_DOCUMENT_DETAILS,IOS,6.5.0,501-1000 ms,80
2026-05-31,NOTIFICATIONS_LIST,IOS,6.7.0,501-1000 ms,13761
2026-05-31,SHARE_DOCUMENT,IOS,6.7.0,501-1000 ms,71
2026-05-31,DOCUMENT_SELECTION_ISSUED_LIST,IOS,6.7.0,501-1000 ms,57
2026-05-31,NON_ACTIONABLE_NOTIFICATION_DETAILS,IOS,6.7.0,501-1000 ms,7401
2026-05-31,DOWNLOAD_SELF_SIGN_DOCUMENT,IOS,6.7.0,501-1000 ms,42
2026-05-31,ISSUED_DOCUMENT_DETAILS,IOS,6.6.2,501-1000 ms,90
2026-05-31,ISSUED_DOCUMENT_EVIDENCE,IOS,6.6.2,501-1000 ms,4
2026-05-31,ISSUED_DOCUMENT_DETAILS,IOS,6.6.0,501-1000 ms,138
2026-05-31,UPLOADED_DOCUMENT_EVIDENCE,IOS,6.7.0,501-1000 ms,303
2026-05-31,DOWNLOAD_DOCUMENT,IOS,6.7.0,501-1000 ms,83
2026-05-31,DOCUMENTS_LIST,IOS,6.7.0,501-1000 ms,20835
2026-05-31,DOCUMENTS_LIST,IOS,6.7.0,< 0 ms,1
2026-05-31,ACTIONABLE_NOTIFICATION_DETAILS,IOS,6.7.0,< 0 ms,10
2026-05-31,ISSUED_DOCUMENT_DETAILS,IOS,6.7.0,= 0 ms,2353
2026-05-31,NOTIFICATIONS_LIST,IOS,6.7.0,= 0 ms,29089
2026-05-31,ISSUED_DOCUMENT_DETAILS,IOS,6.6.2,= 0 ms,24
2026-05-31,DOCUMENTS_LIST,IOS,6.6.0,= 0 ms,409
2026-05-31,DOCUMENT_SELECTION_ISSUED_LIST,IOS,6.7.0,= 0 ms,12
2026-05-31,SHARE_DOCUMENT,IOS,6.7.0,= 0 ms,6
2026-05-31,NON_ACTIONABLE_NOTIFICATION_DETAILS,IOS,6.7.0,= 0 ms,16652
2026-05-31,DOCUMENT_SELECTION_UPLOADED_LIST,IOS,6.7.0,= 0 ms,5
2026-05-31,DOCUMENTS_LIST,IOS,6.6.2,= 0 ms,256
2026-05-31,ACTIONABLE_NOTIFICATION_DETAILS,IOS,6.7.0,= 0 ms,2122
2026-05-31,DOWNLOAD_DOCUMENT,IOS,6.7.0,= 0 ms,3
2026-05-31,UPLOADED_DOCUMENT_EVIDENCE,IOS,6.7.0,= 0 ms,116
2026-05-31,ISSUED_DOCUMENT_EVIDENCE,IOS,6.7.0,= 0 ms,274
2026-05-31,DOWNLOAD_SELF_SIGN_DOCUMENT,IOS,6.7.0,= 0 ms,36
2026-05-31,ISSUED_DOCUMENT_EVIDENCE,IOS,6.5.0,= 0 ms,135
2026-05-31,DOCUMENTS_LIST,IOS,6.7.0,= 0 ms,17579
2026-05-31,ISSUED_DOCUMENT_EVIDENCE,IOS,6.6.1,= 0 ms,35
2026-05-31,ISSUED_DOCUMENT_DETAILS,IOS,6.6.1,= 0 ms,6
2026-05-31,ISSUED_DOCUMENT_EVIDENCE,IOS,6.6.2,= 0 ms,150
2026-05-31,DOCUMENTS_LIST,IOS,6.6.1,= 0 ms,71
2026-05-31,DOCUMENTS_LIST,IOS,6.5.0,= 0 ms,235
2026-05-31,ISSUED_DOCUMENT_EVIDENCE,IOS,6.6.0,= 0 ms,227
2026-05-31,ISSUERS_LIST,IOS,6.7.0,= 0 ms,2323
2026-05-31,ISSUED_DOCUMENT_DETAILS,IOS,6.6.0,= 0 ms,44
2026-05-31,QR_VERIFICATION,IOS,6.7.0,= 0 ms,508
2026-05-31,ISSUED_DOCUMENT_DETAILS,IOS,6.5.0,= 0 ms,20
2026-06-01,ACTIONABLE_NOTIFICATION_DETAILS,IOS,6.7.0,10000+ ms,22158
2026-06-01,SHARE_DOCUMENT,IOS,6.7.0,10000+ ms,85
2026-06-01,DOCUMENTS_LIST,IOS,6.5.0,10000+ ms,23
2026-06-01,ISSUED_DOCUMENT_DETAILS,IOS,6.5.0,10000+ ms,27
2026-06-01,ISSUED_DOCUMENT_DETAILS,IOS,6.6.1,10000+ ms,12
2026-06-01,ISSUED_DOCUMENT_DETAILS,IOS,6.6.2,10000+ ms,39
2026-06-01,UPLOADED_DOCUMENT_EVIDENCE,IOS,6.7.0,10000+ ms,51
2026-06-01,ISSUERS_LIST,IOS,6.7.0,10000+ ms,380
2026-06-01,DOCUMENTS_LIST,IOS,6.6.0,10000+ ms,43
2026-06-01,DOCUMENT_SELECTION_ISSUED_LIST,IOS,6.7.0,10000+ ms,42
2026-06-01,DOWNLOAD_SELF_SIGN_DOCUMENT,IOS,6.7.0,10000+ ms,35
2026-06-01,NOTIFICATIONS_LIST,IOS,6.7.0,10000+ ms,646
2026-06-01,ISSUED_DOCUMENT_EVIDENCE,IOS,6.5.0,10000+ ms,11
2026-06-01,ISSUED_DOCUMENT_EVIDENCE,IOS,6.6.2,10000+ ms,9
2026-06-01,ISSUED_DOCUMENT_EVIDENCE,IOS,6.6.0,10000+ ms,17
2026-06-01,ISSUED_DOCUMENT_DETAILS,IOS,6.7.0,10000+ ms,2458
2026-06-01,ISSUED_DOCUMENT_DETAILS,IOS,6.6.0,10000+ ms,49
2026-06-01,NON_ACTIONABLE_NOTIFICATION_DETAILS,IOS,6.7.0,10000+ ms,158
2026-06-01,DOCUMENT_SELECTION_UPLOADED_LIST,IOS,6.7.0,10000+ ms,1
2026-06-01,DOCUMENTS_LIST,IOS,6.6.1,10000+ ms,5
2026-06-01,DOCUMENTS_LIST,IOS,6.7.0,10000+ ms,844
2026-06-01,QR_VERIFICATION,IOS,6.7.0,10000+ ms,328
2026-06-01,DOWNLOAD_DOCUMENT,IOS,6.7.0,10000+ ms,59
2026-06-01,ISSUED_DOCUMENT_EVIDENCE,IOS,6.6.1,10000+ ms,6
2026-06-01,ISSUED_DOCUMENT_EVIDENCE,IOS,6.7.0,10000+ ms,3550
2026-06-01,DOCUMENTS_LIST,IOS,6.6.2,10000+ ms,19
2026-06-01,DOCUMENTS_LIST,IOS,6.5.0,1001-5000 ms,293
2026-06-01,DOCUMENTS_LIST,IOS,6.6.2,1001-5000 ms,366
2026-06-01,NON_ACTIONABLE_NOTIFICATION_DETAILS,IOS,6.7.0,1001-5000 ms,1732
2026-06-01,ISSUED_DOCUMENT_EVIDENCE,IOS,6.7.0,1001-5000 ms,11696
2026-06-01,DOCUMENT_SELECTION_ISSUED_LIST,IOS,6.7.0,1001-5000 ms,64
2026-06-01,SHARE_DOCUMENT,IOS,6.7.0,1001-5000 ms,241
2026-06-01,ISSUED_DOCUMENT_EVIDENCE,IOS,6.6.1,1001-5000 ms,10
2026-06-01,ISSUED_DOCUMENT_DETAILS,IOS,6.6.1,1001-5000 ms,24
2026-06-01,NOTIFICATIONS_LIST,IOS,6.7.0,1001-5000 ms,7792
2026-06-01,ISSUERS_LIST,IOS,6.7.0,1001-5000 ms,27214
2026-06-01,ISSUED_DOCUMENT_EVIDENCE,IOS,6.6.0,1001-5000 ms,36
2026-06-01,DOWNLOAD_SELF_SIGN_DOCUMENT,IOS,6.7.0,1001-5000 ms,31
2026-06-01,ISSUED_DOCUMENT_DETAILS,IOS,6.5.0,1001-5000 ms,56
2026-06-01,ISSUED_DOCUMENT_DETAILS,IOS,6.6.2,1001-5000 ms,86
2026-06-01,ISSUED_DOCUMENT_DETAILS,IOS,6.7.0,1001-5000 ms,5126
2026-06-01,DOCUMENTS_LIST,IOS,6.6.0,1001-5000 ms,600
2026-06-01,DOWNLOAD_DOCUMENT,IOS,6.7.0,1001-5000 ms,212
2026-06-01,ACTIONABLE_NOTIFICATION_DETAILS,IOS,6.7.0,1001-5000 ms,7585
2026-06-01,DOCUMENTS_LIST,IOS,6.7.0,1001-5000 ms,18398
2026-06-01,ISSUED_DOCUMENT_EVIDENCE,IOS,6.5.0,1001-5000 ms,18
2026-06-01,ISSUED_DOCUMENT_EVIDENCE,IOS,6.6.2,1001-5000 ms,22
2026-06-01,ISSUED_DOCUMENT_DETAILS,IOS,6.6.0,1001-5000 ms,134
2026-06-01,QR_VERIFICATION,IOS,6.7.0,1001-5000 ms,997
2026-06-01,DOCUMENTS_LIST,IOS,6.6.1,1001-5000 ms,81
2026-06-01,UPLOADED_DOCUMENT_EVIDENCE,IOS,6.7.0,1001-5000 ms,382
2026-06-01,UPLOADED_DOCUMENT_EVIDENCE,IOS,6.7.0,5001-10000 ms,65
2026-06-01,NOTIFICATIONS_LIST,IOS,6.7.0,5001-10000 ms,815
2026-06-01,ACTIONABLE_NOTIFICATION_DETAILS,IOS,6.7.0,5001-10000 ms,6864
2026-06-01,DOCUMENTS_LIST,IOS,6.6.0,5001-10000 ms,49
2026-06-01,DOCUMENTS_LIST,IOS,6.6.1,5001-10000 ms,10
2026-06-01,SHARE_DOCUMENT,IOS,6.7.0,5001-10000 ms,41
2026-06-01,ISSUED_DOCUMENT_DETAILS,IOS,6.6.1,5001-10000 ms,1
2026-06-01,ISSUED_DOCUMENT_EVIDENCE,IOS,6.6.2,5001-10000 ms,2
2026-06-01,DOCUMENTS_LIST,IOS,6.7.0,5001-10000 ms,1165
2026-06-01,ISSUED_DOCUMENT_EVIDENCE,IOS,6.6.0,5001-10000 ms,4
2026-06-01,ISSUED_DOCUMENT_DETAILS,IOS,6.7.0,5001-10000 ms,767
2026-06-01,DOWNLOAD_DOCUMENT,IOS,6.7.0,5001-10000 ms,33
2026-06-01,ISSUED_DOCUMENT_EVIDENCE,IOS,6.7.0,5001-10000 ms,4424
2026-06-01,ISSUERS_LIST,IOS,6.7.0,5001-10000 ms,2729
2026-06-01,DOCUMENTS_LIST,IOS,6.5.0,5001-10000 ms,22
2026-06-01,ISSUED_DOCUMENT_DETAILS,IOS,6.6.0,5001-10000 ms,16
2026-06-01,ISSUED_DOCUMENT_EVIDENCE,IOS,6.5.0,5001-10000 ms,3
2026-06-01,NON_ACTIONABLE_NOTIFICATION_DETAILS,IOS,6.7.0,5001-10000 ms,163
2026-06-01,ISSUED_DOCUMENT_DETAILS,IOS,6.6.2,5001-10000 ms,15
2026-06-01,DOCUMENTS_LIST,IOS,6.6.2,5001-10000 ms,30
2026-06-01,ISSUED_DOCUMENT_DETAILS,IOS,6.5.0,5001-10000 ms,7
2026-06-01,DOCUMENT_SELECTION_ISSUED_LIST,IOS,6.7.0,5001-10000 ms,9
2026-06-01,QR_VERIFICATION,IOS,6.7.0,5001-10000 ms,115
2026-06-01,DOWNLOAD_SELF_SIGN_DOCUMENT,IOS,6.7.0,5001-10000 ms,6
2026-06-01,ISSUED_DOCUMENT_DETAILS,IOS,6.7.0,501-1000 ms,12964
2026-06-01,SHARE_DOCUMENT,IOS,6.7.0,501-1000 ms,117
2026-06-01,ISSUERS_LIST,IOS,6.7.0,501-1000 ms,333
2026-06-01,DOCUMENTS_LIST,IOS,6.5.0,501-1000 ms,614
2026-06-01,ISSUED_DOCUMENT_EVIDENCE,IOS,6.5.0,501-1000 ms,4
2026-06-01,ISSUED_DOCUMENT_EVIDENCE,IOS,6.6.2,501-1000 ms,4
2026-06-01,NOTIFICATIONS_LIST,IOS,6.7.0,501-1000 ms,34341
2026-06-01,NON_ACTIONABLE_NOTIFICATION_DETAILS,IOS,6.7.0,501-1000 ms,16554
2026-06-01,DOCUMENTS_LIST,IOS,6.7.0,501-1000 ms,43327
2026-06-01,ISSUED_DOCUMENT_DETAILS,IOS,6.6.2,501-1000 ms,148
2026-06-01,ISSUED_DOCUMENT_DETAILS,IOS,6.5.0,501-1000 ms,132
2026-06-01,DOCUMENT_SELECTION_ISSUED_LIST,IOS,6.7.0,501-1000 ms,58
2026-06-01,DOCUMENT_SELECTION_UPLOADED_LIST,IOS,6.7.0,501-1000 ms,2
2026-06-01,QR_VERIFICATION,IOS,6.7.0,501-1000 ms,2770
2026-06-01,ACTIONABLE_NOTIFICATION_DETAILS,IOS,6.7.0,501-1000 ms,484
2026-06-01,DOWNLOAD_DOCUMENT,IOS,6.7.0,501-1000 ms,103
2026-06-01,ISSUED_DOCUMENT_DETAILS,IOS,6.6.1,501-1000 ms,52
2026-06-01,DOCUMENTS_LIST,IOS,6.6.1,501-1000 ms,187
2026-06-01,ISSUED_DOCUMENT_EVIDENCE,IOS,6.7.0,501-1000 ms,1068
2026-06-01,UPLOADED_DOCUMENT_EVIDENCE,IOS,6.7.0,501-1000 ms,518
2026-06-01,ISSUED_DOCUMENT_EVIDENCE,IOS,6.6.0,501-1000 ms,11
2026-06-01,DOCUMENTS_LIST,IOS,6.6.2,501-1000 ms,697
2026-06-01,DOCUMENTS_LIST,IOS,6.6.0,501-1000 ms,1045
2026-06-01,ISSUED_DOCUMENT_DETAILS,IOS,6.6.0,501-1000 ms,265
2026-06-01,DOWNLOAD_SELF_SIGN_DOCUMENT,IOS,6.7.0,501-1000 ms,107
2026-06-01,ISSUED_DOCUMENT_EVIDENCE,IOS,6.6.0,< 0 ms,1
2026-06-01,DOCUMENTS_LIST,IOS,6.7.0,< 0 ms,1
2026-06-01,ACTIONABLE_NOTIFICATION_DETAILS,IOS,6.7.0,< 0 ms,40
2026-06-01,DOCUMENT_SELECTION_UPLOADED_LIST,IOS,6.7.0,= 0 ms,2
2026-06-01,ACTIONABLE_NOTIFICATION_DETAILS,IOS,6.7.0,= 0 ms,6307
2026-06-01,ISSUED_DOCUMENT_EVIDENCE,IOS,6.6.0,= 0 ms,439
2026-06-01,SHARE_DOCUMENT,IOS,6.7.0,= 0 ms,7
2026-06-01,UPLOADED_DOCUMENT_EVIDENCE,IOS,6.7.0,= 0 ms,120
2026-06-01,DOCUMENT_SELECTION_ISSUED_LIST,IOS,6.7.0,= 0 ms,3
2026-06-01,NOTIFICATIONS_LIST,IOS,6.7.0,= 0 ms,60932
2026-06-01,NON_ACTIONABLE_NOTIFICATION_DETAILS,IOS,6.7.0,= 0 ms,29801
2026-06-01,ISSUERS_LIST,IOS,6.7.0,= 0 ms,5086
2026-06-01,DOCUMENTS_LIST,IOS,6.5.0,= 0 ms,338
2026-06-01,DOCUMENTS_LIST,IOS,6.6.0,= 0 ms,510
2026-06-01,ISSUED_DOCUMENT_DETAILS,IOS,6.7.0,= 0 ms,2833
2026-06-01,QR_VERIFICATION,IOS,6.7.0,= 0 ms,650
2026-06-01,ISSUED_DOCUMENT_EVIDENCE,IOS,6.5.0,= 0 ms,196
2026-06-01,ISSUED_DOCUMENT_DETAILS,IOS,6.6.1,= 0 ms,10
2026-06-01,DOCUMENTS_LIST,IOS,6.6.1,= 0 ms,88
2026-06-01,DOWNLOAD_DOCUMENT,IOS,6.7.0,= 0 ms,3
2026-06-01,DOCUMENTS_LIST,IOS,6.7.0,= 0 ms,22360
2026-06-01,ISSUED_DOCUMENT_DETAILS,IOS,6.6.2,= 0 ms,26
2026-06-01,ISSUED_DOCUMENT_EVIDENCE,IOS,6.6.2,= 0 ms,285
2026-06-01,ISSUED_DOCUMENT_EVIDENCE,IOS,6.7.0,= 0 ms,365
2026-06-01,DOWNLOAD_SELF_SIGN_DOCUMENT,IOS,6.7.0,= 0 ms,78
2026-06-01,DOCUMENTS_LIST,IOS,6.6.2,= 0 ms,345
2026-06-01,ISSUED_DOCUMENT_DETAILS,IOS,6.6.0,= 0 ms,64
2026-06-01,ISSUED_DOCUMENT_DETAILS,IOS,6.5.0,= 0 ms,25
2026-06-01,ISSUED_DOCUMENT_EVIDENCE,IOS,6.6.1,= 0 ms,77
2026-06-02,NOTIFICATIONS_LIST,IOS,6.7.0,10000+ ms,802
2026-06-02,DOCUMENTS_LIST,IOS,6.6.2,10000+ ms,25
2026-06-02,DOCUMENT_SELECTION_ISSUED_LIST,IOS,6.7.0,10000+ ms,36
2026-06-02,ACTIONABLE_NOTIFICATION_DETAILS,IOS,6.7.0,10000+ ms,20412
2026-06-02,ISSUED_DOCUMENT_EVIDENCE,IOS,6.5.0,10000+ ms,13
2026-06-02,DOCUMENTS_LIST,IOS,6.6.1,10000+ ms,4
2026-06-02,DOCUMENTS_LIST,IOS,6.6.0,10000+ ms,36
2026-06-02,ISSUED_DOCUMENT_EVIDENCE,IOS,6.6.0,10000+ ms,31
2026-06-02,ISSUED_DOCUMENT_EVIDENCE,IOS,6.6.1,10000+ ms,6
2026-06-02,ISSUED_DOCUMENT_DETAILS,IOS,6.6.0,10000+ ms,58
2026-06-02,ISSUED_DOCUMENT_DETAILS,IOS,6.5.0,10000+ ms,31
2026-06-02,ISSUED_DOCUMENT_DETAILS,IOS,6.7.0,10000+ ms,2573
2026-06-02,DOWNLOAD_SELF_SIGN_DOCUMENT,IOS,6.7.0,10000+ ms,28
2026-06-02,DOWNLOAD_DOCUMENT,IOS,6.7.0,10000+ ms,43
2026-06-02,UPLOADED_DOCUMENT_EVIDENCE,IOS,6.7.0,10000+ ms,53
2026-06-02,ISSUED_DOCUMENT_EVIDENCE,IOS,6.6.2,10000+ ms,10
2026-06-02,DOCUMENT_SELECTION_UPLOADED_LIST,IOS,6.7.0,10000+ ms,2
2026-06-02,ISSUED_DOCUMENT_EVIDENCE,IOS,6.7.0,10000+ ms,3691
2026-06-02,QR_VERIFICATION,IOS,6.7.0,10000+ ms,341
2026-06-02,SHARE_DOCUMENT,IOS,6.7.0,10000+ ms,80
2026-06-02,DOCUMENTS_LIST,IOS,6.5.0,10000+ ms,23
2026-06-02,ISSUERS_LIST,IOS,6.7.0,10000+ ms,484
2026-06-02,NON_ACTIONABLE_NOTIFICATION_DETAILS,IOS,6.7.0,10000+ ms,208
2026-06-02,DOCUMENTS_LIST,IOS,6.7.0,10000+ ms,1262
2026-06-02,ISSUED_DOCUMENT_DETAILS,IOS,6.6.2,10000+ ms,46
2026-06-02,ISSUED_DOCUMENT_DETAILS,IOS,6.6.1,10000+ ms,7
2026-06-02,DOWNLOAD_DOCUMENT,IOS,6.7.0,1001-5000 ms,221
2026-06-02,ISSUED_DOCUMENT_DETAILS,IOS,6.7.0,1001-5000 ms,4936
2026-06-02,DOWNLOAD_SELF_SIGN_DOCUMENT,IOS,6.7.0,1001-5000 ms,41
2026-06-02,DOCUMENTS_LIST,IOS,6.7.0,1001-5000 ms,16491
2026-06-02,ISSUED_DOCUMENT_EVIDENCE,IOS,6.7.0,1001-5000 ms,11498
2026-06-02,ISSUED_DOCUMENT_DETAILS,IOS,6.6.1,1001-5000 ms,23
2026-06-02,NON_ACTIONABLE_NOTIFICATION_DETAILS,IOS,6.7.0,1001-5000 ms,1731
2026-06-02,DOCUMENTS_LIST,IOS,6.6.1,1001-5000 ms,87
2026-06-02,UPLOADED_DOCUMENT_EVIDENCE,IOS,6.7.0,1001-5000 ms,343
2026-06-02,DOCUMENT_SELECTION_ISSUED_LIST,IOS,6.7.0,1001-5000 ms,51
2026-06-02,ISSUED_DOCUMENT_EVIDENCE,IOS,6.5.0,1001-5000 ms,14
2026-06-02,DOCUMENTS_LIST,IOS,6.6.0,1001-5000 ms,488
2026-06-02,ISSUED_DOCUMENT_DETAILS,IOS,6.5.0,1001-5000 ms,63
2026-06-02,SHARE_DOCUMENT,IOS,6.7.0,1001-5000 ms,249
2026-06-02,NOTIFICATIONS_LIST,IOS,6.7.0,1001-5000 ms,7454
2026-06-02,ISSUED_DOCUMENT_EVIDENCE,IOS,6.6.0,1001-5000 ms,24
2026-06-02,ISSUED_DOCUMENT_EVIDENCE,IOS,6.6.1,1001-5000 ms,5
2026-06-02,ISSUERS_LIST,IOS,6.7.0,1001-5000 ms,26039
2026-06-02,DOCUMENTS_LIST,IOS,6.5.0,1001-5000 ms,243
2026-06-02,QR_VERIFICATION,IOS,6.7.0,1001-5000 ms,911
2026-06-02,DOCUMENTS_LIST,IOS,6.6.2,1001-5000 ms,305
2026-06-02,ACTIONABLE_NOTIFICATION_DETAILS,IOS,6.7.0,1001-5000 ms,8456
2026-06-02,ISSUED_DOCUMENT_DETAILS,IOS,6.6.0,1001-5000 ms,126
2026-06-02,ISSUED_DOCUMENT_EVIDENCE,IOS,6.6.2,1001-5000 ms,26
2026-06-02,ISSUED_DOCUMENT_DETAILS,IOS,6.6.2,1001-5000 ms,77
2026-06-02,DOCUMENTS_LIST,IOS,6.6.2,5001-10000 ms,31
2026-06-02,ISSUED_DOCUMENT_DETAILS,IOS,6.5.0,5001-10000 ms,5
2026-06-02,QR_VERIFICATION,IOS,6.7.0,5001-10000 ms,115
2026-06-02,DOWNLOAD_SELF_SIGN_DOCUMENT,IOS,6.7.0,5001-10000 ms,15
2026-06-02,ISSUED_DOCUMENT_DETAILS,IOS,6.6.0,5001-10000 ms,17
2026-06-02,DOWNLOAD_DOCUMENT,IOS,6.7.0,5001-10000 ms,33
2026-06-02,ISSUED_DOCUMENT_DETAILS,IOS,6.6.1,5001-10000 ms,2
2026-06-02,ISSUED_DOCUMENT_EVIDENCE,IOS,6.5.0,5001-10000 ms,4
2026-06-02,ISSUED_DOCUMENT_DETAILS,IOS,6.6.2,5001-10000 ms,11
2026-06-02,ISSUED_DOCUMENT_EVIDENCE,IOS,6.6.2,5001-10000 ms,4
2026-06-02,UPLOADED_DOCUMENT_EVIDENCE,IOS,6.7.0,5001-10000 ms,55
2026-06-02,DOCUMENT_SELECTION_ISSUED_LIST,IOS,6.7.0,5001-10000 ms,1
2026-06-02,ISSUED_DOCUMENT_EVIDENCE,IOS,6.6.1,5001-10000 ms,1
2026-06-02,NOTIFICATIONS_LIST,IOS,6.7.0,5001-10000 ms,1071
2026-06-02,ISSUED_DOCUMENT_DETAILS,IOS,6.7.0,5001-10000 ms,879
2026-06-02,ISSUERS_LIST,IOS,6.7.0,5001-10000 ms,2723
2026-06-02,ISSUED_DOCUMENT_EVIDENCE,IOS,6.6.0,5001-10000 ms,9
2026-06-02,DOCUMENTS_LIST,IOS,6.5.0,5001-10000 ms,19
2026-06-02,DOCUMENTS_LIST,IOS,6.6.0,5001-10000 ms,67
2026-06-02,SHARE_DOCUMENT,IOS,6.7.0,5001-10000 ms,54
2026-06-02,DOCUMENTS_LIST,IOS,6.6.1,5001-10000 ms,8
2026-06-02,ACTIONABLE_NOTIFICATION_DETAILS,IOS,6.7.0,5001-10000 ms,6253
2026-06-02,DOCUMENTS_LIST,IOS,6.7.0,5001-10000 ms,1452
2026-06-02,ISSUED_DOCUMENT_EVIDENCE,IOS,6.7.0,5001-10000 ms,4033
2026-06-02,NON_ACTIONABLE_NOTIFICATION_DETAILS,IOS,6.7.0,5001-10000 ms,199
2026-06-02,DOCUMENTS_LIST,IOS,6.5.0,501-1000 ms,551
2026-06-02,DOWNLOAD_SELF_SIGN_DOCUMENT,IOS,6.7.0,501-1000 ms,112
2026-06-02,NOTIFICATIONS_LIST,IOS,6.7.0,501-1000 ms,31334
2026-06-02,QR_VERIFICATION,IOS,6.7.0,501-1000 ms,2729
2026-06-02,DOWNLOAD_DOCUMENT,IOS,6.7.0,501-1000 ms,97
2026-06-02,DOCUMENTS_LIST,IOS,6.6.1,501-1000 ms,159
2026-06-02,ISSUED_DOCUMENT_EVIDENCE,IOS,6.6.0,501-1000 ms,12
2026-06-02,ISSUED_DOCUMENT_DETAILS,IOS,6.5.0,501-1000 ms,142
2026-06-02,ISSUED_DOCUMENT_DETAILS,IOS,6.6.2,501-1000 ms,148
2026-06-02,ACTIONABLE_NOTIFICATION_DETAILS,IOS,6.7.0,501-1000 ms,506
2026-06-02,DOCUMENTS_LIST,IOS,6.6.0,501-1000 ms,1094
2026-06-02,ISSUED_DOCUMENT_EVIDENCE,IOS,6.5.0,501-1000 ms,12
2026-06-02,SHARE_DOCUMENT,IOS,6.7.0,501-1000 ms,117
2026-06-02,DOCUMENTS_LIST,IOS,6.6.2,501-1000 ms,607
2026-06-02,ISSUED_DOCUMENT_DETAILS,IOS,6.7.0,501-1000 ms,12612
2026-06-02,NON_ACTIONABLE_NOTIFICATION_DETAILS,IOS,6.7.0,501-1000 ms,15534
2026-06-02,ISSUED_DOCUMENT_EVIDENCE,IOS,6.6.1,501-1000 ms,2
2026-06-02,ISSUED_DOCUMENT_DETAILS,IOS,6.6.1,501-1000 ms,37
2026-06-02,ISSUERS_LIST,IOS,6.7.0,501-1000 ms,1218
2026-06-02,DOCUMENT_SELECTION_UPLOADED_LIST,IOS,6.7.0,501-1000 ms,1
2026-06-02,ISSUED_DOCUMENT_EVIDENCE,IOS,6.6.2,501-1000 ms,8
2026-06-02,UPLOADED_DOCUMENT_EVIDENCE,IOS,6.7.0,501-1000 ms,536
2026-06-02,DOCUMENT_SELECTION_ISSUED_LIST,IOS,6.7.0,501-1000 ms,57
2026-06-02,ISSUED_DOCUMENT_DETAILS,IOS,6.6.0,501-1000 ms,261
2026-06-02,ISSUED_DOCUMENT_EVIDENCE,IOS,6.7.0,501-1000 ms,1124
2026-06-02,DOCUMENTS_LIST,IOS,6.7.0,501-1000 ms,41441
2026-06-02,ISSUED_DOCUMENT_EVIDENCE,IOS,6.6.0,< 0 ms,1
2026-06-02,ISSUED_DOCUMENT_EVIDENCE,IOS,6.7.0,< 0 ms,1
2026-06-02,ACTIONABLE_NOTIFICATION_DETAILS,IOS,6.7.0,< 0 ms,29
2026-06-02,ISSUERS_LIST,IOS,6.7.0,< 0 ms,1
2026-06-02,DOCUMENTS_LIST,IOS,6.7.0,< 0 ms,5
2026-06-02,DOWNLOAD_SELF_SIGN_DOCUMENT,IOS,6.7.0,= 0 ms,64
2026-06-02,DOCUMENTS_LIST,IOS,6.7.0,= 0 ms,24607
2026-06-02,ISSUED_DOCUMENT_DETAILS,IOS,6.6.2,= 0 ms,28
2026-06-02,NON_ACTIONABLE_NOTIFICATION_DETAILS,IOS,6.7.0,= 0 ms,29559
2026-06-02,ISSUED_DOCUMENT_EVIDENCE,IOS,6.5.0,= 0 ms,243
2026-06-02,ISSUED_DOCUMENT_DETAILS,IOS,6.6.0,= 0 ms,48
2026-06-02,UPLOADED_DOCUMENT_EVIDENCE,IOS,6.7.0,= 0 ms,142
2026-06-02,ISSUED_DOCUMENT_EVIDENCE,IOS,6.6.1,= 0 ms,65
2026-06-02,NOTIFICATIONS_LIST,IOS,6.7.0,= 0 ms,58273
2026-06-02,DOCUMENT_SELECTION_UPLOADED_LIST,IOS,6.7.0,= 0 ms,2
2026-06-02,QR_VERIFICATION,IOS,6.7.0,= 0 ms,694
2026-06-02,DOWNLOAD_DOCUMENT,IOS,6.7.0,= 0 ms,10
2026-06-02,ISSUED_DOCUMENT_EVIDENCE,IOS,6.6.2,= 0 ms,273
2026-06-02,SHARE_DOCUMENT,IOS,6.7.0,= 0 ms,11
2026-06-02,DOCUMENTS_LIST,IOS,6.6.2,= 0 ms,308
2026-06-02,DOCUMENTS_LIST,IOS,6.6.0,= 0 ms,603
2026-06-02,ACTIONABLE_NOTIFICATION_DETAILS,IOS,6.7.0,= 0 ms,5833
2026-06-02,DOCUMENT_SELECTION_ISSUED_LIST,IOS,6.7.0,= 0 ms,4
2026-06-02,ISSUED_DOCUMENT_DETAILS,IOS,6.7.0,= 0 ms,3017
2026-06-02,ISSUED_DOCUMENT_DETAILS,IOS,6.5.0,= 0 ms,48
2026-06-02,ISSUED_DOCUMENT_EVIDENCE,IOS,6.7.0,= 0 ms,401
2026-06-02,ISSUED_DOCUMENT_DETAILS,IOS,6.6.1,= 0 ms,5
2026-06-02,DOCUMENTS_LIST,IOS,6.6.1,= 0 ms,86
2026-06-02,ISSUERS_LIST,IOS,6.7.0,= 0 ms,5055
2026-06-02,DOCUMENTS_LIST,IOS,6.5.0,= 0 ms,330
2026-06-02,ISSUED_DOCUMENT_EVIDENCE,IOS,6.6.0,= 0 ms,477
2026-06-03,NON_ACTIONABLE_NOTIFICATION_DETAILS,IOS,6.7.0,10000+ ms,165
2026-06-03,DOCUMENT_SELECTION_ISSUED_LIST,IOS,6.7.0,10000+ ms,37
2026-06-03,ISSUED_DOCUMENT_EVIDENCE,IOS,6.6.0,10000+ ms,13
2026-06-03,ISSUED_DOCUMENT_EVIDENCE,IOS,6.6.2,10000+ ms,6
2026-06-03,DOCUMENT_SELECTION_UPLOADED_LIST,IOS,6.7.0,10000+ ms,3
2026-06-03,SHARE_DOCUMENT,IOS,6.7.0,10000+ ms,103
2026-06-03,DOCUMENTS_LIST,IOS,6.7.0,10000+ ms,783
2026-06-03,ISSUED_DOCUMENT_DETAILS,IOS,6.7.0,10000+ ms,1700
2026-06-03,DOCUMENTS_LIST,IOS,6.5.0,10000+ ms,21
2026-06-03,ISSUED_DOCUMENT_EVIDENCE,IOS,6.5.0,10000+ ms,5
2026-06-03,NOTIFICATIONS_LIST,IOS,6.7.0,10000+ ms,577
2026-06-03,ISSUED_DOCUMENT_DETAILS,IOS,6.6.2,10000+ ms,22
2026-06-03,ISSUED_DOCUMENT_DETAILS,IOS,6.5.0,10000+ ms,23
2026-06-03,DOWNLOAD_DOCUMENT,IOS,6.7.0,10000+ ms,56
2026-06-03,UPLOADED_DOCUMENT_EVIDENCE,IOS,6.7.0,10000+ ms,64
2026-06-03,ISSUED_DOCUMENT_EVIDENCE,IOS,6.7.0,10000+ ms,2743
2026-06-03,ACTIONABLE_NOTIFICATION_DETAILS,IOS,6.7.0,10000+ ms,2459
2026-06-03,ISSUED_DOCUMENT_DETAILS,IOS,6.6.0,10000+ ms,43
2026-06-03,DOCUMENTS_LIST,IOS,6.6.2,10000+ ms,18
2026-06-03,ISSUERS_LIST,IOS,6.7.0,10000+ ms,273
2026-06-03,ISSUED_DOCUMENT_EVIDENCE,IOS,6.6.1,10000+ ms,2
2026-06-03,DOCUMENTS_LIST,IOS,6.6.1,10000+ ms,6
2026-06-03,DOWNLOAD_SELF_SIGN_DOCUMENT,IOS,6.7.0,10000+ ms,33
2026-06-03,DOCUMENTS_LIST,IOS,6.6.0,10000+ ms,32
2026-06-03,QR_VERIFICATION,IOS,6.7.0,10000+ ms,294
2026-06-03,ISSUED_DOCUMENT_DETAILS,IOS,6.6.1,10000+ ms,5
2026-06-03,ISSUED_DOCUMENT_EVIDENCE,IOS,6.5.0,1001-5000 ms,8
2026-06-03,ISSUED_DOCUMENT_EVIDENCE,IOS,6.6.0,1001-5000 ms,20
2026-06-03,DOWNLOAD_DOCUMENT,IOS,6.7.0,1001-5000 ms,197
2026-06-03,DOCUMENTS_LIST,IOS,6.6.0,1001-5000 ms,235
2026-06-03,DOWNLOAD_SELF_SIGN_DOCUMENT,IOS,6.7.0,1001-5000 ms,37
2026-06-03,DOCUMENTS_LIST,IOS,6.6.2,1001-5000 ms,164
2026-06-03,QR_VERIFICATION,IOS,6.7.0,1001-5000 ms,567
2026-06-03,ISSUED_DOCUMENT_DETAILS,IOS,6.7.0,1001-5000 ms,3414
2026-06-03,DOCUMENTS_LIST,IOS,6.7.0,1001-5000 ms,7157
2026-06-03,ISSUERS_LIST,IOS,6.7.0,1001-5000 ms,26069
2026-06-03,ACTIONABLE_NOTIFICATION_DETAILS,IOS,6.7.0,1001-5000 ms,27715
2026-06-03,DOCUMENT_SELECTION_ISSUED_LIST,IOS,6.7.0,1001-5000 ms,27
2026-06-03,ISSUED_DOCUMENT_EVIDENCE,IOS,6.6.2,1001-5000 ms,16
2026-06-03,UPLOADED_DOCUMENT_EVIDENCE,IOS,6.7.0,1001-5000 ms,309
2026-06-03,ISSUED_DOCUMENT_EVIDENCE,IOS,6.7.0,1001-5000 ms,11454
2026-06-03,ISSUED_DOCUMENT_DETAILS,IOS,6.6.0,1001-5000 ms,97
2026-06-03,NON_ACTIONABLE_NOTIFICATION_DETAILS,IOS,6.7.0,1001-5000 ms,1299
2026-06-03,ISSUED_DOCUMENT_DETAILS,IOS,6.6.1,1001-5000 ms,12
2026-06-03,ISSUED_DOCUMENT_EVIDENCE,IOS,6.6.1,1001-5000 ms,1
2026-06-03,ISSUED_DOCUMENT_DETAILS,IOS,6.5.0,1001-5000 ms,51
2026-06-03,DOCUMENTS_LIST,IOS,6.6.1,1001-5000 ms,31
2026-06-03,NOTIFICATIONS_LIST,IOS,6.7.0,1001-5000 ms,5496
2026-06-03,SHARE_DOCUMENT,IOS,6.7.0,1001-5000 ms,200
2026-06-03,DOCUMENTS_LIST,IOS,6.5.0,1001-5000 ms,109
2026-06-03,ISSUED_DOCUMENT_DETAILS,IOS,6.6.2,1001-5000 ms,59
2026-06-03,ACTIONABLE_NOTIFICATION_DETAILS,IOS,6.7.0,5001-10000 ms,4512
2026-06-03,ISSUED_DOCUMENT_DETAILS,IOS,6.6.0,5001-10000 ms,8
2026-06-03,DOCUMENTS_LIST,IOS,6.6.2,5001-10000 ms,16
2026-06-03,UPLOADED_DOCUMENT_EVIDENCE,IOS,6.7.0,5001-10000 ms,42
2026-06-03,DOWNLOAD_SELF_SIGN_DOCUMENT,IOS,6.7.0,5001-10000 ms,5
2026-06-03,ISSUED_DOCUMENT_DETAILS,IOS,6.5.0,5001-10000 ms,11
2026-06-03,ISSUED_DOCUMENT_EVIDENCE,IOS,6.6.2,5001-10000 ms,1
2026-06-03,ISSUED_DOCUMENT_DETAILS,IOS,6.6.2,5001-10000 ms,12
2026-06-03,QR_VERIFICATION,IOS,6.7.0,5001-10000 ms,103
2026-06-03,DOWNLOAD_DOCUMENT,IOS,6.7.0,5001-10000 ms,26
2026-06-03,DOCUMENTS_LIST,IOS,6.6.1,5001-10000 ms,7
2026-06-03,DOCUMENTS_LIST,IOS,6.7.0,5001-10000 ms,909
2026-06-03,NOTIFICATIONS_LIST,IOS,6.7.0,5001-10000 ms,709
2026-06-03,DOCUMENTS_LIST,IOS,6.5.0,5001-10000 ms,26
2026-06-03,DOCUMENTS_LIST,IOS,6.6.0,5001-10000 ms,38
2026-06-03,ISSUED_DOCUMENT_EVIDENCE,IOS,6.6.0,5001-10000 ms,5
2026-06-03,ISSUED_DOCUMENT_DETAILS,IOS,6.6.1,5001-10000 ms,2
2026-06-03,SHARE_DOCUMENT,IOS,6.7.0,5001-10000 ms,44
2026-06-03,ISSUERS_LIST,IOS,6.7.0,5001-10000 ms,392
2026-06-03,ISSUED_DOCUMENT_EVIDENCE,IOS,6.7.0,5001-10000 ms,3228
2026-06-03,ISSUED_DOCUMENT_EVIDENCE,IOS,6.5.0,5001-10000 ms,2
2026-06-03,DOCUMENT_SELECTION_ISSUED_LIST,IOS,6.7.0,5001-10000 ms,4
2026-06-03,ISSUED_DOCUMENT_DETAILS,IOS,6.7.0,5001-10000 ms,601
2026-06-03,NON_ACTIONABLE_NOTIFICATION_DETAILS,IOS,6.7.0,5001-10000 ms,156
2026-06-03,DOCUMENTS_LIST,IOS,6.6.1,501-1000 ms,133
2026-06-03,DOCUMENTS_LIST,IOS,6.6.2,501-1000 ms,578
2026-06-03,DOWNLOAD_DOCUMENT,IOS,6.7.0,501-1000 ms,112
2026-06-03,NON_ACTIONABLE_NOTIFICATION_DETAILS,IOS,6.7.0,501-1000 ms,12954
2026-06-03,NOTIFICATIONS_LIST,IOS,6.7.0,501-1000 ms,27186
2026-06-03,ISSUED_DOCUMENT_DETAILS,IOS,6.7.0,501-1000 ms,12700
2026-06-03,DOCUMENTS_LIST,IOS,6.7.0,501-1000 ms,38770
2026-06-03,ISSUERS_LIST,IOS,6.7.0,501-1000 ms,4645
2026-06-03,ISSUED_DOCUMENT_EVIDENCE,IOS,6.7.0,501-1000 ms,1057
2026-06-03,DOCUMENTS_LIST,IOS,6.6.0,501-1000 ms,977
2026-06-03,ISSUED_DOCUMENT_EVIDENCE,IOS,6.6.2,501-1000 ms,4
2026-06-03,QR_VERIFICATION,IOS,6.7.0,501-1000 ms,2544
2026-06-03,ISSUED_DOCUMENT_DETAILS,IOS,6.6.1,501-1000 ms,45
2026-06-03,ISSUED_DOCUMENT_EVIDENCE,IOS,6.5.0,501-1000 ms,2
2026-06-03,ISSUED_DOCUMENT_DETAILS,IOS,6.6.2,501-1000 ms,165
2026-06-03,ACTIONABLE_NOTIFICATION_DETAILS,IOS,6.7.0,501-1000 ms,1179
2026-06-03,DOCUMENTS_LIST,IOS,6.5.0,501-1000 ms,545
2026-06-03,SHARE_DOCUMENT,IOS,6.7.0,501-1000 ms,130
2026-06-03,ISSUED_DOCUMENT_EVIDENCE,IOS,6.6.0,501-1000 ms,7
2026-06-03,UPLOADED_DOCUMENT_EVIDENCE,IOS,6.7.0,501-1000 ms,562
2026-06-03,DOWNLOAD_SELF_SIGN_DOCUMENT,IOS,6.7.0,501-1000 ms,128
2026-06-03,DOCUMENT_SELECTION_ISSUED_LIST,IOS,6.7.0,501-1000 ms,41
2026-06-03,ISSUED_DOCUMENT_DETAILS,IOS,6.5.0,501-1000 ms,130
2026-06-03,ISSUED_DOCUMENT_DETAILS,IOS,6.6.0,501-1000 ms,224
2026-06-03,DOCUMENTS_LIST,IOS,6.7.0,< 0 ms,3
2026-06-03,ACTIONABLE_NOTIFICATION_DETAILS,IOS,6.7.0,< 0 ms,36
2026-06-03,ISSUED_DOCUMENT_EVIDENCE,IOS,6.5.0,= 0 ms,245
2026-06-03,DOWNLOAD_SELF_SIGN_DOCUMENT,IOS,6.7.0,= 0 ms,99
2026-06-03,DOCUMENTS_LIST,IOS,6.5.0,= 0 ms,437
2026-06-03,ISSUED_DOCUMENT_DETAILS,IOS,6.7.0,= 0 ms,3651
2026-06-03,DOCUMENTS_LIST,IOS,6.6.2,= 0 ms,460
2026-06-03,ISSUED_DOCUMENT_DETAILS,IOS,6.6.0,= 0 ms,51
2026-06-03,ISSUED_DOCUMENT_DETAILS,IOS,6.6.1,= 0 ms,6
2026-06-03,DOCUMENTS_LIST,IOS,6.6.1,= 0 ms,106
2026-06-03,UPLOADED_DOCUMENT_EVIDENCE,IOS,6.7.0,= 0 ms,181
2026-06-03,ISSUED_DOCUMENT_EVIDENCE,IOS,6.7.0,= 0 ms,328
2026-06-03,ISSUED_DOCUMENT_DETAILS,IOS,6.6.2,= 0 ms,29
2026-06-03,DOCUMENT_SELECTION_UPLOADED_LIST,IOS,6.7.0,= 0 ms,4
2026-06-03,DOWNLOAD_DOCUMENT,IOS,6.7.0,= 0 ms,8
2026-06-03,NON_ACTIONABLE_NOTIFICATION_DETAILS,IOS,6.7.0,= 0 ms,30736
2026-06-03,ISSUED_DOCUMENT_EVIDENCE,IOS,6.6.0,= 0 ms,385
2026-06-03,DOCUMENT_SELECTION_ISSUED_LIST,IOS,6.7.0,= 0 ms,6
2026-06-03,ISSUERS_LIST,IOS,6.7.0,= 0 ms,3387
2026-06-03,DOCUMENTS_LIST,IOS,6.6.0,= 0 ms,717
2026-06-03,QR_VERIFICATION,IOS,6.7.0,= 0 ms,844
2026-06-03,ISSUED_DOCUMENT_EVIDENCE,IOS,6.6.1,= 0 ms,65
2026-06-03,NOTIFICATIONS_LIST,IOS,6.7.0,= 0 ms,59921
2026-06-03,ISSUED_DOCUMENT_EVIDENCE,IOS,6.6.2,= 0 ms,244
2026-06-03,SHARE_DOCUMENT,IOS,6.7.0,= 0 ms,9
2026-06-03,ISSUED_DOCUMENT_DETAILS,IOS,6.5.0,= 0 ms,45
2026-06-03,DOCUMENTS_LIST,IOS,6.7.0,= 0 ms,34076
2026-06-03,ACTIONABLE_NOTIFICATION_DETAILS,IOS,6.7.0,= 0 ms,2471
2026-06-04,ISSUED_DOCUMENT_DETAILS,IOS,6.5.0,10000+ ms,15
2026-06-04,NOTIFICATIONS_LIST,IOS,6.7.0,10000+ ms,615
2026-06-04,DOWNLOAD_DOCUMENT,IOS,6.7.0,10000+ ms,57
2026-06-04,ISSUERS_LIST,IOS,6.7.0,10000+ ms,311
2026-06-04,DOCUMENT_SELECTION_ISSUED_LIST,IOS,6.7.0,10000+ ms,29
2026-06-04,ISSUED_DOCUMENT_EVIDENCE,IOS,6.6.2,10000+ ms,5
2026-06-04,ISSUED_DOCUMENT_DETAILS,IOS,6.6.1,10000+ ms,5
2026-06-04,SHARE_DOCUMENT,IOS,6.7.0,10000+ ms,93
2026-06-04,UPLOADED_DOCUMENT_EVIDENCE,IOS,6.7.0,10000+ ms,44
2026-06-04,ISSUED_DOCUMENT_EVIDENCE,IOS,6.5.0,10000+ ms,4
2026-06-04,DOWNLOAD_SELF_SIGN_DOCUMENT,IOS,6.7.0,10000+ ms,40
2026-06-04,QR_VERIFICATION,IOS,6.7.0,10000+ ms,240
2026-06-04,DOCUMENTS_LIST,IOS,6.5.0,10000+ ms,19
2026-06-04,ISSUED_DOCUMENT_DETAILS,IOS,6.7.0,10000+ ms,1449
2026-06-04,ISSUED_DOCUMENT_EVIDENCE,IOS,6.6.0,10000+ ms,6
2026-06-04,DOCUMENTS_LIST,IOS,6.6.0,10000+ ms,29
2026-06-04,NON_ACTIONABLE_NOTIFICATION_DETAILS,IOS,6.7.0,10000+ ms,161
2026-06-04,ACTIONABLE_NOTIFICATION_DETAILS,IOS,6.7.0,10000+ ms,2717
2026-06-04,DOCUMENTS_LIST,IOS,6.7.0,10000+ ms,825
2026-06-04,DOCUMENTS_LIST,IOS,6.6.2,10000+ ms,15
2026-06-04,DOCUMENTS_LIST,IOS,6.6.1,10000+ ms,6
2026-06-04,ISSUED_DOCUMENT_DETAILS,IOS,6.6.0,10000+ ms,29
2026-06-04,ISSUED_DOCUMENT_DETAILS,IOS,6.6.2,10000+ ms,21
2026-06-04,ISSUED_DOCUMENT_EVIDENCE,IOS,6.6.1,10000+ ms,1
2026-06-04,ISSUED_DOCUMENT_EVIDENCE,IOS,6.7.0,10000+ ms,2694
2026-06-04,ISSUED_DOCUMENT_DETAILS,IOS,6.6.0,1001-5000 ms,76
2026-06-04,QR_VERIFICATION,IOS,6.7.0,1001-5000 ms,633
2026-06-04,ISSUED_DOCUMENT_EVIDENCE,IOS,6.6.1,1001-5000 ms,1
2026-06-04,ISSUED_DOCUMENT_EVIDENCE,IOS,6.5.0,1001-5000 ms,3
2026-06-04,ACTIONABLE_NOTIFICATION_DETAILS,IOS,6.7.0,1001-5000 ms,25074
2026-06-04,DOCUMENTS_LIST,IOS,6.6.0,1001-5000 ms,220
2026-06-04,DOCUMENT_SELECTION_ISSUED_LIST,IOS,6.7.0,1001-5000 ms,24
2026-06-04,DOCUMENTS_LIST,IOS,6.6.2,1001-5000 ms,128
2026-06-04,UPLOADED_DOCUMENT_EVIDENCE,IOS,6.7.0,1001-5000 ms,292
2026-06-04,DOCUMENTS_LIST,IOS,6.6.1,1001-5000 ms,40
2026-06-04,NOTIFICATIONS_LIST,IOS,6.7.0,1001-5000 ms,5790
2026-06-04,ISSUED_DOCUMENT_EVIDENCE,IOS,6.7.0,1001-5000 ms,10585
2026-06-04,NON_ACTIONABLE_NOTIFICATION_DETAILS,IOS,6.7.0,1001-5000 ms,1516
2026-06-04,DOCUMENTS_LIST,IOS,6.7.0,1001-5000 ms,7479
2026-06-04,ISSUED_DOCUMENT_DETAILS,IOS,6.5.0,1001-5000 ms,39
2026-06-04,SHARE_DOCUMENT,IOS,6.7.0,1001-5000 ms,222
2026-06-04,ISSUED_DOCUMENT_DETAILS,IOS,6.7.0,1001-5000 ms,3521
2026-06-04,DOWNLOAD_DOCUMENT,IOS,6.7.0,1001-5000 ms,198
2026-06-04,ISSUED_DOCUMENT_EVIDENCE,IOS,6.6.2,1001-5000 ms,4
2026-06-04,ISSUERS_LIST,IOS,6.7.0,1001-5000 ms,27676
2026-06-04,ISSUED_DOCUMENT_DETAILS,IOS,6.6.2,1001-5000 ms,48
2026-06-04,ISSUED_DOCUMENT_EVIDENCE,IOS,6.6.0,1001-5000 ms,9
2026-06-04,DOCUMENTS_LIST,IOS,6.5.0,1001-5000 ms,129
2026-06-04,DOWNLOAD_SELF_SIGN_DOCUMENT,IOS,6.7.0,1001-5000 ms,24
2026-06-04,ISSUED_DOCUMENT_DETAILS,IOS,6.6.1,1001-5000 ms,12
2026-06-04,ISSUED_DOCUMENT_EVIDENCE,IOS,6.5.0,5001-10000 ms,1
2026-06-04,UPLOADED_DOCUMENT_EVIDENCE,IOS,6.7.0,5001-10000 ms,44
2026-06-04,SHARE_DOCUMENT,IOS,6.7.0,5001-10000 ms,33
2026-06-04,NON_ACTIONABLE_NOTIFICATION_DETAILS,IOS,6.7.0,5001-10000 ms,153
2026-06-04,ISSUED_DOCUMENT_DETAILS,IOS,6.7.0,5001-10000 ms,433
2026-06-04,DOCUMENTS_LIST,IOS,6.6.2,5001-10000 ms,19
2026-06-04,DOCUMENTS_LIST,IOS,6.7.0,5001-10000 ms,1022
2026-06-04,ISSUERS_LIST,IOS,6.7.0,5001-10000 ms,497
2026-06-04,NOTIFICATIONS_LIST,IOS,6.7.0,5001-10000 ms,801
2026-06-04,ISSUED_DOCUMENT_EVIDENCE,IOS,6.7.0,5001-10000 ms,3187
2026-06-04,DOCUMENT_SELECTION_ISSUED_LIST,IOS,6.7.0,5001-10000 ms,4
2026-06-04,DOCUMENTS_LIST,IOS,6.5.0,5001-10000 ms,9
2026-06-04,ISSUED_DOCUMENT_DETAILS,IOS,6.6.1,5001-10000 ms,1
2026-06-04,DOWNLOAD_DOCUMENT,IOS,6.7.0,5001-10000 ms,32
2026-06-04,ISSUED_DOCUMENT_EVIDENCE,IOS,6.6.0,5001-10000 ms,1
2026-06-04,DOCUMENTS_LIST,IOS,6.6.0,5001-10000 ms,39
2026-06-04,DOCUMENTS_LIST,IOS,6.6.1,5001-10000 ms,7
2026-06-04,ACTIONABLE_NOTIFICATION_DETAILS,IOS,6.7.0,5001-10000 ms,4408
2026-06-04,DOWNLOAD_SELF_SIGN_DOCUMENT,IOS,6.7.0,5001-10000 ms,14
2026-06-04,ISSUED_DOCUMENT_DETAILS,IOS,6.5.0,5001-10000 ms,6
2026-06-04,QR_VERIFICATION,IOS,6.7.0,5001-10000 ms,64
2026-06-04,ISSUED_DOCUMENT_DETAILS,IOS,6.6.0,5001-10000 ms,5
2026-06-04,ISSUED_DOCUMENT_DETAILS,IOS,6.6.2,5001-10000 ms,6
2026-06-04,UPLOADED_DOCUMENT_EVIDENCE,IOS,6.7.0,501-1000 ms,514
2026-06-04,DOCUMENTS_LIST,IOS,6.6.1,501-1000 ms,146
2026-06-04,DOCUMENTS_LIST,IOS,6.5.0,501-1000 ms,583
2026-06-04,ISSUED_DOCUMENT_DETAILS,IOS,6.6.0,501-1000 ms,225
2026-06-04,DOWNLOAD_DOCUMENT,IOS,6.7.0,501-1000 ms,95
2026-06-04,NON_ACTIONABLE_NOTIFICATION_DETAILS,IOS,6.7.0,501-1000 ms,13043
2026-06-04,ISSUED_DOCUMENT_DETAILS,IOS,6.6.2,501-1000 ms,135
2026-06-04,ACTIONABLE_NOTIFICATION_DETAILS,IOS,6.7.0,501-1000 ms,1560
2026-06-04,ISSUED_DOCUMENT_DETAILS,IOS,6.5.0,501-1000 ms,131
2026-06-04,ISSUED_DOCUMENT_DETAILS,IOS,6.7.0,501-1000 ms,12289
2026-06-04,QR_VERIFICATION,IOS,6.7.0,501-1000 ms,2483
2026-06-04,ISSUED_DOCUMENT_EVIDENCE,IOS,6.5.0,501-1000 ms,2
2026-06-04,ISSUED_DOCUMENT_EVIDENCE,IOS,6.7.0,501-1000 ms,812
2026-06-04,DOWNLOAD_SELF_SIGN_DOCUMENT,IOS,6.7.0,501-1000 ms,96
2026-06-04,DOCUMENTS_LIST,IOS,6.6.2,501-1000 ms,562
2026-06-04,DOCUMENTS_LIST,IOS,6.6.0,501-1000 ms,963
2026-06-04,ISSUED_DOCUMENT_EVIDENCE,IOS,6.6.0,501-1000 ms,5
2026-06-04,ISSUERS_LIST,IOS,6.7.0,501-1000 ms,3169
2026-06-04,ISSUERS_LIST,IOS,6.7.1,501-1000 ms,1
2026-06-04,DOCUMENT_SELECTION_ISSUED_LIST,IOS,6.7.0,501-1000 ms,41
2026-06-04,SHARE_DOCUMENT,IOS,6.7.0,501-1000 ms,102
2026-06-04,ISSUED_DOCUMENT_DETAILS,IOS,6.6.1,501-1000 ms,35
2026-06-04,NOTIFICATIONS_LIST,IOS,6.7.0,501-1000 ms,26871
2026-06-04,DOCUMENTS_LIST,IOS,6.7.1,501-1000 ms,1
2026-06-04,ISSUED_DOCUMENT_EVIDENCE,IOS,6.6.2,501-1000 ms,5
2026-06-04,DOCUMENTS_LIST,IOS,6.7.0,501-1000 ms,38051
2026-06-04,ACTIONABLE_NOTIFICATION_DETAILS,IOS,6.7.0,< 0 ms,24
2026-06-04,ISSUED_DOCUMENT_EVIDENCE,IOS,6.6.2,= 0 ms,200
2026-06-04,ISSUED_DOCUMENT_EVIDENCE,IOS,6.7.0,= 0 ms,391
2026-06-04,ACTIONABLE_NOTIFICATION_DETAILS,IOS,6.7.0,= 0 ms,2420
2026-06-04,DOCUMENTS_LIST,IOS,6.6.2,= 0 ms,440
2026-06-04,ISSUED_DOCUMENT_DETAILS,IOS,6.6.2,= 0 ms,25
2026-06-04,NON_ACTIONABLE_NOTIFICATION_DETAILS,IOS,6.7.0,= 0 ms,30824
2026-06-04,ISSUED_DOCUMENT_EVIDENCE,IOS,6.5.0,= 0 ms,202
2026-06-04,ISSUED_DOCUMENT_DETAILS,IOS,6.6.1,= 0 ms,3
2026-06-04,UPLOADED_DOCUMENT_EVIDENCE,IOS,6.7.0,= 0 ms,160
2026-06-04,DOCUMENTS_LIST,IOS,6.6.0,= 0 ms,709
2026-06-04,ISSUED_DOCUMENT_EVIDENCE,IOS,6.6.1,= 0 ms,50
2026-06-04,ISSUED_DOCUMENT_DETAILS,IOS,6.6.0,= 0 ms,62
2026-06-04,DOCUMENT_SELECTION_ISSUED_LIST,IOS,6.7.0,= 0 ms,5
2026-06-04,DOCUMENT_SELECTION_UPLOADED_LIST,IOS,6.7.0,= 0 ms,5
2026-06-04,NOTIFICATIONS_LIST,IOS,6.7.0,= 0 ms,58565
2026-06-04,ISSUED_DOCUMENT_EVIDENCE,IOS,6.6.0,= 0 ms,379
2026-06-04,ISSUED_DOCUMENT_DETAILS,IOS,6.5.0,= 0 ms,33
2026-06-04,DOWNLOAD_DOCUMENT,IOS,6.7.0,= 0 ms,14
2026-06-04,DOCUMENTS_LIST,IOS,6.7.0,= 0 ms,34028
2026-06-04,ISSUED_DOCUMENT_DETAILS,IOS,6.7.0,= 0 ms,3578
2026-06-04,NOTIFICATIONS_LIST,IOS,6.7.1,= 0 ms,1
2026-06-04,DOCUMENTS_LIST,IOS,6.5.0,= 0 ms,427
2026-06-04,QR_VERIFICATION,IOS,6.7.0,= 0 ms,798
2026-06-04,DOWNLOAD_SELF_SIGN_DOCUMENT,IOS,6.7.0,= 0 ms,77
2026-06-04,DOCUMENTS_LIST,IOS,6.6.1,= 0 ms,104
2026-06-04,SHARE_DOCUMENT,IOS,6.7.0,= 0 ms,9
2026-06-04,ISSUERS_LIST,IOS,6.7.0,= 0 ms,3520
2026-05-27,QR_VERIFICATION,Java/1.8.0_352,OldApp,= 0 ms,145
2026-05-27,ISSUED_DOCUMENT_EVIDENCE,Java/1.8.0_352,OldApp,= 0 ms,433
2026-05-27,ACTIONABLE_NOTIFICATION_DETAILS,Java/1.8.0_352,OldApp,= 0 ms,26581
2026-05-27,DOWNLOAD_DOCUMENT,Java/1.8.0_352,OldApp,= 0 ms,7
2026-05-27,ISSUED_DOCUMENT_DETAILS,Java/1.8.0_352,OldApp,= 0 ms,3534
2026-05-28,ISSUED_DOCUMENT_EVIDENCE,Java/1.8.0_352,OldApp,= 0 ms,468
2026-05-28,ACTIONABLE_NOTIFICATION_DETAILS,Java/1.8.0_352,OldApp,= 0 ms,27704
2026-05-28,ISSUED_DOCUMENT_DETAILS,Java/1.8.0_352,OldApp,= 0 ms,3732
2026-05-28,SHARE_DOCUMENT,Java/1.8.0_352,OldApp,= 0 ms,1
2026-05-28,DOWNLOAD_DOCUMENT,Java/1.8.0_352,OldApp,= 0 ms,3
2026-05-28,QR_VERIFICATION,Java/1.8.0_352,OldApp,= 0 ms,156
2026-05-29,DOWNLOAD_DOCUMENT,Java/1.8.0_352,OldApp,= 0 ms,4
2026-05-29,ISSUED_DOCUMENT_EVIDENCE,Java/1.8.0_352,OldApp,= 0 ms,497
2026-05-29,QR_VERIFICATION,Java/1.8.0_352,OldApp,= 0 ms,193
2026-05-29,ACTIONABLE_NOTIFICATION_DETAILS,Java/1.8.0_352,OldApp,= 0 ms,29142
2026-05-29,ISSUED_DOCUMENT_DETAILS,Java/1.8.0_352,OldApp,= 0 ms,4508
2026-05-30,ISSUED_DOCUMENT_DETAILS,Java/1.8.0_352,OldApp,= 0 ms,5327
2026-05-30,ACTIONABLE_NOTIFICATION_DETAILS,Java/1.8.0_352,OldApp,= 0 ms,34202
2026-05-30,ISSUED_DOCUMENT_EVIDENCE,Java/1.8.0_352,OldApp,= 0 ms,611
2026-05-30,SHARE_DOCUMENT,Java/1.8.0_352,OldApp,= 0 ms,1
2026-05-30,QR_VERIFICATION,Java/1.8.0_352,OldApp,= 0 ms,217
2026-05-30,DOWNLOAD_DOCUMENT,Java/1.8.0_352,OldApp,= 0 ms,5
2026-05-31,ISSUED_DOCUMENT_EVIDENCE,Java/1.8.0_352,OldApp,= 0 ms,562
2026-05-31,SHARE_DOCUMENT,Java/1.8.0_352,OldApp,= 0 ms,2
2026-05-31,ISSUED_DOCUMENT_DETAILS,Java/1.8.0_352,OldApp,= 0 ms,5082
2026-05-31,DOWNLOAD_DOCUMENT,Java/1.8.0_352,OldApp,= 0 ms,4
2026-05-31,ACTIONABLE_NOTIFICATION_DETAILS,Java/1.8.0_352,OldApp,= 0 ms,32805
2026-05-31,QR_VERIFICATION,Java/1.8.0_352,OldApp,= 0 ms,195
2026-06-01,DOWNLOAD_DOCUMENT,Java/1.8.0_352,OldApp,= 0 ms,13
2026-06-01,ISSUED_DOCUMENT_EVIDENCE,Java/1.8.0_352,OldApp,= 0 ms,1045
2026-06-01,QR_VERIFICATION,Java/1.8.0_352,OldApp,= 0 ms,310
2026-06-01,ISSUED_DOCUMENT_DETAILS,Java/1.8.0_352,OldApp,= 0 ms,8450
2026-06-01,SHARE_DOCUMENT,Java/1.8.0_352,OldApp,= 0 ms,5
2026-06-01,ACTIONABLE_NOTIFICATION_DETAILS,Java/1.8.0_352,OldApp,= 0 ms,48393
2026-06-02,QR_VERIFICATION,Java/1.8.0_352,OldApp,= 0 ms,312
2026-06-02,DOWNLOAD_DOCUMENT,Java/1.8.0_352,OldApp,= 0 ms,14
2026-06-02,ISSUED_DOCUMENT_EVIDENCE,Java/1.8.0_352,OldApp,= 0 ms,1068
2026-06-02,SHARE_DOCUMENT,Java/1.8.0_352,OldApp,= 0 ms,12
2026-06-02,ACTIONABLE_NOTIFICATION_DETAILS,Java/1.8.0_352,OldApp,= 0 ms,45839
2026-06-02,ISSUED_DOCUMENT_DETAILS,Java/1.8.0_352,OldApp,= 0 ms,8218
2026-06-03,QR_VERIFICATION,Java/1.8.0_352,OldApp,= 0 ms,338
2026-06-03,ISSUED_DOCUMENT_DETAILS,Java/1.8.0_352,OldApp,= 0 ms,8635
2026-06-03,DOWNLOAD_DOCUMENT,Java/1.8.0_352,OldApp,= 0 ms,16
2026-06-03,ACTIONABLE_NOTIFICATION_DETAILS,Java/1.8.0_352,OldApp,= 0 ms,43593
2026-06-03,SHARE_DOCUMENT,Java/1.8.0_352,OldApp,= 0 ms,3
2026-06-03,ISSUED_DOCUMENT_EVIDENCE,Java/1.8.0_352,OldApp,= 0 ms,1171
2026-06-04,SHARE_DOCUMENT,Java/1.8.0_352,OldApp,= 0 ms,10
2026-06-04,DOWNLOAD_DOCUMENT,Java/1.8.0_352,OldApp,= 0 ms,9
2026-06-04,QR_VERIFICATION,Java/1.8.0_352,OldApp,= 0 ms,324
2026-06-04,ISSUED_DOCUMENT_EVIDENCE,Java/1.8.0_352,OldApp,= 0 ms,1036
2026-06-04,ISSUED_DOCUMENT_DETAILS,Java/1.8.0_352,OldApp,= 0 ms,8420
2026-06-04,ACTIONABLE_NOTIFICATION_DETAILS,Java/1.8.0_352,OldApp,= 0 ms,40534
